ISO-10303-21;
HEADER;
FILE_DESCRIPTION (( 'STEP AP214' ),
    '1' );
FILE_NAME ('Belt Pulley.STEP',
    '2026-04-23T06:44:03',
    ( '' ),
    ( '' ),
    'SwSTEP 2.0',
    'SolidWorks 2018',
    '' );
FILE_SCHEMA (( 'AUTOMOTIVE_DESIGN' ));
ENDSEC;

DATA;
#1 = MECHANICAL_DESIGN_GEOMETRIC_PRESENTATION_REPRESENTATION (  '', ( #4652 ), #3085 ) ;
#2 = COLOUR_RGB ( '',0.7921568627450980005, 0.8196078431372548767, 0.9333333333333333481 ) ;
#3 = DIRECTION ( 'NONE',  ( -0.000000000000000000, -0.000000000000000000, -1.000000000000000000 ) ) ;
#4 =( LENGTH_UNIT ( ) NAMED_UNIT ( * ) SI_UNIT ( .MILLI., .METRE. ) );
#5 = ORIENTED_EDGE ( 'NONE', *, *, #3273, .F. ) ;
#6 = CARTESIAN_POINT ( 'NONE',  ( 0.000000000000000000, -135.0000000000000000, 301.0000000000000568 ) ) ;
#7 = VERTEX_POINT ( 'NONE', #3624 ) ;
#8 = CARTESIAN_POINT ( 'NONE',  ( 470.5255302723741124, 89.61245815494616807, 280.0000000000000000 ) ) ;
#9 = VECTOR ( 'NONE', #2920, 1000.000000000000000 ) ;
#10 = FACE_OUTER_BOUND ( 'NONE', #2086, .T. ) ;
#11 = DIRECTION ( 'NONE',  ( -0.000000000000000000, -0.000000000000000000, -1.000000000000000000 ) ) ;
#12 = EDGE_LOOP ( 'NONE', ( #4341, #1345 ) ) ;
#13 = ADVANCED_FACE ( 'NONE', ( #1866 ), #4823, .F. ) ;
#14 = ORIENTED_EDGE ( 'NONE', *, *, #1916, .T. ) ;
#15 = ORIENTED_EDGE ( 'NONE', *, *, #3625, .F. ) ;
#16 = VECTOR ( 'NONE', #4361, 1000.000000000000000 ) ;
#17 = AXIS2_PLACEMENT_3D ( 'NONE', #1964, #2836, #4100 ) ;
#18 = COLOUR_RGB ( '',0.7921568627450980005, 0.8196078431372548767, 0.9333333333333333481 ) ;
#19 = CARTESIAN_POINT ( 'NONE',  ( 1500.000000000000000, 0.000000000000000000, -380.0000000000000000 ) ) ;
#20 = FACE_OUTER_BOUND ( 'NONE', #1268, .T. ) ;
#21 = CIRCLE ( 'NONE', #2327, 14.99999999999991118 ) ;
#22 = FACE_OUTER_BOUND ( 'NONE', #433, .T. ) ;
#23 = ORIENTED_EDGE ( 'NONE', *, *, #3206, .T. ) ;
#24 = SURFACE_SIDE_STYLE ('',( #3744 ) ) ;
#25 = DIRECTION ( 'NONE',  ( 0.000000000000000000, 0.000000000000000000, 1.000000000000000000 ) ) ;
#26 = ORIENTED_EDGE ( 'NONE', *, *, #5087, .T. ) ;
#27 = PLANE ( 'NONE',  #4592 ) ;
#28 = SURFACE_STYLE_FILL_AREA ( #3501 ) ;
#29 = CARTESIAN_POINT ( 'NONE',  ( 678.8941503029516298, -49.02021348074768525, -448.3351875541625304 ) ) ;
#30 = UNCERTAINTY_MEASURE_WITH_UNIT (LENGTH_MEASURE( 1.000000000000000082E-05 ), #2578, 'distance_accuracy_value', 'NONE');
#31 = CARTESIAN_POINT ( 'NONE',  ( 1540.807565298936424, 0.000000000000000000, -320.0000000000000000 ) ) ;
#32 = AXIS2_PLACEMENT_3D ( 'NONE', #1975, #2772, #3608 ) ;
#33 = COLOUR_RGB ( '',0.2509803921568627416, 0.2509803921568627416, 0.2509803921568627416 ) ;
#34 = DIRECTION ( 'NONE',  ( -0.000000000000000000, -1.000000000000000000, -0.000000000000000000 ) ) ;
#35 = LINE ( 'NONE', #4670, #4870 ) ;
#36 = VECTOR ( 'NONE', #4497, 1000.000000000000000 ) ;
#37 = EDGE_CURVE ( 'NONE', #4416, #5403, #712, .T. ) ;
#38 = ORIENTED_EDGE ( 'NONE', *, *, #430, .F. ) ;
#39 = CARTESIAN_POINT ( 'NONE',  ( 818.8953879297326921, 1.217749339177641439E-13, -448.3351875541625304 ) ) ;
#40 = ORIENTED_EDGE ( 'NONE', *, *, #5007, .F. ) ;
#41 = ORIENTED_EDGE ( 'NONE', *, *, #2280, .T. ) ;
#42 = CARTESIAN_POINT ( 'NONE',  ( 859.8430926701265662, 91.61245815494616807, -175.8942926348141498 ) ) ;
#43 = AXIS2_PLACEMENT_3D ( 'NONE', #610, #1034, #4047 ) ;
#44 = SURFACE_SIDE_STYLE ('',( #5009 ) ) ;
#45 = VERTEX_POINT ( 'NONE', #3647 ) ;
#46 = ORIENTED_EDGE ( 'NONE', *, *, #844, .T. ) ;
#47 = LINE ( 'NONE', #163, #4371 ) ;
#48 = ADVANCED_FACE ( 'NONE', ( #3236 ), #3174, .T. ) ;
#49 = SURFACE_STYLE_USAGE ( .BOTH. , #24 ) ;
#50 = VERTEX_POINT ( 'NONE', #1132 ) ;
#51 = DIRECTION ( 'NONE',  ( -0.000000000000000000, -0.000000000000000000, 1.000000000000000000 ) ) ;
#52 = CARTESIAN_POINT ( 'NONE',  ( 806.2118054896012609, -15.26077213197414650, -448.3351875541625304 ) ) ;
#53 = EDGE_CURVE ( 'NONE', #1589, #3709, #3302, .T. ) ;
#54 = DIRECTION ( 'NONE',  ( -1.000000000000000000, 1.936986095015764851E-15, 0.000000000000000000 ) ) ;
#55 = ORIENTED_EDGE ( 'NONE', *, *, #1286, .F. ) ;
#56 = LINE ( 'NONE', #601, #5491 ) ;
#57 = CARTESIAN_POINT ( 'NONE',  ( 0.000000000000000000, 0.000000000000000000, -300.0000000000000000 ) ) ;
#58 = DIRECTION ( 'NONE',  ( 0.000000000000000000, 0.000000000000000000, 1.000000000000000000 ) ) ;
#59 = DIRECTION ( 'NONE',  ( -0.000000000000000000, -0.000000000000000000, -1.000000000000000000 ) ) ;
#60 = LINE ( 'NONE', #908, #5110 ) ;
#61 = CARTESIAN_POINT ( 'NONE',  ( 0.000000000000000000, 0.000000000000000000, 280.0000000000000000 ) ) ;
#62 = PLANE ( 'NONE',  #5305 ) ;
#63 = SURFACE_STYLE_USAGE ( .BOTH. , #3959 ) ;
#64 = AXIS2_PLACEMENT_3D ( 'NONE', #3097, #58, #2646 ) ;
#65 = SURFACE_STYLE_FILL_AREA ( #4276 ) ;
#66 = CARTESIAN_POINT ( 'NONE',  ( 1461.353739672122629, 2.220446049250313081E-13, -380.0000000000000000 ) ) ;
#67 = EDGE_CURVE ( 'NONE', #1707, #2648, #5311, .T. ) ;
#68 = MANIFOLD_SOLID_BREP ( 'Boss-Extrude22', #4651 ) ;
#69 = CARTESIAN_POINT ( 'NONE',  ( 0.000000000000000000, 89.61245815494616807, 0.000000000000000000 ) ) ;
#70 = ADVANCED_FACE ( 'NONE', ( #5191 ), #4883, .F. ) ;
#71 = AXIS2_PLACEMENT_3D ( 'NONE', #1960, #2415, #1073 ) ;
#72 = VECTOR ( 'NONE', #4096, 1000.000000000000114 ) ;
#73 = SURFACE_SIDE_STYLE ('',( #1938 ) ) ;
#74 = PLANE ( 'NONE',  #4440 ) ;
#75 = EDGE_LOOP ( 'NONE', ( #4247, #5000 ) ) ;
#76 = COLOUR_RGB ( '',1.000000000000000000, 1.000000000000000000, 0.000000000000000000 ) ;
#77 = VECTOR ( 'NONE', #777, 1000.000000000000000 ) ;
#78 = AXIS2_PLACEMENT_3D ( 'NONE', #52, #3945, #2657 ) ;
#79 = VECTOR ( 'NONE', #4648, 1000.000000000000000 ) ;
#80 = ORIENTED_EDGE ( 'NONE', *, *, #3280, .T. ) ;
#81 = DIRECTION ( 'NONE',  ( 0.000000000000000000, 0.000000000000000000, 1.000000000000000000 ) ) ;
#82 =( LENGTH_UNIT ( ) NAMED_UNIT ( * ) SI_UNIT ( .MILLI., .METRE. ) );
#83 = VECTOR ( 'NONE', #1487, 1000.000000000000000 ) ;
#84 = DIRECTION ( 'NONE',  ( 0.000000000000000000, -0.000000000000000000, -1.000000000000000000 ) ) ;
#85 = ORIENTED_EDGE ( 'NONE', *, *, #1643, .T. ) ;
#86 = CARTESIAN_POINT ( 'NONE',  ( 1540.807565298936424, -49.02021348074790552, -300.0000000000000000 ) ) ;
#87 = EDGE_LOOP ( 'NONE', ( #2019, #2397, #3053, #4916, #827 ) ) ;
#88 =( NAMED_UNIT ( * ) SI_UNIT ( $, .STERADIAN. ) SOLID_ANGLE_UNIT ( ) );
#89 = FILL_AREA_STYLE_COLOUR ( '', #933 ) ;
#90 = ORIENTED_EDGE ( 'NONE', *, *, #5231, .F. ) ;
#91 = STYLED_ITEM ( 'NONE', ( #2659 ), #808 ) ;
#92 = CARTESIAN_POINT ( 'NONE',  ( 818.8953879297326921, -49.02021348074790552, -448.3351875541625304 ) ) ;
#93 = PLANE ( 'NONE',  #3121 ) ;
#94 = PRODUCT ( 'Belt Pulley', 'Belt Pulley', '', ( #2748 ) ) ;
#95 = PRESENTATION_LAYER_ASSIGNMENT (  '', '', ( #3617 ) ) ;
#96 = ADVANCED_FACE ( 'NONE', ( #1668 ), #4070, .F. ) ;
#97 = UNCERTAINTY_MEASURE_WITH_UNIT (LENGTH_MEASURE( 1.000000000000000082E-05 ), #4654, 'distance_accuracy_value', 'NONE');
#98 = DIRECTION ( 'NONE',  ( 0.000000000000000000, -1.000000000000000000, 0.000000000000000000 ) ) ;
#99 = CARTESIAN_POINT ( 'NONE',  ( -135.0000000000000000, 0.000000000000000000, -301.0000000000000568 ) ) ;
#100 = EDGE_CURVE ( 'NONE', #2727, #4965, #5185, .T. ) ;
#101 =( NAMED_UNIT ( * ) SI_UNIT ( $, .STERADIAN. ) SOLID_ANGLE_UNIT ( ) );
#102 = CARTESIAN_POINT ( 'NONE',  ( 0.000000000000000000, 0.000000000000000000, -280.0000000000000000 ) ) ;
#103 = PRESENTATION_STYLE_ASSIGNMENT (( #181 ) ) ;
#104 = AXIS2_PLACEMENT_3D ( 'NONE', #4584, #1225, #4217 ) ;
#105 = SURFACE_SIDE_STYLE ('',( #1336 ) ) ;
#106 = ORIENTED_EDGE ( 'NONE', *, *, #1269, .F. ) ;
#107 = EDGE_CURVE ( 'NONE', #5098, #3927, #919, .T. ) ;
#108 = EDGE_CURVE ( 'NONE', #515, #4775, #2417, .T. ) ;
#109 = AXIS2_PLACEMENT_3D ( 'NONE', #1171, #1620, #4571 ) ;
#110 = ORIENTED_EDGE ( 'NONE', *, *, #4824, .T. ) ;
#111 = DIRECTION ( 'NONE',  ( 0.000000000000000000, -1.000000000000000000, 0.000000000000000000 ) ) ;
#112 = PRESENTATION_LAYER_ASSIGNMENT (  '', '', ( #418 ) ) ;
#113 = CIRCLE ( 'NONE', #2365, 135.0000000000000000 ) ;
#114 = FILL_AREA_STYLE_COLOUR ( '', #1887 ) ;
#115 = FILL_AREA_STYLE ('',( #2709 ) ) ;
#116 = CIRCLE ( 'NONE', #1334, 30.00000000000002842 ) ;
#117 = CIRCLE ( 'NONE', #3096, 135.0000000000000000 ) ;
#118 = CARTESIAN_POINT ( 'NONE',  ( 0.000000000000000000, 0.000000000000000000, 450.0000000000000000 ) ) ;
#119 = DIRECTION ( 'NONE',  ( 0.000000000000000000, 0.000000000000000000, 1.000000000000000000 ) ) ;
#120 = FILL_AREA_STYLE_COLOUR ( '', #635 ) ;
#121 = AXIS2_PLACEMENT_3D ( 'NONE', #871, #3473, #424 ) ;
#122 = ADVANCED_FACE ( 'NONE', ( #4332 ), #3244, .T. ) ;
#123 = ORIENTED_EDGE ( 'NONE', *, *, #1116, .F. ) ;
#124 = FILL_AREA_STYLE_COLOUR ( '', #3179 ) ;
#125 = PRODUCT_DEFINITION_SHAPE ( 'NONE', 'NONE',  #3322 ) ;
#126 = DIRECTION ( 'NONE',  ( 2.127812435020657618E-15, 0.000000000000000000, -1.000000000000000000 ) ) ;
#127 = FACE_OUTER_BOUND ( 'NONE', #4679, .T. ) ;
#128 = VECTOR ( 'NONE', #1557, 1000.000000000000000 ) ;
#129 = CARTESIAN_POINT ( 'NONE',  ( 818.8953879297326921, -49.02021348074790552, -300.0000000000000000 ) ) ;
#130 = CARTESIAN_POINT ( 'NONE',  ( 859.8430926701264525, 91.61245815494616807, 123.7175590866630017 ) ) ;
#131 = AXIS2_PLACEMENT_3D ( 'NONE', #1796, #5174, #3944 ) ;
#132 = CARTESIAN_POINT ( 'NONE',  ( 691.5777327430830610, 2.883083876115375998E-13, 300.0000000000000000 ) ) ;
#133 = CARTESIAN_POINT ( 'NONE',  ( 1517.560188854146190, 19.24254134127662752, 380.0000000000000000 ) ) ;
#134 = VERTEX_POINT ( 'NONE', #2812 ) ;
#135 = EDGE_CURVE ( 'NONE', #3641, #5024, #4906, .T. ) ;
#136 = DIRECTION ( 'NONE',  ( 0.000000000000000000, 0.000000000000000000, 1.000000000000000000 ) ) ;
#137 = AXIS2_PLACEMENT_3D ( 'NONE', #2373, #509, #2814 ) ;
#138 = LINE ( 'NONE', #4134, #1680 ) ;
#139 =( NAMED_UNIT ( * ) SI_UNIT ( $, .STERADIAN. ) SOLID_ANGLE_UNIT ( ) );
#140 = ORIENTED_EDGE ( 'NONE', *, *, #4640, .F. ) ;
#141 = LINE ( 'NONE', #1864, #1547 ) ;
#142 = AXIS2_PLACEMENT_3D ( 'NONE', #3164, #3994, #987 ) ;
#143 = CARTESIAN_POINT ( 'NONE',  ( 470.5255302723741124, 74.99947420548846821, 280.0000000000000000 ) ) ;
#144 = LINE ( 'NONE', #2779, #1951 ) ;
#145 = ORIENTED_EDGE ( 'NONE', *, *, #1416, .F. ) ;
#146 = EDGE_CURVE ( 'NONE', #668, #1144, #2341, .T. ) ;
#147 = FACE_OUTER_BOUND ( 'NONE', #1497, .T. ) ;
#148 = CARTESIAN_POINT ( 'NONE',  ( 279.6301667379776745, 70.00000000000000000, 300.0000000000000000 ) ) ;
#149 = VERTEX_POINT ( 'NONE', #4901 ) ;
#150 = SURFACE_SIDE_STYLE ('',( #1551 ) ) ;
#151 = SURFACE_STYLE_FILL_AREA ( #1437 ) ;
#152 = EDGE_LOOP ( 'NONE', ( #4789, #5330, #4319, #902 ) ) ;
#153 = DIRECTION ( 'NONE',  ( 0.6740790871128988782, -0.7386591800803946617, 0.000000000000000000 ) ) ;
#154 = CLOSED_SHELL ( 'NONE', ( #829, #1586, #2598, #3756, #1365, #3532, #4681, #4599, #4523, #3811, #4969, #70 ) ) ;
#155 = AXIS2_PLACEMENT_3D ( 'NONE', #3162, #983, #2343 ) ;
#156 = FACE_OUTER_BOUND ( 'NONE', #1639, .T. ) ;
#157 = LINE ( 'NONE', #1078, #748 ) ;
#158 = MANIFOLD_SOLID_BREP ( 'Boss-Extrude17', #5351 ) ;
#159 =( NAMED_UNIT ( * ) PLANE_ANGLE_UNIT ( ) SI_UNIT ( $, .RADIAN. ) );
#160 = AXIS2_PLACEMENT_3D ( 'NONE', #2801, #1096, #5315 ) ;
#161 = ORIENTED_EDGE ( 'NONE', *, *, #797, .T. ) ;
#162 = VECTOR ( 'NONE', #1538, 1000.000000000000000 ) ;
#163 = CARTESIAN_POINT ( 'NONE',  ( 1500.000000000000000, 110.0000000000000000, 280.0000000000000000 ) ) ;
#164 = PLANE ( 'NONE',  #4301 ) ;
#165 = EDGE_CURVE ( 'NONE', #937, #3917, #2822, .T. ) ;
#166 = CARTESIAN_POINT ( 'NONE',  ( 691.5777327430830610, 2.883083876115375998E-13, -448.3351875541625304 ) ) ;
#167 = FACE_OUTER_BOUND ( 'NONE', #2190, .T. ) ;
#168 = MECHANICAL_DESIGN_GEOMETRIC_PRESENTATION_REPRESENTATION (  '', ( #5198 ), #1377 ) ;
#169 = CARTESIAN_POINT ( 'NONE',  ( 571.9891335774856316, 89.61245815494616807, -123.7175590866629449 ) ) ;
#170 = EDGE_CURVE ( 'NONE', #287, #5273, #4066, .T. ) ;
#171 = EDGE_CURVE ( 'NONE', #3135, #2525, #2977, .T. ) ;
#172 = AXIS2_PLACEMENT_3D ( 'NONE', #1261, #1708, #2625 ) ;
#173 =( NAMED_UNIT ( * ) PLANE_ANGLE_UNIT ( ) SI_UNIT ( $, .RADIAN. ) );
#174 = DIRECTION ( 'NONE',  ( 1.000000000000000000, 0.000000000000000000, 0.000000000000000000 ) ) ;
#175 = ORIENTED_EDGE ( 'NONE', *, *, #1812, .F. ) ;
#176 = AXIS2_PLACEMENT_3D ( 'NONE', #2350, #4418, #1455 ) ;
#177 = COLOUR_RGB ( '',1.000000000000000000, 1.000000000000000000, 0.000000000000000000 ) ;
#178 = PRESENTATION_STYLE_ASSIGNMENT (( #4329 ) ) ;
#179 = UNCERTAINTY_MEASURE_WITH_UNIT (LENGTH_MEASURE( 1.000000000000000082E-05 ), #2052, 'distance_accuracy_value', 'NONE');
#180 = DIRECTION ( 'NONE',  ( -1.000000000000000000, 0.000000000000000000, 0.000000000000000000 ) ) ;
#181 = SURFACE_STYLE_USAGE ( .BOTH. , #2780 ) ;
#182 = DIRECTION ( 'NONE',  ( 0.7386591800803946617, 0.6740790871128988782, 0.000000000000000000 ) ) ;
#183 = ORIENTED_EDGE ( 'NONE', *, *, #4245, .F. ) ;
#184 = SURFACE_SIDE_STYLE ('',( #2096 ) ) ;
#185 = DIRECTION ( 'NONE',  ( -1.000000000000000000, 0.000000000000000000, 0.000000000000000000 ) ) ;
#186 = CARTESIAN_POINT ( 'NONE',  ( 1220.369833262022212, 70.00000000000000000, -300.0000000000000000 ) ) ;
#187 = ORIENTED_EDGE ( 'NONE', *, *, #4624, .F. ) ;
#188 = AXIS2_PLACEMENT_3D ( 'NONE', #61, #3087, #3498 ) ;
#189 = COLOUR_RGB ( '',1.000000000000000000, 1.000000000000000000, 0.000000000000000000 ) ;
#190 = LINE ( 'NONE', #4758, #4987 ) ;
#191 = EDGE_CURVE ( 'NONE', #1774, #3570, #5118, .T. ) ;
#192 = FACE_OUTER_BOUND ( 'NONE', #3963, .T. ) ;
#193 = DIRECTION ( 'NONE',  ( -0.7703400663434777362, -0.6376332662165034026, 0.000000000000000000 ) ) ;
#194 = DIRECTION ( 'NONE',  ( -0.000000000000000000, -0.000000000000000000, -1.000000000000000000 ) ) ;
#195 = STYLED_ITEM ( 'NONE', ( #3984 ), #3806 ) ;
#196 = DIRECTION ( 'NONE',  ( -0.7386591800803945507, -0.6740790871128988782, -0.000000000000000000 ) ) ;
#197 = ORIENTED_EDGE ( 'NONE', *, *, #4277, .F. ) ;
#198 =( LENGTH_UNIT ( ) NAMED_UNIT ( * ) SI_UNIT ( .MILLI., .METRE. ) );
#199 = VERTEX_POINT ( 'NONE', #326 ) ;
#200 = CARTESIAN_POINT ( 'NONE',  ( 1461.353739672122629, -49.02021348074790552, 380.0000000000000000 ) ) ;
#201 = DIRECTION ( 'NONE',  ( 0.000000000000000000, 0.000000000000000000, 1.000000000000000000 ) ) ;
#202 = FACE_OUTER_BOUND ( 'NONE', #1572, .T. ) ;
#203 = PLANE ( 'NONE',  #43 ) ;
#204 = ORIENTED_EDGE ( 'NONE', *, *, #1643, .F. ) ;
#205 = VECTOR ( 'NONE', #4261, 1000.000000000000114 ) ;
#206 = FACE_OUTER_BOUND ( 'NONE', #541, .T. ) ;
#207 = VECTOR ( 'NONE', #1913, 1000.000000000000000 ) ;
#208 = CARTESIAN_POINT ( 'NONE',  ( 1500.000000000000000, 0.000000000000000000, 300.0000000000000000 ) ) ;
#209 = VERTEX_POINT ( 'NONE', #5420 ) ;
#210 = CYLINDRICAL_SURFACE ( 'NONE', #1646, 30.00000000000002842 ) ;
#211 = STYLED_ITEM ( 'NONE', ( #1701 ), #512 ) ;
#212 = DIRECTION ( 'NONE',  ( 1.000000000000000000, 0.000000000000000000, 0.000000000000000000 ) ) ;
#213 = ORIENTED_EDGE ( 'NONE', *, *, #3625, .T. ) ;
#214 =( LENGTH_UNIT ( ) NAMED_UNIT ( * ) SI_UNIT ( .MILLI., .METRE. ) );
#215 = ORIENTED_EDGE ( 'NONE', *, *, #4673, .F. ) ;
#216 = MANIFOLD_SOLID_BREP ( 'Boss-Extrude20[2]', #4458 ) ;
#217 = FILL_AREA_STYLE ('',( #4024 ) ) ;
#218 = PLANE ( 'NONE',  #1012 ) ;
#219 = ORIENTED_EDGE ( 'NONE', *, *, #1611, .T. ) ;
#220 = FILL_AREA_STYLE ('',( #5371 ) ) ;
#221 =( LENGTH_UNIT ( ) NAMED_UNIT ( * ) SI_UNIT ( .MILLI., .METRE. ) );
#222 = DIRECTION ( 'NONE',  ( 0.000000000000000000, 0.000000000000000000, -1.000000000000000000 ) ) ;
#223 = STYLED_ITEM ( 'NONE', ( #3548 ), #2629 ) ;
#224 = DIRECTION ( 'NONE',  ( 0.000000000000000000, 1.000000000000000000, 0.000000000000000000 ) ) ;
#225 = DIRECTION ( 'NONE',  ( 0.000000000000000000, 0.000000000000000000, 1.000000000000000000 ) ) ;
#226 = CARTESIAN_POINT ( 'NONE',  ( 17.56018885414577468, 19.24254134127681581, 300.0000000000000000 ) ) ;
#227 = EDGE_CURVE ( 'NONE', #2364, #2090, #3108, .T. ) ;
#228 = EDGE_LOOP ( 'NONE', ( #3926, #5279, #1302, #5222 ) ) ;
#229 = CARTESIAN_POINT ( 'NONE',  ( 0.000000000000000000, -110.0000000000000000, -280.0000000000000000 ) ) ;
#230 = PRESENTATION_LAYER_ASSIGNMENT (  '', '', ( #5198 ) ) ;
#231 = FACE_OUTER_BOUND ( 'NONE', #963, .T. ) ;
#232 = FILL_AREA_STYLE ('',( #3284 ) ) ;
#233 = CARTESIAN_POINT ( 'NONE',  ( 859.8430926701265662, 89.61245815494616807, 175.8942926348142066 ) ) ;
#234 = CARTESIAN_POINT ( 'NONE',  ( 859.8430926701265662, 91.61245815494616807, -175.8942926348141498 ) ) ;
#235 = SURFACE_STYLE_FILL_AREA ( #539 ) ;
#236 = AXIS2_PLACEMENT_3D ( 'NONE', #2688, #153, #2272 ) ;
#237 = DIRECTION ( 'NONE',  ( -0.000000000000000000, -0.000000000000000000, 1.000000000000000000 ) ) ;
#238 = CARTESIAN_POINT ( 'NONE',  ( 1100.369833262022439, 70.00000000000000000, 300.0000000000000000 ) ) ;
#239 = FILL_AREA_STYLE_COLOUR ( '', #4727 ) ;
#240 = PRESENTATION_STYLE_ASSIGNMENT (( #1442 ) ) ;
#241 = SURFACE_STYLE_FILL_AREA ( #2716 ) ;
#242 = EDGE_CURVE ( 'NONE', #2896, #1935, #779, .T. ) ;
#243 = CARTESIAN_POINT ( 'NONE',  ( 1517.560188854146190, 19.24254134127678739, 320.0000000000000000 ) ) ;
#244 = CARTESIAN_POINT ( 'NONE',  ( 678.8941503029516298, 2.883083876115375998E-13, -448.3351875541625304 ) ) ;
#245 = UNCERTAINTY_MEASURE_WITH_UNIT (LENGTH_MEASURE( 1.000000000000000082E-05 ), #2754, 'distance_accuracy_value', 'NONE');
#246 = CIRCLE ( 'NONE', #4385, 30.00000000000002842 ) ;
#247 =( NAMED_UNIT ( * ) PLANE_ANGLE_UNIT ( ) SI_UNIT ( $, .RADIAN. ) );
#248 = CARTESIAN_POINT ( 'NONE',  ( 279.6301667379776745, 70.00000000000000000, 300.0000000000000000 ) ) ;
#249 = ORIENTED_EDGE ( 'NONE', *, *, #4168, .F. ) ;
#250 = ORIENTED_EDGE ( 'NONE', *, *, #3655, .F. ) ;
#251 = DIRECTION ( 'NONE',  ( -1.000000000000000000, 0.000000000000000000, 0.000000000000000000 ) ) ;
#252 =( LENGTH_UNIT ( ) NAMED_UNIT ( * ) SI_UNIT ( .MILLI., .METRE. ) );
#253 = PRESENTATION_LAYER_ASSIGNMENT (  '', '', ( #4200 ) ) ;
#254 = ORIENTED_EDGE ( 'NONE', *, *, #1123, .T. ) ;
#255 = SURFACE_SIDE_STYLE ('',( #5342 ) ) ;
#256 = ORIENTED_EDGE ( 'NONE', *, *, #4282, .F. ) ;
#257 = VERTEX_POINT ( 'NONE', #4535 ) ;
#258 = EDGE_CURVE ( 'NONE', #4251, #1922, #1662, .T. ) ;
#259 = FACE_OUTER_BOUND ( 'NONE', #1293, .T. ) ;
#260 = DIRECTION ( 'NONE',  ( -1.000000000000000000, -0.000000000000000000, -0.000000000000000000 ) ) ;
#261 = FACE_OUTER_BOUND ( 'NONE', #4959, .T. ) ;
#262 = DIRECTION ( 'NONE',  ( -1.000000000000000000, 1.936986095015764851E-15, 0.000000000000000000 ) ) ;
#263 = EDGE_LOOP ( 'NONE', ( #2941, #4548 ) ) ;
#264 = AXIS2_PLACEMENT_3D ( 'NONE', #1169, #1613, #756 ) ;
#265 = ORIENTED_EDGE ( 'NONE', *, *, #559, .T. ) ;
#266 = VECTOR ( 'NONE', #1761, 1000.000000000000000 ) ;
#267 = DIRECTION ( 'NONE',  ( -0.000000000000000000, 0.000000000000000000, -1.000000000000000000 ) ) ;
#268 = DIRECTION ( 'NONE',  ( -1.000000000000000000, 0.000000000000000000, -0.000000000000000000 ) ) ;
#269 = EDGE_CURVE ( 'NONE', #5074, #5385, #3678, .T. ) ;
#270 = VERTEX_POINT ( 'NONE', #5037 ) ;
#271 =( NAMED_UNIT ( * ) SI_UNIT ( $, .STERADIAN. ) SOLID_ANGLE_UNIT ( ) );
#272 = SURFACE_SIDE_STYLE ('',( #3808 ) ) ;
#273 = MECHANICAL_DESIGN_GEOMETRIC_PRESENTATION_REPRESENTATION (  '', ( #1893 ), #2889 ) ;
#274 = VERTEX_POINT ( 'NONE', #369 ) ;
#275 = EDGE_LOOP ( 'NONE', ( #603, #1625, #2304, #2388 ) ) ;
#276 = DIRECTION ( 'NONE',  ( 0.000000000000000000, -1.000000000000000000, 0.000000000000000000 ) ) ;
#277 = DIRECTION ( 'NONE',  ( 1.000000000000000000, 0.000000000000000000, 0.000000000000000000 ) ) ;
#278 = DIRECTION ( 'NONE',  ( 0.000000000000000000, 0.000000000000000000, 1.000000000000000000 ) ) ;
#279 = ADVANCED_FACE ( 'NONE', ( #4195 ), #2958, .F. ) ;
#280 =( NAMED_UNIT ( * ) PLANE_ANGLE_UNIT ( ) SI_UNIT ( $, .RADIAN. ) );
#281 = LINE ( 'NONE', #2462, #1153 ) ;
#282 = DIRECTION ( 'NONE',  ( 2.127812435020659195E-15, 0.000000000000000000, -1.000000000000000000 ) ) ;
#283 = AXIS2_PLACEMENT_3D ( 'NONE', #2398, #4888, #4905 ) ;
#284 = LINE ( 'NONE', #1606, #3594 ) ;
#285 = DIRECTION ( 'NONE',  ( -1.000000000000000000, 0.000000000000000000, 5.875149069929465970E-16 ) ) ;
#286 = CARTESIAN_POINT ( 'NONE',  ( 715.9415165299158161, 91.61245815494616807, -24.55957348493365089 ) ) ;
#287 = VERTEX_POINT ( 'NONE', #4144 ) ;
#288 = CIRCLE ( 'NONE', #3151, 100.0000000000000000 ) ;
#289 = EDGE_CURVE ( 'NONE', #3246, #2273, #4828, .T. ) ;
#290 = VERTEX_POINT ( 'NONE', #1577 ) ;
#291 = CARTESIAN_POINT ( 'NONE',  ( 1500.000000000000000, 0.000000000000000000, -330.0000000000000000 ) ) ;
#292 = ORIENTED_EDGE ( 'NONE', *, *, #1531, .F. ) ;
#293 = CARTESIAN_POINT ( 'NONE',  ( 715.9415165299158161, 91.61245815494616807, -24.55957348493365089 ) ) ;
#294 = ADVANCED_FACE ( 'NONE', ( #4633 ), #5480, .T. ) ;
#295 = STYLED_ITEM ( 'NONE', ( #3947 ), #2651 ) ;
#296 = DIRECTION ( 'NONE',  ( -1.000000000000000000, 0.000000000000000000, 0.000000000000000000 ) ) ;
#297 =( LENGTH_UNIT ( ) NAMED_UNIT ( * ) SI_UNIT ( .MILLI., .METRE. ) );
#298 = VERTEX_POINT ( 'NONE', #4674 ) ;
#299 = DIRECTION ( 'NONE',  ( 0.000000000000000000, 0.000000000000000000, 1.000000000000000000 ) ) ;
#300 = EDGE_CURVE ( 'NONE', #4565, #409, #3166, .T. ) ;
#301 = VECTOR ( 'NONE', #3592, 1000.000000000000000 ) ;
#302 = ORIENTED_EDGE ( 'NONE', *, *, #1888, .T. ) ;
#303 = PRESENTATION_LAYER_ASSIGNMENT (  '', '', ( #4491 ) ) ;
#304 = ADVANCED_FACE ( 'NONE', ( #1109 ), #3043, .F. ) ;
#305 = CARTESIAN_POINT ( 'NONE',  ( 1500.000000000000000, 0.000000000000000000, 301.0000000000000568 ) ) ;
#306 = VECTOR ( 'NONE', #3, 1000.000000000000000 ) ;
#307 = DIRECTION ( 'NONE',  ( 1.000000000000000000, 0.000000000000000000, 0.000000000000000000 ) ) ;
#308 = CARTESIAN_POINT ( 'NONE',  ( 907.0854269245697878, 91.61245815494616807, -175.8942926348141498 ) ) ;
#309 = ORIENTED_EDGE ( 'NONE', *, *, #4069, .T. ) ;
#310 = AXIS2_PLACEMENT_3D ( 'NONE', #3438, #3911, #5088 ) ;
#311 = SURFACE_STYLE_USAGE ( .BOTH. , #5465 ) ;
#312 =( NAMED_UNIT ( * ) SI_UNIT ( $, .STERADIAN. ) SOLID_ANGLE_UNIT ( ) );
#313 = CYLINDRICAL_SURFACE ( 'NONE', #2724, 135.0000000000000000 ) ;
#314 = ORIENTED_EDGE ( 'NONE', *, *, #4484, .F. ) ;
#315 = EDGE_CURVE ( 'NONE', #3709, #3704, #1483, .T. ) ;
#316 = PLANE ( 'NONE',  #2186 ) ;
#317 = CARTESIAN_POINT ( 'NONE',  ( 0.000000000000000000, 0.000000000000000000, -300.0000000000000000 ) ) ;
#318 = VECTOR ( 'NONE', #4465, 1000.000000000000227 ) ;
#319 = UNCERTAINTY_MEASURE_WITH_UNIT (LENGTH_MEASURE( 1.000000000000000082E-05 ), #4360, 'distance_accuracy_value', 'NONE');
#320 = VECTOR ( 'NONE', #4160, 1000.000000000000000 ) ;
#321 = FILL_AREA_STYLE ('',( #2473 ) ) ;
#322 = VECTOR ( 'NONE', #2971, 1000.000000000000000 ) ;
#323 = ORIENTED_EDGE ( 'NONE', *, *, #4624, .T. ) ;
#324 = PLANE ( 'NONE',  #1040 ) ;
#325 = DIRECTION ( 'NONE',  ( 0.000000000000000000, -1.000000000000000000, 0.000000000000000000 ) ) ;
#326 = CARTESIAN_POINT ( 'NONE',  ( 1400.000000000000000, 1.224646799147352901E-14, -300.0000000000000000 ) ) ;
#327 = ORIENTED_EDGE ( 'NONE', *, *, #4784, .T. ) ;
#328 = ORIENTED_EDGE ( 'NONE', *, *, #4381, .F. ) ;
#329 = LINE ( 'NONE', #872, #3698 ) ;
#330 = DIRECTION ( 'NONE',  ( -0.000000000000000000, -0.000000000000000000, -1.000000000000000000 ) ) ;
#331 = AXIS2_PLACEMENT_3D ( 'NONE', #815, #2626, #2549 ) ;
#332 = CARTESIAN_POINT ( 'NONE',  ( 818.8953879297326921, 1.217749339177641439E-13, 300.0000000000000000 ) ) ;
#333 =( NAMED_UNIT ( * ) PLANE_ANGLE_UNIT ( ) SI_UNIT ( $, .RADIAN. ) );
#334 = LINE ( 'NONE', #916, #3455 ) ;
#335 = ADVANCED_FACE ( 'NONE', ( #206 ), #3644, .T. ) ;
#336 = VERTEX_POINT ( 'NONE', #3873 ) ;
#337 = EDGE_CURVE ( 'NONE', #2099, #287, #1415, .T. ) ;
#338 = ORIENTED_EDGE ( 'NONE', *, *, #4101, .F. ) ;
#339 = DIRECTION ( 'NONE',  ( 0.000000000000000000, -1.000000000000000000, 0.000000000000000000 ) ) ;
#340 = ORIENTED_EDGE ( 'NONE', *, *, #2303, .T. ) ;
#341 = DIRECTION ( 'NONE',  ( 0.000000000000000000, 0.000000000000000000, 1.000000000000000000 ) ) ;
#342 = CIRCLE ( 'NONE', #5462, 16.00000000000001421 ) ;
#343 = MECHANICAL_DESIGN_GEOMETRIC_PRESENTATION_REPRESENTATION (  '', ( #1088 ), #3349 ) ;
#344 = PRESENTATION_STYLE_ASSIGNMENT (( #1744 ) ) ;
#345 = EDGE_LOOP ( 'NONE', ( #2894, #2952, #3447, #5364 ) ) ;
#346 = VERTEX_POINT ( 'NONE', #5138 ) ;
#347 = CARTESIAN_POINT ( 'NONE',  ( 907.0854269245697878, 91.61245815494616807, 175.8942926348142066 ) ) ;
#348 = DIRECTION ( 'NONE',  ( 0.000000000000000000, 0.000000000000000000, 1.000000000000000000 ) ) ;
#349 = ORIENTED_EDGE ( 'NONE', *, *, #838, .F. ) ;
#350 = VECTOR ( 'NONE', #1654, 1000.000000000000000 ) ;
#351 = VECTOR ( 'NONE', #3426, 1000.000000000000000 ) ;
#352 = AXIS2_PLACEMENT_3D ( 'NONE', #3928, #4325, #1780 ) ;
#353 = DIRECTION ( 'NONE',  ( -0.7703400663434765150, 0.6376332662165049570, 0.000000000000000000 ) ) ;
#354 = EDGE_LOOP ( 'NONE', ( #2647, #4161, #3931, #2926 ) ) ;
#355 = CLOSED_SHELL ( 'NONE', ( #3776, #1255, #2465, #5170, #3831, #3806 ) ) ;
#356 = CARTESIAN_POINT ( 'NONE',  ( 1500.000000000000000, 0.000000000000000000, 280.0000000000000000 ) ) ;
#357 = FACE_OUTER_BOUND ( 'NONE', #5427, .T. ) ;
#358 = UNCERTAINTY_MEASURE_WITH_UNIT (LENGTH_MEASURE( 1.000000000000000082E-05 ), #936, 'distance_accuracy_value', 'NONE');
#359 = CIRCLE ( 'NONE', #17, 26.05063588214328973 ) ;
#360 = ADVANCED_FACE ( 'NONE', ( #3979 ), #27, .F. ) ;
#361 = ORIENTED_EDGE ( 'NONE', *, *, #1486, .F. ) ;
#362 = VERTEX_POINT ( 'NONE', #4636 ) ;
#363 = CARTESIAN_POINT ( 'NONE',  ( 715.9415165299158161, 89.61245815494616807, -24.55957348493365089 ) ) ;
#364 = CARTESIAN_POINT ( 'NONE',  ( 429.6301667379777314, 70.00000000000000000, -300.0000000000000000 ) ) ;
#365 = ORIENTED_EDGE ( 'NONE', *, *, #108, .F. ) ;
#366 = ADVANCED_FACE ( 'NONE', ( #4864 ), #459, .F. ) ;
#367 = FILL_AREA_STYLE ('',( #852 ) ) ;
#368 = CARTESIAN_POINT ( 'NONE',  ( 1500.000000000000000, 0.000000000000000000, -450.0000000000000000 ) ) ;
#369 = CARTESIAN_POINT ( 'NONE',  ( 859.8430926701264525, 89.61245815494616807, 123.7175590866630017 ) ) ;
#370 =( GEOMETRIC_REPRESENTATION_CONTEXT ( 3 ) GLOBAL_UNCERTAINTY_ASSIGNED_CONTEXT ( ( #358 ) ) GLOBAL_UNIT_ASSIGNED_CONTEXT ( ( #936, #4739, #1751 ) ) REPRESENTATION_CONTEXT ( 'NONE', 'WORKASPACE' ) );
#371 = DIRECTION ( 'NONE',  ( 1.000000000000000000, 0.000000000000000000, 0.000000000000000000 ) ) ;
#372 = EDGE_CURVE ( 'NONE', #4164, #2135, #1212, .T. ) ;
#373 =( NAMED_UNIT ( * ) PLANE_ANGLE_UNIT ( ) SI_UNIT ( $, .RADIAN. ) );
#374 = ORIENTED_EDGE ( 'NONE', *, *, #3759, .F. ) ;
#375 = STYLED_ITEM ( 'NONE', ( #2402 ), #2928 ) ;
#376 = COLOUR_RGB ( '',0.7921568627450980005, 0.8196078431372548767, 0.9333333333333333481 ) ;
#377 = LINE ( 'NONE', #2246, #1988 ) ;
#378 =( NAMED_UNIT ( * ) SI_UNIT ( $, .STERADIAN. ) SOLID_ANGLE_UNIT ( ) );
#379 = EDGE_CURVE ( 'NONE', #270, #1135, #2735, .T. ) ;
#380 = CARTESIAN_POINT ( 'NONE',  ( 859.8430926701265662, 91.61245815494616807, -175.8942926348141498 ) ) ;
#381 = EDGE_CURVE ( 'NONE', #5285, #896, #1561, .T. ) ;
#382 = ORIENTED_EDGE ( 'NONE', *, *, #454, .T. ) ;
#383 = PRESENTATION_LAYER_ASSIGNMENT (  '', '', ( #1893 ) ) ;
#384 = FACE_OUTER_BOUND ( 'NONE', #12, .T. ) ;
#385 =( GEOMETRIC_REPRESENTATION_CONTEXT ( 3 ) GLOBAL_UNCERTAINTY_ASSIGNED_CONTEXT ( ( #245 ) ) GLOBAL_UNIT_ASSIGNED_CONTEXT ( ( #2754, #159, #3183 ) ) REPRESENTATION_CONTEXT ( 'NONE', 'WORKASPACE' ) );
#386 = ADVANCED_FACE ( 'NONE', ( #3912 ), #3323, .T. ) ;
#387 = VECTOR ( 'NONE', #3745, 1000.000000000000227 ) ;
#388 = FILL_AREA_STYLE_COLOUR ( '', #2339 ) ;
#389 = SURFACE_SIDE_STYLE ('',( #3967 ) ) ;
#390 = ORIENTED_EDGE ( 'NONE', *, *, #3172, .T. ) ;
#391 = PRESENTATION_STYLE_ASSIGNMENT (( #432 ) ) ;
#392 = ADVANCED_FACE ( 'NONE', ( #4800, #3196 ), #1314, .F. ) ;
#393 = SURFACE_STYLE_USAGE ( .BOTH. , #2029 ) ;
#394 =( GEOMETRIC_REPRESENTATION_CONTEXT ( 3 ) GLOBAL_UNCERTAINTY_ASSIGNED_CONTEXT ( ( #319 ) ) GLOBAL_UNIT_ASSIGNED_CONTEXT ( ( #4360, #3971, #101 ) ) REPRESENTATION_CONTEXT ( 'NONE', 'WORKASPACE' ) );
#395 = SURFACE_STYLE_FILL_AREA ( #4988 ) ;
#396 = DIRECTION ( 'NONE',  ( 0.000000000000000000, 0.000000000000000000, 1.000000000000000000 ) ) ;
#397 = ORIENTED_EDGE ( 'NONE', *, *, #3520, .F. ) ;
#398 = COLOUR_RGB ( '',1.000000000000000000, 1.000000000000000000, 0.000000000000000000 ) ;
#399 = CARTESIAN_POINT ( 'NONE',  ( 1515.000000000000000, 1.836970198721020123E-15, 450.0000000000000000 ) ) ;
#400 = CIRCLE ( 'NONE', #1861, 100.0000000000000853 ) ;
#401 = CARTESIAN_POINT ( 'NONE',  ( 459.6301667379777314, 70.00000000000000000, -300.0000000000000000 ) ) ;
#402 = CARTESIAN_POINT ( 'NONE',  ( 571.9891335774856316, 89.61245815494616807, 175.8942926348142066 ) ) ;
#403 = VECTOR ( 'NONE', #1332, 1000.000000000000000 ) ;
#404 = SURFACE_SIDE_STYLE ('',( #2336 ) ) ;
#405 = LINE ( 'NONE', #4574, #477 ) ;
#406 = ORIENTED_EDGE ( 'NONE', *, *, #1634, .F. ) ;
#407 = CARTESIAN_POINT ( 'NONE',  ( 806.2118054896012609, 1.217749339177641439E-13, -300.0000000000000000 ) ) ;
#408 = FILL_AREA_STYLE ('',( #1670 ) ) ;
#409 = VERTEX_POINT ( 'NONE', #2278 ) ;
#410 = PRESENTATION_LAYER_ASSIGNMENT (  '', '', ( #2674 ) ) ;
#411 = VECTOR ( 'NONE', #2685, 1000.000000000000000 ) ;
#412 = SURFACE_SIDE_STYLE ('',( #4799 ) ) ;
#413 = EDGE_LOOP ( 'NONE', ( #575, #604 ) ) ;
#414 = EDGE_CURVE ( 'NONE', #4191, #2871, #4879, .T. ) ;
#415 = SURFACE_STYLE_FILL_AREA ( #5502 ) ;
#416 = CARTESIAN_POINT ( 'NONE',  ( 1461.353739672122629, -49.02021348074790552, 380.0000000000000000 ) ) ;
#417 = ORIENTED_EDGE ( 'NONE', *, *, #3256, .F. ) ;
#418 = STYLED_ITEM ( 'NONE', ( #3260 ), #3922 ) ;
#419 = ORIENTED_EDGE ( 'NONE', *, *, #2877, .F. ) ;
#420 = VECTOR ( 'NONE', #1221, 1000.000000000000000 ) ;
#421 = ADVANCED_FACE ( 'NONE', ( #2739 ), #486, .F. ) ;
#422 = DIRECTION ( 'NONE',  ( 0.6740790871128977679, 0.7386591800803956609, 0.000000000000000000 ) ) ;
#423 = DIRECTION ( 'NONE',  ( -0.000000000000000000, -0.000000000000000000, 1.000000000000000000 ) ) ;
#424 = DIRECTION ( 'NONE',  ( 0.000000000000000000, 0.000000000000000000, -1.000000000000000000 ) ) ;
#425 = EDGE_LOOP ( 'NONE', ( #1233, #2718 ) ) ;
#426 = UNCERTAINTY_MEASURE_WITH_UNIT (LENGTH_MEASURE( 1.000000000000000082E-05 ), #5076, 'distance_accuracy_value', 'NONE');
#427 = FACE_OUTER_BOUND ( 'NONE', #2538, .T. ) ;
#428 = ORIENTED_EDGE ( 'NONE', *, *, #1921, .F. ) ;
#429 = CARTESIAN_POINT ( 'NONE',  ( 0.000000000000000000, 0.000000000000000000, 280.0000000000000000 ) ) ;
#430 = EDGE_CURVE ( 'NONE', #3919, #7, #4167, .T. ) ;
#431 = VECTOR ( 'NONE', #5354, 1000.000000000000000 ) ;
#432 = SURFACE_STYLE_USAGE ( .BOTH. , #73 ) ;
#433 = EDGE_LOOP ( 'NONE', ( #1878, #4239, #741, #876 ) ) ;
#434 = LINE ( 'NONE', #2337, #2474 ) ;
#435 = CARTESIAN_POINT ( 'NONE',  ( 0.000000000000000000, 0.000000000000000000, 320.0000000000000000 ) ) ;
#436 = AXIS2_PLACEMENT_3D ( 'NONE', #2476, #3676, #694 ) ;
#437 = ORIENTED_EDGE ( 'NONE', *, *, #5041, .F. ) ;
#438 = EDGE_LOOP ( 'NONE', ( #2064, #3368, #3527, #2379 ) ) ;
#439 = DIRECTION ( 'NONE',  ( -0.000000000000000000, 1.000000000000000000, -0.000000000000000000 ) ) ;
#440 = SURFACE_STYLE_USAGE ( .BOTH. , #3088 ) ;
#441 = CYLINDRICAL_SURFACE ( 'NONE', #2957, 135.0000000000000000 ) ;
#442 = ORIENTED_EDGE ( 'NONE', *, *, #650, .T. ) ;
#443 = SURFACE_STYLE_USAGE ( .BOTH. , #4328 ) ;
#444 = EDGE_CURVE ( 'NONE', #937, #4183, #2109, .T. ) ;
#445 = VECTOR ( 'NONE', #4308, 1000.000000000000000 ) ;
#446 = DIRECTION ( 'NONE',  ( 1.000000000000000000, 0.000000000000000000, 0.000000000000000000 ) ) ;
#447 = PRESENTATION_STYLE_ASSIGNMENT (( #2248 ) ) ;
#448 = ADVANCED_FACE ( 'NONE', ( #2680 ), #1778, .T. ) ;
#449 = AXIS2_PLACEMENT_3D ( 'NONE', #2116, #4614, #3391 ) ;
#450 = SURFACE_STYLE_FILL_AREA ( #5095 ) ;
#451 = EDGE_CURVE ( 'NONE', #5269, #4771, #3793, .T. ) ;
#452 = VECTOR ( 'NONE', #4711, 1000.000000000000000 ) ;
#453 = FILL_AREA_STYLE ('',( #4304 ) ) ;
#454 = EDGE_CURVE ( 'NONE', #4191, #2515, #3405, .T. ) ;
#455 = AXIS2_PLACEMENT_3D ( 'NONE', #4347, #1797, #2146 ) ;
#456 = PLANE ( 'NONE',  #1412 ) ;
#457 = DIRECTION ( 'NONE',  ( 0.000000000000000000, 0.000000000000000000, -1.000000000000000000 ) ) ;
#458 = CIRCLE ( 'NONE', #2307, 110.0000000000000000 ) ;
#459 = PLANE ( 'NONE',  #3964 ) ;
#460 = DIRECTION ( 'NONE',  ( -1.000000000000000000, 0.000000000000000000, 0.000000000000000000 ) ) ;
#461 = PRESENTATION_STYLE_ASSIGNMENT (( #2901 ) ) ;
#462 = PLANE ( 'NONE',  #3468 ) ;
#463 = UNCERTAINTY_MEASURE_WITH_UNIT (LENGTH_MEASURE( 1.000000000000000082E-05 ), #3089, 'distance_accuracy_value', 'NONE');
#464 = VECTOR ( 'NONE', #4904, 1000.000000000000000 ) ;
#465 = DIRECTION ( 'NONE',  ( 1.000000000000000000, 0.000000000000000000, -0.000000000000000000 ) ) ;
#466 = ORIENTED_EDGE ( 'NONE', *, *, #4152, .F. ) ;
#467 = FACE_OUTER_BOUND ( 'NONE', #4755, .T. ) ;
#468 = ORIENTED_EDGE ( 'NONE', *, *, #955, .T. ) ;
#469 = AXIS2_PLACEMENT_3D ( 'NONE', #630, #1061, #599 ) ;
#470 = VECTOR ( 'NONE', #4818, 1000.000000000000000 ) ;
#471 = DIRECTION ( 'NONE',  ( 1.000000000000000000, 0.000000000000000000, 0.000000000000000000 ) ) ;
#472 = MECHANICAL_DESIGN_GEOMETRIC_PRESENTATION_REPRESENTATION (  '', ( #4369 ), #2793 ) ;
#473 = DIRECTION ( 'NONE',  ( 0.000000000000000000, 0.000000000000000000, 1.000000000000000000 ) ) ;
#474 = ORIENTED_EDGE ( 'NONE', *, *, #1820, .F. ) ;
#475 = CARTESIAN_POINT ( 'NONE',  ( 806.2118054896012609, -49.02021348074790552, -448.3351875541625304 ) ) ;
#476 = ORIENTED_EDGE ( 'NONE', *, *, #689, .F. ) ;
#477 = VECTOR ( 'NONE', #4119, 1000.000000000000000 ) ;
#478 = VERTEX_POINT ( 'NONE', #3125 ) ;
#479 = LINE ( 'NONE', #1320, #4927 ) ;
#480 = ADVANCED_FACE ( 'NONE', ( #3081 ), #3270, .F. ) ;
#481 =( LENGTH_UNIT ( ) NAMED_UNIT ( * ) SI_UNIT ( .MILLI., .METRE. ) );
#482 = LINE ( 'NONE', #5048, #4861 ) ;
#483 = PLANE ( 'NONE',  #4017 ) ;
#484 = VERTEX_POINT ( 'NONE', #2240 ) ;
#485 = EDGE_CURVE ( 'NONE', #4140, #3078, #3146, .T. ) ;
#486 = PLANE ( 'NONE',  #3868 ) ;
#487 = VECTOR ( 'NONE', #3222, 1000.000000000000000 ) ;
#488 = CARTESIAN_POINT ( 'NONE',  ( 1540.807565298936424, 0.000000000000000000, 320.0000000000000000 ) ) ;
#489 = EDGE_LOOP ( 'NONE', ( #2911, #361, #5355, #3778 ) ) ;
#490 = DIRECTION ( 'NONE',  ( -0.9999999997119088935, -2.400379267199284695E-05, -0.000000000000000000 ) ) ;
#491 = ORIENTED_EDGE ( 'NONE', *, *, #1610, .F. ) ;
#492 = ORIENTED_EDGE ( 'NONE', *, *, #5041, .T. ) ;
#493 = DIRECTION ( 'NONE',  ( 0.000000000000000000, -0.000000000000000000, -1.000000000000000000 ) ) ;
#494 = LINE ( 'NONE', #5073, #3651 ) ;
#495 = EDGE_CURVE ( 'NONE', #3867, #2386, #677, .T. ) ;
#496 = PLANE ( 'NONE',  #310 ) ;
#497 = ORIENTED_EDGE ( 'NONE', *, *, #242, .T. ) ;
#498 =( GEOMETRIC_REPRESENTATION_CONTEXT ( 3 ) GLOBAL_UNCERTAINTY_ASSIGNED_CONTEXT ( ( #4453 ) ) GLOBAL_UNIT_ASSIGNED_CONTEXT ( ( #3542, #4042, #1337 ) ) REPRESENTATION_CONTEXT ( 'NONE', 'WORKASPACE' ) );
#499 = SURFACE_STYLE_USAGE ( .BOTH. , #44 ) ;
#500 = ORIENTED_EDGE ( 'NONE', *, *, #2616, .F. ) ;
#501 = ADVANCED_BREP_SHAPE_REPRESENTATION ( 'Belt Pulley', ( #2761, #2406, #5334, #2665, #2232, #3175, #4921, #798, #906, #3337, #3015, #4751, #1215, #158, #4683, #1805, #2323, #216, #1736, #4846, #623, #3976, #68, #4619 ), #5510 ) ;
#502 = CARTESIAN_POINT ( 'NONE',  ( 1461.353739672122629, 2.220446049250313081E-13, 380.0000000000000000 ) ) ;
#503 = DIRECTION ( 'NONE',  ( 0.7703400663434777362, -0.6376332662165034026, 0.000000000000000000 ) ) ;
#504 = EDGE_LOOP ( 'NONE', ( #760, #814, #1071, #4716 ) ) ;
#505 = AXIS2_PLACEMENT_3D ( 'NONE', #2671, #3171, #3583 ) ;
#506 = DIRECTION ( 'NONE',  ( -0.000000000000000000, 1.000000000000000000, 0.000000000000000000 ) ) ;
#507 = VECTOR ( 'NONE', #4425, 1000.000000000000000 ) ;
#508 =( NAMED_UNIT ( * ) PLANE_ANGLE_UNIT ( ) SI_UNIT ( $, .RADIAN. ) );
#509 = DIRECTION ( 'NONE',  ( -0.000000000000000000, -0.000000000000000000, -1.000000000000000000 ) ) ;
#510 = ORIENTED_EDGE ( 'NONE', *, *, #1446, .F. ) ;
#511 = ORIENTED_EDGE ( 'NONE', *, *, #3590, .F. ) ;
#512 = ADVANCED_FACE ( 'NONE', ( #1224 ), #1540, .F. ) ;
#513 = VECTOR ( 'NONE', #2122, 1000.000000000000000 ) ;
#514 =( LENGTH_UNIT ( ) NAMED_UNIT ( * ) SI_UNIT ( .MILLI., .METRE. ) );
#515 = VERTEX_POINT ( 'NONE', #1911 ) ;
#516 =( GEOMETRIC_REPRESENTATION_CONTEXT ( 3 ) GLOBAL_UNCERTAINTY_ASSIGNED_CONTEXT ( ( #3082 ) ) GLOBAL_UNIT_ASSIGNED_CONTEXT ( ( #1070, #247, #5366 ) ) REPRESENTATION_CONTEXT ( 'NONE', 'WORKASPACE' ) );
#517 = DIRECTION ( 'NONE',  ( 0.000000000000000000, 0.000000000000000000, 1.000000000000000000 ) ) ;
#518 = MECHANICAL_DESIGN_GEOMETRIC_PRESENTATION_REPRESENTATION (  '', ( #223 ), #1950 ) ;
#519 = VECTOR ( 'NONE', #582, 1000.000000000000000 ) ;
#520 = VECTOR ( 'NONE', #2219, 1000.000000000000114 ) ;
#521 = PLANE ( 'NONE',  #2571 ) ;
#522 = EDGE_CURVE ( 'NONE', #4495, #668, #359, .T. ) ;
#523 =( LENGTH_UNIT ( ) NAMED_UNIT ( * ) SI_UNIT ( .MILLI., .METRE. ) );
#524 = CARTESIAN_POINT ( 'NONE',  ( 818.8953879297326921, 1.217749339177641439E-13, -300.0000000000000000 ) ) ;
#525 = STYLED_ITEM ( 'NONE', ( #1499 ), #3343 ) ;
#526 = CARTESIAN_POINT ( 'NONE',  ( 859.8430926701265662, 91.61245815494616807, 175.8942926348142066 ) ) ;
#527 =( LENGTH_UNIT ( ) NAMED_UNIT ( * ) SI_UNIT ( .MILLI., .METRE. ) );
#528 = COLOUR_RGB ( '',1.000000000000000000, 1.000000000000000000, 0.000000000000000000 ) ;
#529 = EDGE_LOOP ( 'NONE', ( #4240, #1671, #183, #2917 ) ) ;
#530 = AXIS2_PLACEMENT_3D ( 'NONE', #3525, #934, #3952 ) ;
#531 = ADVANCED_FACE ( 'NONE', ( #5013 ), #2858, .F. ) ;
#532 = DIRECTION ( 'NONE',  ( 0.000000000000000000, -1.000000000000000000, 0.000000000000000000 ) ) ;
#533 = DIRECTION ( 'NONE',  ( -0.000000000000000000, -1.000000000000000000, -0.000000000000000000 ) ) ;
#534 = SURFACE_STYLE_USAGE ( .BOTH. , #4746 ) ;
#535 = LINE ( 'NONE', #1396, #864 ) ;
#536 = DIRECTION ( 'NONE',  ( -1.000000000000000000, 0.000000000000000000, -0.000000000000000000 ) ) ;
#537 = VERTEX_POINT ( 'NONE', #1983 ) ;
#538 = AXIS2_PLACEMENT_3D ( 'NONE', #2316, #5258, #2762 ) ;
#539 = FILL_AREA_STYLE ('',( #2678 ) ) ;
#540 =( NAMED_UNIT ( * ) SI_UNIT ( $, .STERADIAN. ) SOLID_ANGLE_UNIT ( ) );
#541 = EDGE_LOOP ( 'NONE', ( #2314, #596, #817, #1840 ) ) ;
#542 = ORIENTED_EDGE ( 'NONE', *, *, #2447, .T. ) ;
#543 = VECTOR ( 'NONE', #1115, 1000.000000000000227 ) ;
#544 = ORIENTED_EDGE ( 'NONE', *, *, #653, .T. ) ;
#545 = CARTESIAN_POINT ( 'NONE',  ( 763.1330439721397170, 91.61245815494616807, 24.55957348493370418 ) ) ;
#546 = ORIENTED_EDGE ( 'NONE', *, *, #3147, .F. ) ;
#547 = AXIS2_PLACEMENT_3D ( 'NONE', #2223, #929, #2701 ) ;
#548 = CARTESIAN_POINT ( 'NONE',  ( 1516.000000000000000, -1.959434878635755665E-15, -380.0000000000000000 ) ) ;
#549 = AXIS2_PLACEMENT_3D ( 'NONE', #42, #3057, #2230 ) ;
#550 = CARTESIAN_POINT ( 'NONE',  ( 907.0854269245697878, 91.61245815494616807, 123.7175590866630017 ) ) ;
#551 = DIRECTION ( 'NONE',  ( 0.000000000000000000, -0.000000000000000000, 1.000000000000000000 ) ) ;
#552 = EDGE_CURVE ( 'NONE', #2454, #1093, #2457, .T. ) ;
#553 = EDGE_LOOP ( 'NONE', ( #3835, #2736, #55, #3503 ) ) ;
#554 = PRESENTATION_LAYER_ASSIGNMENT (  '', '', ( #375 ) ) ;
#555 = VERTEX_POINT ( 'NONE', #5299 ) ;
#556 = DIRECTION ( 'NONE',  ( 1.000000000000000000, 0.000000000000000000, 0.000000000000000000 ) ) ;
#557 = VERTEX_POINT ( 'NONE', #2800 ) ;
#558 = EDGE_CURVE ( 'NONE', #4884, #1747, #157, .T. ) ;
#559 = EDGE_CURVE ( 'NONE', #2092, #3789, #5154, .T. ) ;
#560 = VECTOR ( 'NONE', #2750, 1000.000000000000000 ) ;
#561 =( LENGTH_UNIT ( ) NAMED_UNIT ( * ) SI_UNIT ( .MILLI., .METRE. ) );
#562 = MECHANICAL_DESIGN_GEOMETRIC_PRESENTATION_REPRESENTATION (  '', ( #3885 ), #1131 ) ;
#563 = ORIENTED_EDGE ( 'NONE', *, *, #3115, .T. ) ;
#564 = AXIS2_PLACEMENT_3D ( 'NONE', #1316, #3091, #4690 ) ;
#565 = CIRCLE ( 'NONE', #950, 26.05063588214331460 ) ;
#566 = CARTESIAN_POINT ( 'NONE',  ( 859.8430926701265662, 91.61245815494616807, -175.8942926348141498 ) ) ;
#567 = ORIENTED_EDGE ( 'NONE', *, *, #5388, .T. ) ;
#568 = CARTESIAN_POINT ( 'NONE',  ( 0.000000000000000000, 0.000000000000000000, 300.0000000000000000 ) ) ;
#569 = ORIENTED_EDGE ( 'NONE', *, *, #2985, .F. ) ;
#570 = FILL_AREA_STYLE_COLOUR ( '', #376 ) ;
#571 =( LENGTH_UNIT ( ) NAMED_UNIT ( * ) SI_UNIT ( .MILLI., .METRE. ) );
#572 = VECTOR ( 'NONE', #994, 1000.000000000000000 ) ;
#573 = STYLED_ITEM ( 'NONE', ( #2797 ), #531 ) ;
#574 = EDGE_LOOP ( 'NONE', ( #738, #1022, #3771, #4608 ) ) ;
#575 = ORIENTED_EDGE ( 'NONE', *, *, #3001, .T. ) ;
#576 = PLANE ( 'NONE',  #3432 ) ;
#577 = VECTOR ( 'NONE', #4802, 1000.000000000000000 ) ;
#578 = EDGE_CURVE ( 'NONE', #2866, #4321, #1898, .T. ) ;
#579 = VECTOR ( 'NONE', #5057, 1000.000000000000000 ) ;
#580 = LINE ( 'NONE', #5194, #1450 ) ;
#581 =( NAMED_UNIT ( * ) SI_UNIT ( $, .STERADIAN. ) SOLID_ANGLE_UNIT ( ) );
#582 = DIRECTION ( 'NONE',  ( -0.000000000000000000, -0.000000000000000000, -1.000000000000000000 ) ) ;
#583 = AXIS2_PLACEMENT_3D ( 'NONE', #1210, #857, #2999 ) ;
#584 = PLANE ( 'NONE',  #32 ) ;
#585 = VERTEX_POINT ( 'NONE', #4540 ) ;
#586 = EDGE_CURVE ( 'NONE', #2021, #4978, #607, .T. ) ;
#587 = DIRECTION ( 'NONE',  ( -0.000000000000000000, -0.000000000000000000, 1.000000000000000000 ) ) ;
#588 = VECTOR ( 'NONE', #4594, 1000.000000000000000 ) ;
#589 = UNCERTAINTY_MEASURE_WITH_UNIT (LENGTH_MEASURE( 1.000000000000000082E-05 ), #561, 'distance_accuracy_value', 'NONE');
#590 = AXIS2_PLACEMENT_3D ( 'NONE', #2333, #2740, #3205 ) ;
#591 = ORIENTED_EDGE ( 'NONE', *, *, #5130, .T. ) ;
#592 = PLANE ( 'NONE',  #109 ) ;
#593 = CARTESIAN_POINT ( 'NONE',  ( 619.2314678319289669, 89.61245815494616807, 123.7175590866630159 ) ) ;
#594 = EDGE_LOOP ( 'NONE', ( #2845, #2380, #3002, #4354, #743, #2129 ) ) ;
#595 = SURFACE_STYLE_FILL_AREA ( #3672 ) ;
#596 = ORIENTED_EDGE ( 'NONE', *, *, #943, .F. ) ;
#597 = FACE_OUTER_BOUND ( 'NONE', #263, .T. ) ;
#598 = DIRECTION ( 'NONE',  ( -0.000000000000000000, -0.000000000000000000, -1.000000000000000000 ) ) ;
#599 = DIRECTION ( 'NONE',  ( 0.000000000000000000, 0.000000000000000000, -1.000000000000000000 ) ) ;
#600 = EDGE_CURVE ( 'NONE', #4807, #685, #2935, .T. ) ;
#601 = CARTESIAN_POINT ( 'NONE',  ( 0.000000000000000000, -49.02021348074790552, 320.0000000000000000 ) ) ;
#602 = PRESENTATION_STYLE_ASSIGNMENT (( #4422 ) ) ;
#603 = ORIENTED_EDGE ( 'NONE', *, *, #2681, .F. ) ;
#604 = ORIENTED_EDGE ( 'NONE', *, *, #430, .T. ) ;
#605 =( NAMED_UNIT ( * ) PLANE_ANGLE_UNIT ( ) SI_UNIT ( $, .RADIAN. ) );
#606 = LINE ( 'NONE', #670, #1488 ) ;
#607 = LINE ( 'NONE', #200, #4547 ) ;
#608 = ORIENTED_EDGE ( 'NONE', *, *, #5288, .T. ) ;
#609 = FILL_AREA_STYLE_COLOUR ( '', #2020 ) ;
#610 = CARTESIAN_POINT ( 'NONE',  ( 0.000000000000000000, 74.99947420548846821, 0.000000000000000000 ) ) ;
#611 = VERTEX_POINT ( 'NONE', #5409 ) ;
#612 =( GEOMETRIC_REPRESENTATION_CONTEXT ( 3 ) GLOBAL_UNCERTAINTY_ASSIGNED_CONTEXT ( ( #1247 ) ) GLOBAL_UNIT_ASSIGNED_CONTEXT ( ( #2746, #4004, #4805 ) ) REPRESENTATION_CONTEXT ( 'NONE', 'WORKASPACE' ) );
#613 = EDGE_LOOP ( 'NONE', ( #5243, #3627, #3847, #302 ) ) ;
#614 = FACE_OUTER_BOUND ( 'NONE', #3462, .T. ) ;
#615 = DIRECTION ( 'NONE',  ( -1.000000000000000000, 0.000000000000000000, 0.000000000000000000 ) ) ;
#616 = FILL_AREA_STYLE ('',( #4834 ) ) ;
#617 = EDGE_CURVE ( 'NONE', #4695, #1219, #3589, .T. ) ;
#618 = CARTESIAN_POINT ( 'NONE',  ( 571.9891335774856316, 91.61245815494616807, 175.8942926348142066 ) ) ;
#619 = ORIENTED_EDGE ( 'NONE', *, *, #4710, .T. ) ;
#620 = UNCERTAINTY_MEASURE_WITH_UNIT (LENGTH_MEASURE( 1.000000000000000082E-05 ), #571, 'distance_accuracy_value', 'NONE');
#621 = DIRECTION ( 'NONE',  ( 0.000000000000000000, 0.000000000000000000, -1.000000000000000000 ) ) ;
#622 = ORIENTED_EDGE ( 'NONE', *, *, #559, .F. ) ;
#623 = MANIFOLD_SOLID_BREP ( 'Boss-Extrude20[5]', #5476 ) ;
#624 =( LENGTH_UNIT ( ) NAMED_UNIT ( * ) SI_UNIT ( .MILLI., .METRE. ) );
#625 = PRESENTATION_LAYER_ASSIGNMENT (  '', '', ( #3012 ) ) ;
#626 = DIRECTION ( 'NONE',  ( 1.000000000000000000, 0.000000000000000000, 0.000000000000000000 ) ) ;
#627 = VECTOR ( 'NONE', #2015, 1000.000000000000000 ) ;
#628 =( LENGTH_UNIT ( ) NAMED_UNIT ( * ) SI_UNIT ( .MILLI., .METRE. ) );
#629 = ORIENTED_EDGE ( 'NONE', *, *, #2493, .F. ) ;
#630 = CARTESIAN_POINT ( 'NONE',  ( 806.2118054896012609, 1.217749339177641439E-13, -448.3351875541625304 ) ) ;
#631 = EDGE_LOOP ( 'NONE', ( #1819, #1335, #3861, #4615 ) ) ;
#632 = AXIS2_PLACEMENT_3D ( 'NONE', #3492, #136, #465 ) ;
#633 = LINE ( 'NONE', #5015, #579 ) ;
#634 = CARTESIAN_POINT ( 'NONE',  ( 470.5255302723741124, 89.61245815494616807, 280.0000000000000000 ) ) ;
#635 = COLOUR_RGB ( '',0.7921568627450980005, 0.8196078431372548767, 0.9333333333333333481 ) ;
#636 = PRESENTATION_STYLE_ASSIGNMENT (( #2142 ) ) ;
#637 = CARTESIAN_POINT ( 'NONE',  ( 1540.807565298936424, 0.000000000000000000, -330.0000000000000000 ) ) ;
#638 = CARTESIAN_POINT ( 'NONE',  ( 907.0854269245697878, 91.61245815494616807, -123.7175590866629449 ) ) ;
#639 = FILL_AREA_STYLE_COLOUR ( '', #1130 ) ;
#640 = MECHANICAL_DESIGN_GEOMETRIC_PRESENTATION_REPRESENTATION (  '', ( #4200 ), #2286 ) ;
#641 = DIRECTION ( 'NONE',  ( 1.000000000000000000, 0.000000000000000000, 0.000000000000000000 ) ) ;
#642 = SURFACE_STYLE_USAGE ( .BOTH. , #4889 ) ;
#643 =( LENGTH_UNIT ( ) NAMED_UNIT ( * ) SI_UNIT ( .MILLI., .METRE. ) );
#644 = LINE ( 'NONE', #4979, #387 ) ;
#645 = EDGE_CURVE ( 'NONE', #4122, #1122, #4300, .T. ) ;
#646 =( LENGTH_UNIT ( ) NAMED_UNIT ( * ) SI_UNIT ( .MILLI., .METRE. ) );
#647 = DIRECTION ( 'NONE',  ( -1.000000000000000000, 0.000000000000000000, 0.000000000000000000 ) ) ;
#648 = DIRECTION ( 'NONE',  ( -0.000000000000000000, -1.000000000000000000, -0.000000000000000000 ) ) ;
#649 = SURFACE_STYLE_FILL_AREA ( #1195 ) ;
#650 = EDGE_CURVE ( 'NONE', #5089, #5357, #281, .T. ) ;
#651 = CYLINDRICAL_SURFACE ( 'NONE', #5284, 16.00000000000001421 ) ;
#652 = EDGE_LOOP ( 'NONE', ( #1788, #1546, #4216, #3908 ) ) ;
#653 = EDGE_CURVE ( 'NONE', #555, #2454, #3397, .T. ) ;
#654 = UNCERTAINTY_MEASURE_WITH_UNIT (LENGTH_MEASURE( 1.000000000000000082E-05 ), #3618, 'distance_accuracy_value', 'NONE');
#655 = VERTEX_POINT ( 'NONE', #3382 ) ;
#656 = CARTESIAN_POINT ( 'NONE',  ( 1461.353739672122629, 2.220446049250313081E-13, -330.0000000000000000 ) ) ;
#657 = VECTOR ( 'NONE', #4368, 1000.000000000000000 ) ;
#658 = PRESENTATION_LAYER_ASSIGNMENT (  '', '', ( #5133 ) ) ;
#659 = ORIENTED_EDGE ( 'NONE', *, *, #3459, .F. ) ;
#660 = STYLED_ITEM ( 'NONE', ( #4533 ), #3976 ) ;
#661 = DIRECTION ( 'NONE',  ( 0.000000000000000000, 0.000000000000000000, 1.000000000000000000 ) ) ;
#662 = CARTESIAN_POINT ( 'NONE',  ( 0.000000000000000000, -135.0000000000000000, -301.0000000000000568 ) ) ;
#663 = EDGE_LOOP ( 'NONE', ( #5275, #4402, #3092, #2490 ) ) ;
#664 = PLANE ( 'NONE',  #3014 ) ;
#665 = ORIENTED_EDGE ( 'NONE', *, *, #645, .F. ) ;
#666 = DIRECTION ( 'NONE',  ( 0.000000000000000000, 0.000000000000000000, 1.000000000000000000 ) ) ;
#667 = CARTESIAN_POINT ( 'NONE',  ( 907.0854269245697878, 89.61245815494616807, 175.8942926348142066 ) ) ;
#668 = VERTEX_POINT ( 'NONE', #3360 ) ;
#669 = VECTOR ( 'NONE', #1138, 1000.000000000000000 ) ;
#670 = CARTESIAN_POINT ( 'NONE',  ( 470.5255302723741124, 89.61245815494616807, -280.0000000000000000 ) ) ;
#671 = AXIS2_PLACEMENT_3D ( 'NONE', #1617, #4128, #2081 ) ;
#672 = DIRECTION ( 'NONE',  ( 0.000000000000000000, -0.000000000000000000, 1.000000000000000000 ) ) ;
#673 = DIRECTION ( 'NONE',  ( -1.000000000000000000, 0.000000000000000000, 0.000000000000000000 ) ) ;
#674 = EDGE_LOOP ( 'NONE', ( #2910, #4295, #4841, #3999 ) ) ;
#675 = CARTESIAN_POINT ( 'NONE',  ( 0.000000000000000000, 0.000000000000000000, 450.0000000000000000 ) ) ;
#676 = VECTOR ( 'NONE', #3710, 1000.000000000000000 ) ;
#677 = CIRCLE ( 'NONE', #4397, 135.0000000000000000 ) ;
#678 = DIRECTION ( 'NONE',  ( 1.000000000000000000, 0.000000000000000000, 0.000000000000000000 ) ) ;
#679 =( NAMED_UNIT ( * ) SI_UNIT ( $, .STERADIAN. ) SOLID_ANGLE_UNIT ( ) );
#680 = MECHANICAL_DESIGN_GEOMETRIC_PRESENTATION_REPRESENTATION (  '', ( #1773 ), #2061 ) ;
#681 = CLOSED_SHELL ( 'NONE', ( #48, #386, #2564, #13 ) ) ;
#682 = ORIENTED_EDGE ( 'NONE', *, *, #1523, .F. ) ;
#683 = FILL_AREA_STYLE_COLOUR ( '', #3659 ) ;
#684 = FILL_AREA_STYLE_COLOUR ( '', #2728 ) ;
#685 = VERTEX_POINT ( 'NONE', #5425 ) ;
#686 = CARTESIAN_POINT ( 'NONE',  ( 1190.369833262022212, 70.00000000000000000, 300.0000000000000000 ) ) ;
#687 = CARTESIAN_POINT ( 'NONE',  ( 38.64626032787765553, 0.000000000000000000, -320.0000000000000000 ) ) ;
#688 = LINE ( 'NONE', #991, #1713 ) ;
#689 = EDGE_CURVE ( 'NONE', #3155, #3632, #951, .T. ) ;
#690 = DIRECTION ( 'NONE',  ( -1.000000000000000000, -0.000000000000000000, -0.000000000000000000 ) ) ;
#691 = MECHANICAL_DESIGN_GEOMETRIC_PRESENTATION_REPRESENTATION (  '', ( #660 ), #2036 ) ;
#692 = SURFACE_STYLE_FILL_AREA ( #1901 ) ;
#693 = ADVANCED_FACE ( 'NONE', ( #1423 ), #2028, .T. ) ;
#694 = DIRECTION ( 'NONE',  ( 1.000000000000000000, 0.000000000000000000, 0.000000000000000000 ) ) ;
#695 = DIRECTION ( 'NONE',  ( 0.000000000000000000, 0.000000000000000000, 1.000000000000000000 ) ) ;
#696 = CYLINDRICAL_SURFACE ( 'NONE', #3067, 100.0000000000000000 ) ;
#697 = AXIS2_PLACEMENT_3D ( 'NONE', #3785, #3362, #4151 ) ;
#698 = VERTEX_POINT ( 'NONE', #2553 ) ;
#699 = EDGE_CURVE ( 'NONE', #4747, #1481, #4869, .T. ) ;
#700 = CARTESIAN_POINT ( 'NONE',  ( 0.000000000000000000, 0.000000000000000000, 301.0000000000000568 ) ) ;
#701 = CARTESIAN_POINT ( 'NONE',  ( 1482.439811145854264, 19.24254134127678739, -380.0000000000000000 ) ) ;
#702 =( LENGTH_UNIT ( ) NAMED_UNIT ( * ) SI_UNIT ( .MILLI., .METRE. ) );
#703 = ORIENTED_EDGE ( 'NONE', *, *, #3010, .T. ) ;
#704 = VECTOR ( 'NONE', #2956, 1000.000000000000000 ) ;
#705 = LINE ( 'NONE', #3031, #1995 ) ;
#706 = FILL_AREA_STYLE_COLOUR ( '', #3420 ) ;
#707 = ADVANCED_FACE ( 'NONE', ( #1217, #3259 ), #3722, .F. ) ;
#708 = CARTESIAN_POINT ( 'NONE',  ( 0.000000000000000000, 0.000000000000000000, -301.0000000000000568 ) ) ;
#709 = PRESENTATION_LAYER_ASSIGNMENT (  '', '', ( #91 ) ) ;
#710 = DIRECTION ( 'NONE',  ( -1.000000000000000000, -0.000000000000000000, -0.000000000000000000 ) ) ;
#711 = ORIENTED_EDGE ( 'NONE', *, *, #3381, .T. ) ;
#712 = CIRCLE ( 'NONE', #3538, 30.00000000000002842 ) ;
#713 = SURFACE_STYLE_FILL_AREA ( #4923 ) ;
#714 = CARTESIAN_POINT ( 'NONE',  ( 1540.807565298936424, 0.000000000000000000, -380.0000000000000000 ) ) ;
#715 = PRESENTATION_LAYER_ASSIGNMENT (  '', '', ( #4742 ) ) ;
#716 = DIRECTION ( 'NONE',  ( 1.000000000000000000, 0.000000000000000000, 0.000000000000000000 ) ) ;
#717 = ORIENTED_EDGE ( 'NONE', *, *, #4515, .F. ) ;
#718 = PLANE ( 'NONE',  #1082 ) ;
#719 = ORIENTED_EDGE ( 'NONE', *, *, #5500, .T. ) ;
#720 = LINE ( 'NONE', #2556, #2291 ) ;
#721 = ADVANCED_FACE ( 'NONE', ( #3200 ), #3747, .F. ) ;
#722 = EDGE_CURVE ( 'NONE', #5413, #2727, #2241, .T. ) ;
#723 = PLANE ( 'NONE',  #2620 ) ;
#724 = SURFACE_STYLE_USAGE ( .BOTH. , #3769 ) ;
#725 = ORIENTED_EDGE ( 'NONE', *, *, #3051, .T. ) ;
#726 = UNCERTAINTY_MEASURE_WITH_UNIT (LENGTH_MEASURE( 1.000000000000000082E-05 ), #4919, 'distance_accuracy_value', 'NONE');
#727 = AXIS2_PLACEMENT_3D ( 'NONE', #4067, #5340, #1100 ) ;
#728 = VERTEX_POINT ( 'NONE', #5084 ) ;
#729 = LINE ( 'NONE', #1851, #2298 ) ;
#730 = CARTESIAN_POINT ( 'NONE',  ( 1461.353739672122629, 2.220446049250313081E-13, 380.0000000000000000 ) ) ;
#731 = PRESENTATION_STYLE_ASSIGNMENT (( #2484 ) ) ;
#732 = EDGE_CURVE ( 'NONE', #1206, #555, #4935, .T. ) ;
#733 = EDGE_CURVE ( 'NONE', #1685, #5322, #2168, .T. ) ;
#734 = DIRECTION ( 'NONE',  ( 0.000000000000000000, 0.000000000000000000, 1.000000000000000000 ) ) ;
#735 = DIRECTION ( 'NONE',  ( 0.000000000000000000, 0.000000000000000000, 1.000000000000000000 ) ) ;
#736 = LINE ( 'NONE', #3648, #938 ) ;
#737 = PRESENTATION_LAYER_ASSIGNMENT (  '', '', ( #3918 ) ) ;
#738 = ORIENTED_EDGE ( 'NONE', *, *, #1994, .T. ) ;
#739 = PRESENTATION_LAYER_ASSIGNMENT (  '', '', ( #1498 ) ) ;
#740 = EDGE_LOOP ( 'NONE', ( #1045, #1923, #2009, #998 ) ) ;
#741 = ORIENTED_EDGE ( 'NONE', *, *, #3506, .T. ) ;
#742 = SURFACE_SIDE_STYLE ('',( #1895 ) ) ;
#743 = ORIENTED_EDGE ( 'NONE', *, *, #1587, .T. ) ;
#744 = ADVANCED_FACE ( 'NONE', ( #2368 ), #1885, .T. ) ;
#745 = LINE ( 'NONE', #730, #3325 ) ;
#746 = SURFACE_STYLE_USAGE ( .BOTH. , #3346 ) ;
#747 = DIRECTION ( 'NONE',  ( 0.000000000000000000, 0.000000000000000000, -1.000000000000000000 ) ) ;
#748 = VECTOR ( 'NONE', #1478, 1000.000000000000000 ) ;
#749 = AXIS2_PLACEMENT_3D ( 'NONE', #3484, #25, #3855 ) ;
#750 = ORIENTED_EDGE ( 'NONE', *, *, #2577, .T. ) ;
#751 = DIRECTION ( 'NONE',  ( -0.000000000000000000, -0.000000000000000000, 1.000000000000000000 ) ) ;
#752 = ORIENTED_EDGE ( 'NONE', *, *, #1921, .T. ) ;
#753 = PRESENTATION_LAYER_ASSIGNMENT (  '', '', ( #5493 ) ) ;
#754 = LINE ( 'NONE', #4567, #4234 ) ;
#755 = ADVANCED_FACE ( 'NONE', ( #1069 ), #877, .F. ) ;
#756 = DIRECTION ( 'NONE',  ( 1.000000000000000000, 0.000000000000000000, 0.000000000000000000 ) ) ;
#757 = DIRECTION ( 'NONE',  ( 1.000000000000000000, 0.000000000000000000, 0.000000000000000000 ) ) ;
#758 = FILL_AREA_STYLE_COLOUR ( '', #2575 ) ;
#759 = ORIENTED_EDGE ( 'NONE', *, *, #3759, .T. ) ;
#760 = ORIENTED_EDGE ( 'NONE', *, *, #5121, .F. ) ;
#761 = UNCERTAINTY_MEASURE_WITH_UNIT (LENGTH_MEASURE( 1.000000000000000082E-05 ), #252, 'distance_accuracy_value', 'NONE');
#762 =( NAMED_UNIT ( * ) SI_UNIT ( $, .STERADIAN. ) SOLID_ANGLE_UNIT ( ) );
#763 = PRESENTATION_LAYER_ASSIGNMENT (  '', '', ( #1990 ) ) ;
#764 = CARTESIAN_POINT ( 'NONE',  ( 619.2314678319289669, 91.61245815494616807, 123.7175590866630159 ) ) ;
#765 = FILL_AREA_STYLE_COLOUR ( '', #5417 ) ;
#766 = VERTEX_POINT ( 'NONE', #3461 ) ;
#767 = DIRECTION ( 'NONE',  ( 0.000000000000000000, 1.000000000000000000, 0.000000000000000000 ) ) ;
#768 = EDGE_CURVE ( 'NONE', #1673, #199, #3857, .T. ) ;
#769 = LINE ( 'NONE', #4463, #2325 ) ;
#770 = CARTESIAN_POINT ( 'NONE',  ( 429.6301667379777314, 70.00000000000000000, -300.0000000000000000 ) ) ;
#771 = ORIENTED_EDGE ( 'NONE', *, *, #3467, .F. ) ;
#772 = STYLED_ITEM ( 'NONE', ( #1556 ), #4149 ) ;
#773 = DIRECTION ( 'NONE',  ( 1.000000000000000000, 0.000000000000000000, 0.000000000000000000 ) ) ;
#774 = PRESENTATION_STYLE_ASSIGNMENT (( #4531 ) ) ;
#775 = COLOUR_RGB ( '',1.000000000000000000, 1.000000000000000000, 0.000000000000000000 ) ;
#776 = DIRECTION ( 'NONE',  ( -0.000000000000000000, -1.000000000000000000, -0.000000000000000000 ) ) ;
#777 = DIRECTION ( 'NONE',  ( 1.000000000000000000, 0.000000000000000000, 0.000000000000000000 ) ) ;
#778 = PRESENTATION_LAYER_ASSIGNMENT (  '', '', ( #2244 ) ) ;
#779 = CIRCLE ( 'NONE', #3888, 30.00000000000002842 ) ;
#780 = VECTOR ( 'NONE', #2607, 1000.000000000000000 ) ;
#781 = ADVANCED_FACE ( 'NONE', ( #4029 ), #3465, .T. ) ;
#782 = SURFACE_SIDE_STYLE ('',( #4917 ) ) ;
#783 = MECHANICAL_DESIGN_GEOMETRIC_PRESENTATION_REPRESENTATION (  '', ( #211 ), #1064 ) ;
#784 = CARTESIAN_POINT ( 'NONE',  ( 1461.353739672122629, -49.02021348074790552, 330.0000000000000000 ) ) ;
#785 = PRESENTATION_STYLE_ASSIGNMENT (( #1189 ) ) ;
#786 = VERTEX_POINT ( 'NONE', #2642 ) ;
#787 = CARTESIAN_POINT ( 'NONE',  ( 818.8953879297326921, 1.217749339177641439E-13, -448.3351875541625304 ) ) ;
#788 = DIRECTION ( 'NONE',  ( 0.000000000000000000, -1.000000000000000000, -0.000000000000000000 ) ) ;
#789 = LINE ( 'NONE', #2409, #4270 ) ;
#790 = EDGE_LOOP ( 'NONE', ( #3054, #3760, #5261, #2460 ) ) ;
#791 = DIRECTION ( 'NONE',  ( 0.000000000000000000, 1.000000000000000000, 0.000000000000000000 ) ) ;
#792 = ORIENTED_EDGE ( 'NONE', *, *, #4682, .F. ) ;
#793 = CARTESIAN_POINT ( 'NONE',  ( 1500.000000000000000, 0.000000000000000000, -380.0000000000000000 ) ) ;
#794 = AXIS2_PLACEMENT_3D ( 'NONE', #2126, #371, #1729 ) ;
#795 = CIRCLE ( 'NONE', #3531, 14.99999999999991118 ) ;
#796 = DIRECTION ( 'NONE',  ( 0.000000000000000000, 0.000000000000000000, 1.000000000000000000 ) ) ;
#797 = EDGE_CURVE ( 'NONE', #3383, #1285, #3642, .T. ) ;
#798 = MANIFOLD_SOLID_BREP ( 'Boss-Extrude7', #3159 ) ;
#799 = CARTESIAN_POINT ( 'NONE',  ( 1540.807565298936424, 0.000000000000000000, 380.0000000000000000 ) ) ;
#800 = FACE_OUTER_BOUND ( 'NONE', #3582, .T. ) ;
#801 = EDGE_LOOP ( 'NONE', ( #254, #374, #2306, #3862 ) ) ;
#802 = PRESENTATION_STYLE_ASSIGNMENT (( #4157 ) ) ;
#803 = STYLED_ITEM ( 'NONE', ( #4743 ), #3337 ) ;
#804 = COLOUR_RGB ( '',1.000000000000000000, 1.000000000000000000, 0.000000000000000000 ) ;
#805 = ORIENTED_EDGE ( 'NONE', *, *, #3906, .F. ) ;
#806 = ORIENTED_EDGE ( 'NONE', *, *, #4381, .T. ) ;
#807 = ORIENTED_EDGE ( 'NONE', *, *, #4851, .T. ) ;
#808 = ADVANCED_FACE ( 'NONE', ( #4665 ), #818, .F. ) ;
#809 = DIRECTION ( 'NONE',  ( -1.000000000000000000, 1.936986095015764851E-15, 0.000000000000000000 ) ) ;
#810 = DIRECTION ( 'NONE',  ( 0.000000000000000000, -0.000000000000000000, 1.000000000000000000 ) ) ;
#811 = ORIENTED_EDGE ( 'NONE', *, *, #617, .T. ) ;
#812 = VECTOR ( 'NONE', #2274, 1000.000000000000000 ) ;
#813 = AXIS2_PLACEMENT_3D ( 'NONE', #4868, #3650, #4887 ) ;
#814 = ORIENTED_EDGE ( 'NONE', *, *, #3848, .F. ) ;
#815 = CARTESIAN_POINT ( 'NONE',  ( 0.000000000000000000, 0.000000000000000000, -320.0000000000000000 ) ) ;
#816 = CARTESIAN_POINT ( 'NONE',  ( 1070.369833262022439, 70.00000000000000000, -300.0000000000000000 ) ) ;
#817 = ORIENTED_EDGE ( 'NONE', *, *, #451, .T. ) ;
#818 = PLANE ( 'NONE',  #632 ) ;
#819 = FACE_OUTER_BOUND ( 'NONE', #5096, .T. ) ;
#820 = VECTOR ( 'NONE', #869, 1000.000000000000000 ) ;
#821 = MECHANICAL_DESIGN_GEOMETRIC_PRESENTATION_REPRESENTATION (  '', ( #3786 ), #1388 ) ;
#822 = EDGE_LOOP ( 'NONE', ( #711, #2172, #1641, #3721 ) ) ;
#823 = CARTESIAN_POINT ( 'NONE',  ( 678.8941503029516298, -49.02021348074768525, 300.0000000000000000 ) ) ;
#824 = LINE ( 'NONE', #3666, #2795 ) ;
#825 = PRESENTATION_LAYER_ASSIGNMENT (  '', '', ( #5381 ) ) ;
#826 = ORIENTED_EDGE ( 'NONE', *, *, #2698, .F. ) ;
#827 = ORIENTED_EDGE ( 'NONE', *, *, #600, .F. ) ;
#828 = CARTESIAN_POINT ( 'NONE',  ( 1461.353739672122629, 2.220446049250313081E-13, 320.0000000000000000 ) ) ;
#829 = ADVANCED_FACE ( 'NONE', ( #2897 ), #2266, .F. ) ;
#830 = DIRECTION ( 'NONE',  ( -0.7703400663434777362, 0.6376332662165034026, 0.000000000000000000 ) ) ;
#831 = CARTESIAN_POINT ( 'NONE',  ( 619.2314678319288532, 91.61245815494616807, -175.8942926348141498 ) ) ;
#832 = AXIS2_PLACEMENT_3D ( 'NONE', #2770, #2360, #2805 ) ;
#833 = ORIENTED_EDGE ( 'NONE', *, *, #2877, .T. ) ;
#834 = UNCERTAINTY_MEASURE_WITH_UNIT (LENGTH_MEASURE( 1.000000000000000082E-05 ), #4466, 'distance_accuracy_value', 'NONE');
#835 = CARTESIAN_POINT ( 'NONE',  ( 1540.807565298936424, 0.000000000000000000, -380.0000000000000000 ) ) ;
#836 = PRESENTATION_STYLE_ASSIGNMENT (( #4441 ) ) ;
#837 = CARTESIAN_POINT ( 'NONE',  ( 1461.353739672122629, -49.02021348074790552, 380.0000000000000000 ) ) ;
#838 = EDGE_CURVE ( 'NONE', #896, #409, #2573, .T. ) ;
#839 =( LENGTH_UNIT ( ) NAMED_UNIT ( * ) SI_UNIT ( .MILLI., .METRE. ) );
#840 = ORIENTED_EDGE ( 'NONE', *, *, #2643, .T. ) ;
#841 = ADVANCED_FACE ( 'NONE', ( #1525 ), #3149, .F. ) ;
#842 = PRESENTATION_STYLE_ASSIGNMENT (( #2757 ) ) ;
#843 = DIRECTION ( 'NONE',  ( -0.000000000000000000, -0.000000000000000000, 1.000000000000000000 ) ) ;
#844 = EDGE_CURVE ( 'NONE', #4416, #3927, #4696, .T. ) ;
#845 = CARTESIAN_POINT ( 'NONE',  ( 619.2314678319288532, 89.61245815494616807, -175.8942926348141498 ) ) ;
#846 = EDGE_CURVE ( 'NONE', #484, #1473, #580, .T. ) ;
#847 = ORIENTED_EDGE ( 'NONE', *, *, #5233, .T. ) ;
#848 = CARTESIAN_POINT ( 'NONE',  ( -135.0000000000000000, 0.000000000000000000, -280.0000000000000000 ) ) ;
#849 = STYLED_ITEM ( 'NONE', ( #447 ), #501 ) ;
#850 = VECTOR ( 'NONE', #5240, 1000.000000000000000 ) ;
#851 = AXIS2_PLACEMENT_3D ( 'NONE', #1009, #4483, #1940 ) ;
#852 = FILL_AREA_STYLE_COLOUR ( '', #1368 ) ;
#853 = DIRECTION ( 'NONE',  ( -0.000000000000000000, -0.000000000000000000, 1.000000000000000000 ) ) ;
#854 = VECTOR ( 'NONE', #1257, 1000.000000000000000 ) ;
#855 = CARTESIAN_POINT ( 'NONE',  ( 0.000000000000000000, 0.000000000000000000, 300.0000000000000000 ) ) ;
#856 = VECTOR ( 'NONE', #3477, 1000.000000000000000 ) ;
#857 = DIRECTION ( 'NONE',  ( 0.000000000000000000, 0.000000000000000000, 1.000000000000000000 ) ) ;
#858 = EDGE_LOOP ( 'NONE', ( #5251, #4859, #5482, #3177 ) ) ;
#859 = FACE_OUTER_BOUND ( 'NONE', #2923, .T. ) ;
#860 = DIRECTION ( 'NONE',  ( 0.000000000000000000, 0.000000000000000000, 1.000000000000000000 ) ) ;
#861 = VECTOR ( 'NONE', #2489, 1000.000000000000000 ) ;
#862 = CARTESIAN_POINT ( 'NONE',  ( 0.000000000000000000, 110.0000000000000000, -280.0000000000000000 ) ) ;
#863 = ORIENTED_EDGE ( 'NONE', *, *, #2318, .T. ) ;
#864 = VECTOR ( 'NONE', #4334, 1000.000000000000114 ) ;
#865 = VERTEX_POINT ( 'NONE', #4314 ) ;
#866 = LINE ( 'NONE', #4283, #4527 ) ;
#867 = ADVANCED_FACE ( 'NONE', ( #2068 ), #1765, .T. ) ;
#868 = ORIENTED_EDGE ( 'NONE', *, *, #3805, .T. ) ;
#869 = DIRECTION ( 'NONE',  ( 0.000000000000000000, 0.000000000000000000, -1.000000000000000000 ) ) ;
#870 = LINE ( 'NONE', #2006, #5256 ) ;
#871 = CARTESIAN_POINT ( 'NONE',  ( 0.000000000000000000, 89.61245815494616807, 0.000000000000000000 ) ) ;
#872 = CARTESIAN_POINT ( 'NONE',  ( 1540.807565298936424, 0.000000000000000000, -320.0000000000000000 ) ) ;
#873 = CARTESIAN_POINT ( 'NONE',  ( 0.000000000000000000, -135.0000000000000000, -301.0000000000000568 ) ) ;
#874 = DIRECTION ( 'NONE',  ( -1.000000000000000000, 0.000000000000000000, 0.000000000000000000 ) ) ;
#875 =( GEOMETRIC_REPRESENTATION_CONTEXT ( 3 ) GLOBAL_UNCERTAINTY_ASSIGNED_CONTEXT ( ( #3441 ) ) GLOBAL_UNIT_ASSIGNED_CONTEXT ( ( #5190, #1317, #5159 ) ) REPRESENTATION_CONTEXT ( 'NONE', 'WORKASPACE' ) );
#876 = ORIENTED_EDGE ( 'NONE', *, *, #3949, .T. ) ;
#877 = PLANE ( 'NONE',  #2706 ) ;
#878 = VERTEX_POINT ( 'NONE', #3505 ) ;
#879 = EDGE_CURVE ( 'NONE', #4942, #1589, #3820, .T. ) ;
#880 = CARTESIAN_POINT ( 'NONE',  ( 0.000000000000000000, 74.99947420548846821, -45.29195697192869829 ) ) ;
#881 =( GEOMETRIC_REPRESENTATION_CONTEXT ( 3 ) GLOBAL_UNCERTAINTY_ASSIGNED_CONTEXT ( ( #4706 ) ) GLOBAL_UNIT_ASSIGNED_CONTEXT ( ( #527, #4773, #139 ) ) REPRESENTATION_CONTEXT ( 'NONE', 'WORKASPACE' ) );
#882 = ORIENTED_EDGE ( 'NONE', *, *, #444, .F. ) ;
#883 = SURFACE_STYLE_USAGE ( .BOTH. , #2708 ) ;
#884 = VERTEX_POINT ( 'NONE', #5230 ) ;
#885 = SURFACE_STYLE_FILL_AREA ( #4686 ) ;
#886 = SURFACE_STYLE_FILL_AREA ( #4204 ) ;
#887 = PLANE ( 'NONE',  #5161 ) ;
#888 = CARTESIAN_POINT ( 'NONE',  ( 691.5777327430830610, -49.02021348074768525, -448.3351875541625304 ) ) ;
#889 = ORIENTED_EDGE ( 'NONE', *, *, #2410, .F. ) ;
#890 = ORIENTED_EDGE ( 'NONE', *, *, #1406, .F. ) ;
#891 = ORIENTED_EDGE ( 'NONE', *, *, #4284, .T. ) ;
#892 = DIRECTION ( 'NONE',  ( -0.000000000000000000, -0.000000000000000000, 1.000000000000000000 ) ) ;
#893 = FACE_OUTER_BOUND ( 'NONE', #3562, .T. ) ;
#894 = DIRECTION ( 'NONE',  ( -0.000000000000000000, -0.000000000000000000, -1.000000000000000000 ) ) ;
#895 = PLANE ( 'NONE',  #78 ) ;
#896 = VERTEX_POINT ( 'NONE', #3932 ) ;
#897 = DIRECTION ( 'NONE',  ( 0.000000000000000000, -1.000000000000000000, 0.000000000000000000 ) ) ;
#898 = EDGE_CURVE ( 'NONE', #4858, #2234, #1860, .T. ) ;
#899 = LINE ( 'NONE', #243, #5280 ) ;
#900 = ADVANCED_FACE ( 'NONE', ( #5182 ), #2976, .T. ) ;
#901 = DIRECTION ( 'NONE',  ( -1.000000000000000000, 0.000000000000000000, 0.000000000000000000 ) ) ;
#902 = ORIENTED_EDGE ( 'NONE', *, *, #5487, .T. ) ;
#903 = DIRECTION ( 'NONE',  ( 1.000000000000000000, 0.000000000000000000, 0.000000000000000000 ) ) ;
#904 = COLOUR_RGB ( '',0.9098039215686274384, 0.4431372549019607643, 0.03137254901960784270 ) ;
#905 = PRESENTATION_LAYER_ASSIGNMENT (  '', '', ( #3796 ) ) ;
#906 = MANIFOLD_SOLID_BREP ( 'Mirror6', #681 ) ;
#907 = PLANE ( 'NONE',  #3491 ) ;
#908 = CARTESIAN_POINT ( 'NONE',  ( 1503.120971213320217, 134.9639193958356884, 301.0000000000000568 ) ) ;
#909 =( NAMED_UNIT ( * ) PLANE_ANGLE_UNIT ( ) SI_UNIT ( $, .RADIAN. ) );
#910 = ORIENTED_EDGE ( 'NONE', *, *, #2523, .T. ) ;
#911 = CARTESIAN_POINT ( 'NONE',  ( 1070.369833262022439, 70.00000000000000000, -300.0000000000000000 ) ) ;
#912 = EDGE_CURVE ( 'NONE', #4978, #4675, #3753, .T. ) ;
#913 = VECTOR ( 'NONE', #2037, 1000.000000000000000 ) ;
#914 = PRESENTATION_LAYER_ASSIGNMENT (  '', '', ( #1303 ) ) ;
#915 = CARTESIAN_POINT ( 'NONE',  ( 1500.000000000000000, 0.000000000000000000, -300.0000000000000000 ) ) ;
#916 = CARTESIAN_POINT ( 'NONE',  ( 678.8941503029516298, 2.883083876115375998E-13, -300.0000000000000000 ) ) ;
#917 = MECHANICAL_DESIGN_GEOMETRIC_PRESENTATION_REPRESENTATION (  '', ( #3012 ), #1204 ) ;
#918 = AXIS2_PLACEMENT_3D ( 'NONE', #946, #119, #1350 ) ;
#919 = CIRCLE ( 'NONE', #2760, 30.00000000000002842 ) ;
#920 = ADVANCED_FACE ( 'NONE', ( #3292 ), #1448, .T. ) ;
#921 = CARTESIAN_POINT ( 'NONE',  ( 0.000000000000000000, -135.0000000000000000, 301.0000000000000568 ) ) ;
#922 = CARTESIAN_POINT ( 'NONE',  ( 1482.439811145854264, 19.24254134127678739, -300.0000000000000000 ) ) ;
#923 = FILL_AREA_STYLE_COLOUR ( '', #2604 ) ;
#924 = LINE ( 'NONE', #3439, #3120 ) ;
#925 = CARTESIAN_POINT ( 'NONE',  ( 619.2314678319288532, 91.61245815494616807, 175.8942926348141782 ) ) ;
#926 = SURFACE_SIDE_STYLE ('',( #3145 ) ) ;
#927 = DIRECTION ( 'NONE',  ( -1.000000000000000000, 0.000000000000000000, 0.000000000000000000 ) ) ;
#928 = LINE ( 'NONE', #5022, #1051 ) ;
#929 = DIRECTION ( 'NONE',  ( 0.000000000000000000, 0.000000000000000000, 1.000000000000000000 ) ) ;
#930 = AXIS2_PLACEMENT_3D ( 'NONE', #3472, #1777, #457 ) ;
#931 = VERTEX_POINT ( 'NONE', #1432 ) ;
#932 = VECTOR ( 'NONE', #5045, 1000.000000000000000 ) ;
#933 = COLOUR_RGB ( '',0.7921568627450980005, 0.8196078431372548767, 0.9333333333333333481 ) ;
#934 = DIRECTION ( 'NONE',  ( 0.000000000000000000, 0.000000000000000000, 1.000000000000000000 ) ) ;
#935 = MECHANICAL_DESIGN_GEOMETRIC_PRESENTATION_REPRESENTATION (  '', ( #3995 ), #3715 ) ;
#936 =( LENGTH_UNIT ( ) NAMED_UNIT ( * ) SI_UNIT ( .MILLI., .METRE. ) );
#937 = VERTEX_POINT ( 'NONE', #1013 ) ;
#938 = VECTOR ( 'NONE', #1787, 1000.000000000000000 ) ;
#939 = PRESENTATION_LAYER_ASSIGNMENT (  '', '', ( #4272 ) ) ;
#940 = VERTEX_POINT ( 'NONE', #1886 ) ;
#941 = DIRECTION ( 'NONE',  ( -0.000000000000000000, -0.000000000000000000, -1.000000000000000000 ) ) ;
#942 = CARTESIAN_POINT ( 'NONE',  ( 0.000000000000000000, 0.000000000000000000, -300.0000000000000000 ) ) ;
#943 = EDGE_CURVE ( 'NONE', #5269, #4495, #2472, .T. ) ;
#944 = CARTESIAN_POINT ( 'NONE',  ( 1500.000000000000000, 0.000000000000000000, -320.0000000000000000 ) ) ;
#945 = PRESENTATION_STYLE_ASSIGNMENT (( #4434 ) ) ;
#946 = CARTESIAN_POINT ( 'NONE',  ( 0.000000000000000000, 0.000000000000000000, -300.0000000000000000 ) ) ;
#947 = PRESENTATION_STYLE_ASSIGNMENT (( #3633 ) ) ;
#948 = ORIENTED_EDGE ( 'NONE', *, *, #1603, .T. ) ;
#949 = APPLICATION_PROTOCOL_DEFINITION ( 'draft international standard', 'automotive_design', 1998, #981 ) ;
#950 = AXIS2_PLACEMENT_3D ( 'NONE', #3658, #3257, #647 ) ;
#951 = LINE ( 'NONE', #3802, #669 ) ;
#952 =( NAMED_UNIT ( * ) SI_UNIT ( $, .STERADIAN. ) SOLID_ANGLE_UNIT ( ) );
#953 = EDGE_CURVE ( 'NONE', #766, #149, #2743, .T. ) ;
#954 = ADVANCED_FACE ( 'NONE', ( #427 ), #2811, .F. ) ;
#955 = EDGE_CURVE ( 'NONE', #4942, #257, #4309, .T. ) ;
#956 = VERTEX_POINT ( 'NONE', #4020 ) ;
#957 = VERTEX_POINT ( 'NONE', #4445 ) ;
#958 = DIRECTION ( 'NONE',  ( -1.000000000000000000, 0.000000000000000000, 0.000000000000000000 ) ) ;
#959 = VERTEX_POINT ( 'NONE', #1905 ) ;
#960 = SURFACE_STYLE_FILL_AREA ( #2513 ) ;
#961 = PRESENTATION_LAYER_ASSIGNMENT (  '', '', ( #772 ) ) ;
#962 = EDGE_LOOP ( 'NONE', ( #811, #2902, #4865, #2424 ) ) ;
#963 = EDGE_LOOP ( 'NONE', ( #4951, #1581, #1158, #2218 ) ) ;
#964 = DIRECTION ( 'NONE',  ( 1.000000000000000000, 0.000000000000000000, 0.000000000000000000 ) ) ;
#965 = CARTESIAN_POINT ( 'NONE',  ( 0.000000000000000000, 0.000000000000000000, -280.0000000000000000 ) ) ;
#966 = FILL_AREA_STYLE_COLOUR ( '', #2130 ) ;
#967 = COLOUR_RGB ( '',0.7921568627450980005, 0.8196078431372548767, 0.9333333333333333481 ) ;
#968 = MECHANICAL_DESIGN_GEOMETRIC_PRESENTATION_REPRESENTATION (  '', ( #4840 ), #1658 ) ;
#969 = EDGE_LOOP ( 'NONE', ( #1405, #474 ) ) ;
#970 = CARTESIAN_POINT ( 'NONE',  ( 806.2118054896012609, -15.26077213197414650, -300.0000000000000000 ) ) ;
#971 = ORIENTED_EDGE ( 'NONE', *, *, #4001, .T. ) ;
#972 = UNCERTAINTY_MEASURE_WITH_UNIT (LENGTH_MEASURE( 1.000000000000000082E-05 ), #4573, 'distance_accuracy_value', 'NONE');
#973 = CARTESIAN_POINT ( 'NONE',  ( 1500.000000000000000, -110.0000000000000000, 280.0000000000000000 ) ) ;
#974 = AXIS2_PLACEMENT_3D ( 'NONE', #2992, #5479, #773 ) ;
#975 = LINE ( 'NONE', #4878, #5298 ) ;
#976 = DIRECTION ( 'NONE',  ( 0.000000000000000000, 0.000000000000000000, -1.000000000000000000 ) ) ;
#977 =( LENGTH_UNIT ( ) NAMED_UNIT ( * ) SI_UNIT ( .MILLI., .METRE. ) );
#978 = PRESENTATION_LAYER_ASSIGNMENT (  '', '', ( #295 ) ) ;
#979 = FACE_OUTER_BOUND ( 'NONE', #2095, .T. ) ;
#980 = CARTESIAN_POINT ( 'NONE',  ( 1500.000000000000000, 0.000000000000000000, 330.0000000000000000 ) ) ;
#981 = APPLICATION_CONTEXT ( 'automotive_design' ) ;
#982 = EDGE_CURVE ( 'NONE', #270, #4122, #4439, .T. ) ;
#983 = DIRECTION ( 'NONE',  ( 0.000000000000000000, 0.000000000000000000, 1.000000000000000000 ) ) ;
#984 = PRESENTATION_STYLE_ASSIGNMENT (( #440 ) ) ;
#985 = MECHANICAL_DESIGN_GEOMETRIC_PRESENTATION_REPRESENTATION (  '', ( #5333 ), #5168 ) ;
#986 = FACE_OUTER_BOUND ( 'NONE', #3777, .T. ) ;
#987 = DIRECTION ( 'NONE',  ( 0.7703400663434777362, 0.6376332662165034026, 0.000000000000000000 ) ) ;
#988 = COLOUR_RGB ( '',0.7921568627450980005, 0.8196078431372548767, 0.9333333333333333481 ) ;
#989 = FILL_AREA_STYLE_COLOUR ( '', #2170 ) ;
#990 = VECTOR ( 'NONE', #2375, 1000.000000000000000 ) ;
#991 = CARTESIAN_POINT ( 'NONE',  ( 806.2118054896012609, -15.26077213197414650, -300.0000000000000000 ) ) ;
#992 = COLOUR_RGB ( '',0.7921568627450980005, 0.8196078431372548767, 0.9333333333333333481 ) ;
#993 = EDGE_CURVE ( 'NONE', #1589, #3591, #117, .T. ) ;
#994 = DIRECTION ( 'NONE',  ( -0.000000000000000000, -0.000000000000000000, -1.000000000000000000 ) ) ;
#995 = SURFACE_SIDE_STYLE ('',( #2978 ) ) ;
#996 = ORIENTED_EDGE ( 'NONE', *, *, #699, .T. ) ;
#997 = CYLINDRICAL_SURFACE ( 'NONE', #918, 100.0000000000000000 ) ;
#998 = ORIENTED_EDGE ( 'NONE', *, *, #1301, .T. ) ;
#999 = UNCERTAINTY_MEASURE_WITH_UNIT (LENGTH_MEASURE( 1.000000000000000082E-05 ), #977, 'distance_accuracy_value', 'NONE');
#1000 = COLOUR_RGB ( '',1.000000000000000000, 1.000000000000000000, 0.000000000000000000 ) ;
#1001 = VERTEX_POINT ( 'NONE', #169 ) ;
#1002 = FACE_OUTER_BOUND ( 'NONE', #4601, .T. ) ;
#1003 = VERTEX_POINT ( 'NONE', #3195 ) ;
#1004 = EDGE_LOOP ( 'NONE', ( #1477, #752, #5272, #2691 ) ) ;
#1005 = DIRECTION ( 'NONE',  ( 1.000000000000000000, 0.000000000000000000, 0.000000000000000000 ) ) ;
#1006 = ORIENTED_EDGE ( 'NONE', *, *, #170, .T. ) ;
#1007 = EDGE_CURVE ( 'NONE', #4884, #959, #5291, .T. ) ;
#1008 = EDGE_LOOP ( 'NONE', ( #3779, #1508, #1065, #4335 ) ) ;
#1009 = CARTESIAN_POINT ( 'NONE',  ( 17.56018885414567521, 19.24254134127670213, 320.0000000000000000 ) ) ;
#1010 = CIRCLE ( 'NONE', #449, 26.05063588214328973 ) ;
#1011 = CARTESIAN_POINT ( 'NONE',  ( 571.9891335774856316, 91.61245815494616807, 175.8942926348142066 ) ) ;
#1012 = AXIS2_PLACEMENT_3D ( 'NONE', #3245, #1495, #182 ) ;
#1013 = CARTESIAN_POINT ( 'NONE',  ( 0.000000000000000000, -110.0000000000000000, 280.0000000000000000 ) ) ;
#1014 = VERTEX_POINT ( 'NONE', #5242 ) ;
#1015 = EDGE_CURVE ( 'NONE', #3543, #1122, #56, .T. ) ;
#1016 = FACE_OUTER_BOUND ( 'NONE', #1852, .T. ) ;
#1017 = EDGE_CURVE ( 'NONE', #2648, #865, #769, .T. ) ;
#1018 = DIRECTION ( 'NONE',  ( -1.000000000000000000, -0.000000000000000000, -0.000000000000000000 ) ) ;
#1019 =( NAMED_UNIT ( * ) PLANE_ANGLE_UNIT ( ) SI_UNIT ( $, .RADIAN. ) );
#1020 = PLANE ( 'NONE',  #1826 ) ;
#1021 = AXIS2_PLACEMENT_3D ( 'NONE', #3837, #3435, #4259 ) ;
#1022 = ORIENTED_EDGE ( 'NONE', *, *, #2523, .F. ) ;
#1023 =( NAMED_UNIT ( * ) SI_UNIT ( $, .STERADIAN. ) SOLID_ANGLE_UNIT ( ) );
#1024 = DIRECTION ( 'NONE',  ( 1.000000000000000000, 0.000000000000000000, -0.000000000000000000 ) ) ;
#1025 = EDGE_LOOP ( 'NONE', ( #1047, #1821, #2147, #2267 ) ) ;
#1026 = CARTESIAN_POINT ( 'NONE',  ( 0.000000000000000000, 0.000000000000000000, -280.0000000000000000 ) ) ;
#1027 = LINE ( 'NONE', #1037, #2193 ) ;
#1028 = DIRECTION ( 'NONE',  ( -0.000000000000000000, 1.000000000000000000, -0.000000000000000000 ) ) ;
#1029 = AXIS2_PLACEMENT_3D ( 'NONE', #1375, #3948, #1353 ) ;
#1030 = DIRECTION ( 'NONE',  ( 0.000000000000000000, -1.000000000000000000, 0.000000000000000000 ) ) ;
#1031 = CARTESIAN_POINT ( 'NONE',  ( 1461.353739672122629, 2.220446049250313081E-13, -300.0000000000000000 ) ) ;
#1032 = VECTOR ( 'NONE', #4012, 1000.000000000000000 ) ;
#1033 = DIRECTION ( 'NONE',  ( -0.7703400663434777362, -0.6376332662165034026, 0.000000000000000000 ) ) ;
#1034 = DIRECTION ( 'NONE',  ( 0.000000000000000000, -1.000000000000000000, 0.000000000000000000 ) ) ;
#1035 = EDGE_CURVE ( 'NONE', #2099, #4958, #2631, .T. ) ;
#1036 = CYLINDRICAL_SURFACE ( 'NONE', #2477, 30.00000000000002842 ) ;
#1037 = CARTESIAN_POINT ( 'NONE',  ( -40.80756529893636753, 0.000000000000000000, -320.0000000000000000 ) ) ;
#1038 =( LENGTH_UNIT ( ) NAMED_UNIT ( * ) SI_UNIT ( .MILLI., .METRE. ) );
#1039 = FACE_OUTER_BOUND ( 'NONE', #1845, .T. ) ;
#1040 = AXIS2_PLACEMENT_3D ( 'NONE', #3775, #2160, #1683 ) ;
#1041 = ORIENTED_EDGE ( 'NONE', *, *, #1157, .T. ) ;
#1042 = EDGE_CURVE ( 'NONE', #4718, #555, #5172, .T. ) ;
#1043 = VECTOR ( 'NONE', #5443, 1000.000000000000000 ) ;
#1044 = CARTESIAN_POINT ( 'NONE',  ( 715.9415165299158161, 91.61245815494616807, 24.55957348493370418 ) ) ;
#1045 = ORIENTED_EDGE ( 'NONE', *, *, #1720, .T. ) ;
#1046 = DIRECTION ( 'NONE',  ( -0.000000000000000000, -0.000000000000000000, 1.000000000000000000 ) ) ;
#1047 = ORIENTED_EDGE ( 'NONE', *, *, #2215, .F. ) ;
#1048 = MECHANICAL_DESIGN_GEOMETRIC_PRESENTATION_REPRESENTATION (  '', ( #772 ), #1241 ) ;
#1049 = SURFACE_STYLE_USAGE ( .BOTH. , #3227 ) ;
#1050 = LINE ( 'NONE', #57, #3829 ) ;
#1051 = VECTOR ( 'NONE', #2587, 1000.000000000000000 ) ;
#1052 = CARTESIAN_POINT ( 'NONE',  ( 806.2118054896012609, -15.26077213197413229, -45.29195697192869829 ) ) ;
#1053 =( NAMED_UNIT ( * ) SI_UNIT ( $, .STERADIAN. ) SOLID_ANGLE_UNIT ( ) );
#1054 = VERTEX_POINT ( 'NONE', #5401 ) ;
#1055 = CARTESIAN_POINT ( 'NONE',  ( 1500.000000000000000, 0.000000000000000000, -280.0000000000000000 ) ) ;
#1056 = CARTESIAN_POINT ( 'NONE',  ( 1400.000000000000000, 1.224646799147353533E-14, -300.0000000000000000 ) ) ;
#1057 = EDGE_LOOP ( 'NONE', ( #2461, #1177, #2829, #1808 ) ) ;
#1058 = VECTOR ( 'NONE', #2312, 1000.000000000000000 ) ;
#1059 =( GEOMETRIC_REPRESENTATION_CONTEXT ( 3 ) GLOBAL_UNCERTAINTY_ASSIGNED_CONTEXT ( ( #1843 ) ) GLOBAL_UNIT_ASSIGNED_CONTEXT ( ( #82, #1428, #3103 ) ) REPRESENTATION_CONTEXT ( 'NONE', 'WORKASPACE' ) );
#1060 = DIRECTION ( 'NONE',  ( 1.000000000000000000, 0.000000000000000000, 0.000000000000000000 ) ) ;
#1061 = DIRECTION ( 'NONE',  ( 1.000000000000000000, 0.000000000000000000, 0.000000000000000000 ) ) ;
#1062 = EDGE_LOOP ( 'NONE', ( #5078, #2848, #4028, #5025 ) ) ;
#1063 = EDGE_LOOP ( 'NONE', ( #4496, #833, #5205, #882 ) ) ;
#1064 =( GEOMETRIC_REPRESENTATION_CONTEXT ( 3 ) GLOBAL_UNCERTAINTY_ASSIGNED_CONTEXT ( ( #4995 ) ) GLOBAL_UNIT_ASSIGNED_CONTEXT ( ( #3289, #3631, #1053 ) ) REPRESENTATION_CONTEXT ( 'NONE', 'WORKASPACE' ) );
#1065 = ORIENTED_EDGE ( 'NONE', *, *, #2719, .T. ) ;
#1066 = DIRECTION ( 'NONE',  ( -0.000000000000000000, -0.000000000000000000, 1.000000000000000000 ) ) ;
#1067 = UNCERTAINTY_MEASURE_WITH_UNIT (LENGTH_MEASURE( 1.000000000000000082E-05 ), #3049, 'distance_accuracy_value', 'NONE');
#1068 = COLOUR_RGB ( '',0.2509803921568627416, 0.2509803921568627416, 0.2509803921568627416 ) ;
#1069 = FACE_OUTER_BOUND ( 'NONE', #1408, .T. ) ;
#1070 =( LENGTH_UNIT ( ) NAMED_UNIT ( * ) SI_UNIT ( .MILLI., .METRE. ) );
#1071 = ORIENTED_EDGE ( 'NONE', *, *, #2532, .T. ) ;
#1072 = CIRCLE ( 'NONE', #3319, 16.00000000000001421 ) ;
#1073 = DIRECTION ( 'NONE',  ( -1.000000000000000000, 0.000000000000000000, 0.000000000000000000 ) ) ;
#1074 = SURFACE_SIDE_STYLE ('',( #1395 ) ) ;
#1075 = ORIENTED_EDGE ( 'NONE', *, *, #4710, .F. ) ;
#1076 = PRESENTATION_STYLE_ASSIGNMENT (( #1213 ) ) ;
#1077 = FACE_OUTER_BOUND ( 'NONE', #3825, .T. ) ;
#1078 = CARTESIAN_POINT ( 'NONE',  ( -17.56018885414601982, 19.24254134127659199, -320.0000000000000000 ) ) ;
#1079 = ORIENTED_EDGE ( 'NONE', *, *, #1301, .F. ) ;
#1080 = CARTESIAN_POINT ( 'NONE',  ( 459.6301667379777314, 70.00000000000000000, -300.0000000000000000 ) ) ;
#1081 = SURFACE_STYLE_USAGE ( .BOTH. , #1480 ) ;
#1082 = AXIS2_PLACEMENT_3D ( 'NONE', #2026, #4733, #54 ) ;
#1083 = SURFACE_STYLE_USAGE ( .BOTH. , #2403 ) ;
#1084 = VECTOR ( 'NONE', #353, 1000.000000000000114 ) ;
#1085 = CARTESIAN_POINT ( 'NONE',  ( 715.9415165299158161, 89.61245815494616807, -24.55957348493365089 ) ) ;
#1086 = EDGE_CURVE ( 'NONE', #3767, #3393, #4052, .T. ) ;
#1087 = DIRECTION ( 'NONE',  ( 0.000000000000000000, -1.000000000000000000, 0.000000000000000000 ) ) ;
#1088 = STYLED_ITEM ( 'NONE', ( #1426 ), #3374 ) ;
#1089 =( NAMED_UNIT ( * ) PLANE_ANGLE_UNIT ( ) SI_UNIT ( $, .RADIAN. ) );
#1090 = PLANE ( 'NONE',  #4722 ) ;
#1091 = PRESENTATION_STYLE_ASSIGNMENT (( #1441 ) ) ;
#1092 = CARTESIAN_POINT ( 'NONE',  ( 818.8953879297326921, 1.217749339177641439E-13, -300.0000000000000000 ) ) ;
#1093 = VERTEX_POINT ( 'NONE', #2390 ) ;
#1094 = PRESENTATION_LAYER_ASSIGNMENT (  '', '', ( #4801 ) ) ;
#1095 =( NAMED_UNIT ( * ) PLANE_ANGLE_UNIT ( ) SI_UNIT ( $, .RADIAN. ) );
#1096 = DIRECTION ( 'NONE',  ( -1.000000000000000000, 0.000000000000000000, 0.000000000000000000 ) ) ;
#1097 = FACE_OUTER_BOUND ( 'NONE', #1803, .T. ) ;
#1098 = DIRECTION ( 'NONE',  ( 0.000000000000000000, -0.000000000000000000, 1.000000000000000000 ) ) ;
#1099 = EDGE_CURVE ( 'NONE', #766, #1418, #2197, .T. ) ;
#1100 = DIRECTION ( 'NONE',  ( 1.000000000000000000, 0.000000000000000000, 0.000000000000000000 ) ) ;
#1101 = ORIENTED_EDGE ( 'NONE', *, *, #3878, .T. ) ;
#1102 = LINE ( 'NONE', #2843, #2351 ) ;
#1103 = CARTESIAN_POINT ( 'NONE',  ( 0.000000000000000000, -135.0000000000000000, -301.0000000000000568 ) ) ;
#1104 = CARTESIAN_POINT ( 'NONE',  ( 0.000000000000000000, -110.0000000000000000, 280.0000000000000000 ) ) ;
#1105 = SURFACE_SIDE_STYLE ('',( #3746 ) ) ;
#1106 = AXIS2_PLACEMENT_3D ( 'NONE', #69, #3093, #493 ) ;
#1107 = LINE ( 'NONE', #402, #4002 ) ;
#1108 = CARTESIAN_POINT ( 'NONE',  ( 678.8941503029516298, 2.883083876115375998E-13, 300.0000000000000000 ) ) ;
#1109 = FACE_OUTER_BOUND ( 'NONE', #574, .T. ) ;
#1110 = DIRECTION ( 'NONE',  ( -0.000000000000000000, -0.000000000000000000, 1.000000000000000000 ) ) ;
#1111 = AXIS2_PLACEMENT_3D ( 'NONE', #244, #2922, #3328 ) ;
#1112 = FACE_OUTER_BOUND ( 'NONE', #4027, .T. ) ;
#1113 =( LENGTH_UNIT ( ) NAMED_UNIT ( * ) SI_UNIT ( .MILLI., .METRE. ) );
#1114 = SURFACE_STYLE_FILL_AREA ( #2392 ) ;
#1115 = DIRECTION ( 'NONE',  ( -0.9999999997119088935, 2.400379267199284695E-05, 0.000000000000000000 ) ) ;
#1116 = EDGE_CURVE ( 'NONE', #5357, #1677, #4890, .T. ) ;
#1117 =( LENGTH_UNIT ( ) NAMED_UNIT ( * ) SI_UNIT ( .MILLI., .METRE. ) );
#1118 = CARTESIAN_POINT ( 'NONE',  ( 678.8941503029516298, -49.02021348074768525, -300.0000000000000000 ) ) ;
#1119 = VERTEX_POINT ( 'NONE', #4488 ) ;
#1120 = AXIS2_PLACEMENT_3D ( 'NONE', #1312, #4777, #3064 ) ;
#1121 = FACE_OUTER_BOUND ( 'NONE', #822, .T. ) ;
#1122 = VERTEX_POINT ( 'NONE', #4961 ) ;
#1123 = EDGE_CURVE ( 'NONE', #478, #4858, #1173, .T. ) ;
#1124 = LINE ( 'NONE', #1607, #861 ) ;
#1125 = EDGE_CURVE ( 'NONE', #3133, #4695, #2695, .T. ) ;
#1126 = ORIENTED_EDGE ( 'NONE', *, *, #485, .F. ) ;
#1127 = LINE ( 'NONE', #2112, #9 ) ;
#1128 = FILL_AREA_STYLE ('',( #706 ) ) ;
#1129 = DIRECTION ( 'NONE',  ( 0.000000000000000000, 0.000000000000000000, 1.000000000000000000 ) ) ;
#1130 = COLOUR_RGB ( '',0.2509803921568627416, 0.2509803921568627416, 0.2509803921568627416 ) ;
#1131 =( GEOMETRIC_REPRESENTATION_CONTEXT ( 3 ) GLOBAL_UNCERTAINTY_ASSIGNED_CONTEXT ( ( #2192 ) ) GLOBAL_UNIT_ASSIGNED_CONTEXT ( ( #3266, #3596, #5277 ) ) REPRESENTATION_CONTEXT ( 'NONE', 'WORKASPACE' ) );
#1132 = CARTESIAN_POINT ( 'NONE',  ( 1461.353739672122629, 2.220446049250313081E-13, 300.0000000000000000 ) ) ;
#1133 =( GEOMETRIC_REPRESENTATION_CONTEXT ( 3 ) GLOBAL_UNCERTAINTY_ASSIGNED_CONTEXT ( ( #5032 ) ) GLOBAL_UNIT_ASSIGNED_CONTEXT ( ( #1117, #280, #1934 ) ) REPRESENTATION_CONTEXT ( 'NONE', 'WORKASPACE' ) );
#1134 = VECTOR ( 'NONE', #5108, 1000.000000000000000 ) ;
#1135 = VERTEX_POINT ( 'NONE', #2888 ) ;
#1136 = CIRCLE ( 'NONE', #4181, 14.99999999999990230 ) ;
#1137 = CARTESIAN_POINT ( 'NONE',  ( 1503.120971213320217, 134.9639193958356884, 301.0000000000000568 ) ) ;
#1138 = DIRECTION ( 'NONE',  ( -0.000000000000000000, -0.000000000000000000, 1.000000000000000000 ) ) ;
#1139 = VECTOR ( 'NONE', #3860, 1000.000000000000000 ) ;
#1140 = CARTESIAN_POINT ( 'NONE',  ( 1503.120971213320217, 134.9639193958356884, -301.0000000000000568 ) ) ;
#1141 = VERTEX_POINT ( 'NONE', #5347 ) ;
#1142 = EDGE_LOOP ( 'NONE', ( #3066, #3711, #338, #703 ) ) ;
#1143 =( NAMED_UNIT ( * ) SI_UNIT ( $, .STERADIAN. ) SOLID_ANGLE_UNIT ( ) );
#1144 = VERTEX_POINT ( 'NONE', #656 ) ;
#1145 = ORIENTED_EDGE ( 'NONE', *, *, #4484, .T. ) ;
#1146 = SURFACE_SIDE_STYLE ('',( #960 ) ) ;
#1147 = AXIS2_PLACEMENT_3D ( 'NONE', #4602, #2909, #1598 ) ;
#1148 = ORIENTED_EDGE ( 'NONE', *, *, #1738, .F. ) ;
#1149 = ADVANCED_FACE ( 'NONE', ( #1512 ), #441, .T. ) ;
#1150 = DIRECTION ( 'NONE',  ( -0.000000000000000000, -0.000000000000000000, -1.000000000000000000 ) ) ;
#1151 =( NAMED_UNIT ( * ) PLANE_ANGLE_UNIT ( ) SI_UNIT ( $, .RADIAN. ) );
#1152 = ORIENTED_EDGE ( 'NONE', *, *, #3104, .T. ) ;
#1153 = VECTOR ( 'NONE', #4147, 1000.000000000000000 ) ;
#1154 = VECTOR ( 'NONE', #1200, 1000.000000000000114 ) ;
#1155 = DIRECTION ( 'NONE',  ( -1.000000000000000000, 0.000000000000000000, 0.000000000000000000 ) ) ;
#1156 = CARTESIAN_POINT ( 'NONE',  ( 1500.000000000000000, 0.000000000000000000, -300.0000000000000000 ) ) ;
#1157 = EDGE_CURVE ( 'NONE', #3917, #3641, #1305, .T. ) ;
#1158 = ORIENTED_EDGE ( 'NONE', *, *, #289, .T. ) ;
#1159 = EDGE_LOOP ( 'NONE', ( #3986, #1881, #665, #2522 ) ) ;
#1160 = FILL_AREA_STYLE ('',( #2984 ) ) ;
#1161 = LINE ( 'NONE', #5021, #2182 ) ;
#1162 = SURFACE_SIDE_STYLE ('',( #1402 ) ) ;
#1163 = ORIENTED_EDGE ( 'NONE', *, *, #653, .F. ) ;
#1164 =( NAMED_UNIT ( * ) PLANE_ANGLE_UNIT ( ) SI_UNIT ( $, .RADIAN. ) );
#1165 = CARTESIAN_POINT ( 'NONE',  ( 1500.000000000000000, -100.0000000000000000, -280.0000000000000000 ) ) ;
#1166 = FACE_OUTER_BOUND ( 'NONE', #504, .T. ) ;
#1167 = EDGE_CURVE ( 'NONE', #957, #5091, #1440, .T. ) ;
#1168 = FACE_OUTER_BOUND ( 'NONE', #152, .T. ) ;
#1169 = CARTESIAN_POINT ( 'NONE',  ( 1500.000000000000000, 0.000000000000000000, 450.0000000000000000 ) ) ;
#1170 = DIRECTION ( 'NONE',  ( 0.000000000000000000, 0.000000000000000000, 1.000000000000000000 ) ) ;
#1171 = CARTESIAN_POINT ( 'NONE',  ( 859.8430926701265662, 91.61245815494616807, 175.8942926348142066 ) ) ;
#1172 = COLOUR_RGB ( '',0.7921568627450980005, 0.8196078431372548767, 0.9333333333333333481 ) ;
#1173 = LINE ( 'NONE', #3714, #3610 ) ;
#1174 = DIRECTION ( 'NONE',  ( -0.000000000000000000, -0.000000000000000000, -1.000000000000000000 ) ) ;
#1175 = UNCERTAINTY_MEASURE_WITH_UNIT (LENGTH_MEASURE( 1.000000000000000082E-05 ), #4095, 'distance_accuracy_value', 'NONE');
#1176 = DIRECTION ( 'NONE',  ( -0.9999999997119088935, 2.400379267199284695E-05, 0.000000000000000000 ) ) ;
#1177 = ORIENTED_EDGE ( 'NONE', *, *, #1167, .F. ) ;
#1178 = ADVANCED_FACE ( 'NONE', ( #2271 ), #1576, .F. ) ;
#1179 = STYLED_ITEM ( 'NONE', ( #5054 ), #68 ) ;
#1180 =( NAMED_UNIT ( * ) PLANE_ANGLE_UNIT ( ) SI_UNIT ( $, .RADIAN. ) );
#1181 = SURFACE_STYLE_USAGE ( .BOTH. , #3773 ) ;
#1182 = FACE_OUTER_BOUND ( 'NONE', #2097, .T. ) ;
#1183 = PRESENTATION_STYLE_ASSIGNMENT (( #2478 ) ) ;
#1184 = FACE_OUTER_BOUND ( 'NONE', #1902, .T. ) ;
#1185 = CARTESIAN_POINT ( 'NONE',  ( 470.5255302723741124, 89.61245815494616807, -280.0000000000000000 ) ) ;
#1186 =( NAMED_UNIT ( * ) SI_UNIT ( $, .STERADIAN. ) SOLID_ANGLE_UNIT ( ) );
#1187 = DIRECTION ( 'NONE',  ( 1.000000000000000000, 0.000000000000000000, 0.000000000000000000 ) ) ;
#1188 = SURFACE_STYLE_USAGE ( .BOTH. , #3414 ) ;
#1189 = SURFACE_STYLE_USAGE ( .BOTH. , #1230 ) ;
#1190 = DIRECTION ( 'NONE',  ( 0.000000000000000000, 0.000000000000000000, -1.000000000000000000 ) ) ;
#1191 = EDGE_LOOP ( 'NONE', ( #2838, #1689 ) ) ;
#1192 = PLANE ( 'NONE',  #1370 ) ;
#1193 = CLOSED_SHELL ( 'NONE', ( #1149, #2887, #2576, #5429, #2175, #1714, #1637 ) ) ;
#1194 = EDGE_CURVE ( 'NONE', #1355, #3155, #1449, .T. ) ;
#1195 = FILL_AREA_STYLE ('',( #5489 ) ) ;
#1196 = CARTESIAN_POINT ( 'NONE',  ( 0.000000000000000000, 91.61245815494616807, 0.000000000000000000 ) ) ;
#1197 = DIRECTION ( 'NONE',  ( -0.000000000000000000, -1.000000000000000000, -0.000000000000000000 ) ) ;
#1198 = PRESENTATION_LAYER_ASSIGNMENT (  '', '', ( #1608 ) ) ;
#1199 = LINE ( 'NONE', #3454, #266 ) ;
#1200 = DIRECTION ( 'NONE',  ( 0.7703400663434777362, -0.6376332662165034026, 0.000000000000000000 ) ) ;
#1201 = ADVANCED_FACE ( 'NONE', ( #1182 ), #1036, .T. ) ;
#1202 = DIRECTION ( 'NONE',  ( -0.000000000000000000, -0.000000000000000000, -1.000000000000000000 ) ) ;
#1203 = FILL_AREA_STYLE_COLOUR ( '', #2975 ) ;
#1204 =( GEOMETRIC_REPRESENTATION_CONTEXT ( 3 ) GLOBAL_UNCERTAINTY_ASSIGNED_CONTEXT ( ( #1342 ) ) GLOBAL_UNIT_ASSIGNED_CONTEXT ( ( #3457, #508, #3490 ) ) REPRESENTATION_CONTEXT ( 'NONE', 'WORKASPACE' ) );
#1205 =( LENGTH_UNIT ( ) NAMED_UNIT ( * ) SI_UNIT ( .MILLI., .METRE. ) );
#1206 = VERTEX_POINT ( 'NONE', #2038 ) ;
#1207 = AXIS2_PLACEMENT_3D ( 'NONE', #29, #506, #3904 ) ;
#1208 = COLOUR_RGB ( '',1.000000000000000000, 1.000000000000000000, 0.000000000000000000 ) ;
#1209 = FACE_OUTER_BOUND ( 'NONE', #4563, .T. ) ;
#1210 = CARTESIAN_POINT ( 'NONE',  ( 1500.000000000000000, 0.000000000000000000, 300.0000000000000000 ) ) ;
#1211 = DIRECTION ( 'NONE',  ( 0.000000000000000000, 0.000000000000000000, 1.000000000000000000 ) ) ;
#1212 = CIRCLE ( 'NONE', #3573, 26.05063588214328973 ) ;
#1213 = SURFACE_STYLE_USAGE ( .BOTH. , #2963 ) ;
#1214 = EDGE_LOOP ( 'NONE', ( #491, #2939, #5469, #1390 ) ) ;
#1215 = MANIFOLD_SOLID_BREP ( 'Boss-Extrude16', #4471 ) ;
#1216 = ORIENTED_EDGE ( 'NONE', *, *, #645, .T. ) ;
#1217 = FACE_OUTER_BOUND ( 'NONE', #594, .T. ) ;
#1218 = PLANE ( 'NONE',  #3719 ) ;
#1219 = VERTEX_POINT ( 'NONE', #2496 ) ;
#1220 = ORIENTED_EDGE ( 'NONE', *, *, #67, .F. ) ;
#1221 = DIRECTION ( 'NONE',  ( 1.000000000000000000, 0.000000000000000000, 0.000000000000000000 ) ) ;
#1222 = VERTEX_POINT ( 'NONE', #2080 ) ;
#1223 = VECTOR ( 'NONE', #3817, 1000.000000000000000 ) ;
#1224 = FACE_OUTER_BOUND ( 'NONE', #228, .T. ) ;
#1225 = DIRECTION ( 'NONE',  ( 0.000000000000000000, 0.000000000000000000, 1.000000000000000000 ) ) ;
#1226 = ADVANCED_FACE ( 'NONE', ( #2282 ), #3333, .F. ) ;
#1227 = SURFACE_STYLE_USAGE ( .BOTH. , #3396 ) ;
#1228 = DIRECTION ( 'NONE',  ( 0.000000000000000000, 0.000000000000000000, 1.000000000000000000 ) ) ;
#1229 = ORIENTED_EDGE ( 'NONE', *, *, #768, .T. ) ;
#1230 = SURFACE_SIDE_STYLE ('',( #2765 ) ) ;
#1231 = COLOUR_RGB ( '',0.7921568627450980005, 0.8196078431372548767, 0.9333333333333333481 ) ;
#1232 = EDGE_CURVE ( 'NONE', #3078, #2092, #633, .T. ) ;
#1233 = ORIENTED_EDGE ( 'NONE', *, *, #4694, .T. ) ;
#1234 = FILL_AREA_STYLE_COLOUR ( '', #2661 ) ;
#1235 = ADVANCED_FACE ( 'NONE', ( #127 ), #3795, .F. ) ;
#1236 = CARTESIAN_POINT ( 'NONE',  ( 859.8430926701264525, 91.61245815494616807, 123.7175590866630017 ) ) ;
#1237 = EDGE_CURVE ( 'NONE', #2010, #3558, #4974, .T. ) ;
#1238 = EDGE_CURVE ( 'NONE', #611, #3246, #1925, .T. ) ;
#1239 = DIRECTION ( 'NONE',  ( -0.000000000000000000, -0.000000000000000000, -1.000000000000000000 ) ) ;
#1240 = MECHANICAL_DESIGN_GEOMETRIC_PRESENTATION_REPRESENTATION (  '', ( #849 ), #3559 ) ;
#1241 =( GEOMETRIC_REPRESENTATION_CONTEXT ( 3 ) GLOBAL_UNCERTAINTY_ASSIGNED_CONTEXT ( ( #834 ) ) GLOBAL_UNIT_ASSIGNED_CONTEXT ( ( #4466, #1930, #88 ) ) REPRESENTATION_CONTEXT ( 'NONE', 'WORKASPACE' ) );
#1242 = DIRECTION ( 'NONE',  ( -0.000000000000000000, -0.000000000000000000, 1.000000000000000000 ) ) ;
#1243 = DIRECTION ( 'NONE',  ( 1.000000000000000000, 0.000000000000000000, -0.000000000000000000 ) ) ;
#1244 = VECTOR ( 'NONE', #2955, 1000.000000000000000 ) ;
#1245 = VECTOR ( 'NONE', #4503, 1000.000000000000227 ) ;
#1246 = DIRECTION ( 'NONE',  ( 0.000000000000000000, 0.000000000000000000, 1.000000000000000000 ) ) ;
#1247 = UNCERTAINTY_MEASURE_WITH_UNIT (LENGTH_MEASURE( 1.000000000000000082E-05 ), #2746, 'distance_accuracy_value', 'NONE');
#1248 = DIRECTION ( 'NONE',  ( -1.000000000000000000, 0.000000000000000000, 0.000000000000000000 ) ) ;
#1249 = CARTESIAN_POINT ( 'NONE',  ( 806.2118054896012609, -161.3648997254208268, 45.29195697192869829 ) ) ;
#1250 = ADVANCED_FACE ( 'NONE', ( #2334 ), #3832, .F. ) ;
#1251 = PRESENTATION_LAYER_ASSIGNMENT (  '', '', ( #4840 ) ) ;
#1252 = FACE_OUTER_BOUND ( 'NONE', #1651, .T. ) ;
#1253 = EDGE_LOOP ( 'NONE', ( #3982, #5131, #3574, #4398 ) ) ;
#1254 = FACE_OUTER_BOUND ( 'NONE', #1142, .T. ) ;
#1255 = ADVANCED_FACE ( 'NONE', ( #1112 ), #2930, .F. ) ;
#1256 =( NAMED_UNIT ( * ) SI_UNIT ( $, .STERADIAN. ) SOLID_ANGLE_UNIT ( ) );
#1257 = DIRECTION ( 'NONE',  ( 0.000000000000000000, 0.000000000000000000, 1.000000000000000000 ) ) ;
#1258 = LINE ( 'NONE', #3667, #990 ) ;
#1259 = PRESENTATION_LAYER_ASSIGNMENT (  '', '', ( #3681 ) ) ;
#1260 = FILL_AREA_STYLE ('',( #2544 ) ) ;
#1261 = CARTESIAN_POINT ( 'NONE',  ( 1500.000000000000000, 0.000000000000000000, -300.0000000000000000 ) ) ;
#1262 = ORIENTED_EDGE ( 'NONE', *, *, #4572, .T. ) ;
#1263 = CARTESIAN_POINT ( 'NONE',  ( 1540.807565298936424, 0.000000000000000000, 380.0000000000000000 ) ) ;
#1264 = PRESENTATION_STYLE_ASSIGNMENT (( #1605 ) ) ;
#1265 = CARTESIAN_POINT ( 'NONE',  ( 678.8941503029516298, 2.883083876115375998E-13, -300.0000000000000000 ) ) ;
#1266 = AXIS2_PLACEMENT_3D ( 'NONE', #2145, #2586, #2983 ) ;
#1267 = CARTESIAN_POINT ( 'NONE',  ( 1008.549030229681307, 89.61245815494616807, 280.0000000000000000 ) ) ;
#1268 = EDGE_LOOP ( 'NONE', ( #4980, #5215, #3635, #2615, #197, #175, #1998, #3314, #4373, #2179 ) ) ;
#1269 = EDGE_CURVE ( 'NONE', #2861, #4018, #2143, .T. ) ;
#1270 = ORIENTED_EDGE ( 'NONE', *, *, #4936, .F. ) ;
#1271 = FACE_OUTER_BOUND ( 'NONE', #2763, .T. ) ;
#1272 = DIRECTION ( 'NONE',  ( -0.000000000000000000, -0.000000000000000000, -1.000000000000000000 ) ) ;
#1273 =( NAMED_UNIT ( * ) SI_UNIT ( $, .STERADIAN. ) SOLID_ANGLE_UNIT ( ) );
#1274 = AXIS2_PLACEMENT_3D ( 'NONE', #3654, #222, #2784 ) ;
#1275 = ORIENTED_EDGE ( 'NONE', *, *, #552, .F. ) ;
#1276 = CARTESIAN_POINT ( 'NONE',  ( 0.000000000000000000, 110.0000000000000000, -280.0000000000000000 ) ) ;
#1277 = ORIENTED_EDGE ( 'NONE', *, *, #5424, .F. ) ;
#1278 = ORIENTED_EDGE ( 'NONE', *, *, #4203, .F. ) ;
#1279 = FILL_AREA_STYLE ('',( #3395 ) ) ;
#1280 = CARTESIAN_POINT ( 'NONE',  ( 1500.000000000000000, 0.000000000000000000, -300.0000000000000000 ) ) ;
#1281 =( LENGTH_UNIT ( ) NAMED_UNIT ( * ) SI_UNIT ( .MILLI., .METRE. ) );
#1282 = COLOUR_RGB ( '',1.000000000000000000, 1.000000000000000000, 0.000000000000000000 ) ;
#1283 = DIRECTION ( 'NONE',  ( 0.7386591800803956609, -0.6740790871128977679, 0.000000000000000000 ) ) ;
#1284 = FILL_AREA_STYLE_COLOUR ( '', #5119 ) ;
#1285 = VERTEX_POINT ( 'NONE', #4635 ) ;
#1286 = EDGE_CURVE ( 'NONE', #2090, #287, #3169, .T. ) ;
#1287 = ADVANCED_FACE ( 'NONE', ( #5245 ), #4292, .F. ) ;
#1288 = VERTEX_POINT ( 'NONE', #4702 ) ;
#1289 =( NAMED_UNIT ( * ) PLANE_ANGLE_UNIT ( ) SI_UNIT ( $, .RADIAN. ) );
#1290 = DIRECTION ( 'NONE',  ( 1.000000000000000000, 0.000000000000000000, 0.000000000000000000 ) ) ;
#1291 = LINE ( 'NONE', #1609, #3792 ) ;
#1292 =( GEOMETRIC_REPRESENTATION_CONTEXT ( 3 ) GLOBAL_UNCERTAINTY_ASSIGNED_CONTEXT ( ( #4034 ) ) GLOBAL_UNIT_ASSIGNED_CONTEXT ( ( #4187, #1636, #2943 ) ) REPRESENTATION_CONTEXT ( 'NONE', 'WORKASPACE' ) );
#1293 = EDGE_LOOP ( 'NONE', ( #2558, #2051, #3827, #4875 ) ) ;
#1294 = ORIENTED_EDGE ( 'NONE', *, *, #53, .F. ) ;
#1295 = FACE_OUTER_BOUND ( 'NONE', #962, .T. ) ;
#1296 =( NAMED_UNIT ( * ) PLANE_ANGLE_UNIT ( ) SI_UNIT ( $, .RADIAN. ) );
#1297 = PRESENTATION_LAYER_ASSIGNMENT (  '', '', ( #3268 ) ) ;
#1298 = VERTEX_POINT ( 'NONE', #2214 ) ;
#1299 = CARTESIAN_POINT ( 'NONE',  ( 1540.807565298936424, -49.02021348074790552, -330.0000000000000000 ) ) ;
#1300 = CIRCLE ( 'NONE', #1715, 100.0000000000000853 ) ;
#1301 = EDGE_CURVE ( 'NONE', #4018, #346, #60, .T. ) ;
#1302 = ORIENTED_EDGE ( 'NONE', *, *, #4485, .F. ) ;
#1303 = STYLED_ITEM ( 'NONE', ( #4116 ), #3175 ) ;
#1304 = CIRCLE ( 'NONE', #104, 110.0000000000000000 ) ;
#1305 = CIRCLE ( 'NONE', #5184, 110.0000000000000995 ) ;
#1306 = EDGE_CURVE ( 'NONE', #2092, #537, #1731, .T. ) ;
#1307 = DIRECTION ( 'NONE',  ( -0.000000000000000000, -0.000000000000000000, 1.000000000000000000 ) ) ;
#1308 = EDGE_CURVE ( 'NONE', #1814, #2364, #4260, .T. ) ;
#1309 = MECHANICAL_DESIGN_GEOMETRIC_PRESENTATION_REPRESENTATION (  '', ( #5133 ), #1616 ) ;
#1310 = FACE_OUTER_BOUND ( 'NONE', #613, .T. ) ;
#1311 = ADVANCED_FACE ( 'NONE', ( #384 ), #4725, .F. ) ;
#1312 = CARTESIAN_POINT ( 'NONE',  ( 0.000000000000000000, 0.000000000000000000, 300.0000000000000000 ) ) ;
#1313 =( NAMED_UNIT ( * ) PLANE_ANGLE_UNIT ( ) SI_UNIT ( $, .RADIAN. ) );
#1314 = PLANE ( 'NONE',  #2132 ) ;
#1315 = SURFACE_STYLE_FILL_AREA ( #1393 ) ;
#1316 = CARTESIAN_POINT ( 'NONE',  ( 1500.000000000000000, 0.000000000000000000, -450.0000000000000000 ) ) ;
#1317 =( NAMED_UNIT ( * ) PLANE_ANGLE_UNIT ( ) SI_UNIT ( $, .RADIAN. ) );
#1318 = DIRECTION ( 'NONE',  ( 1.000000000000000000, 0.000000000000000000, 0.000000000000000000 ) ) ;
#1319 = DIRECTION ( 'NONE',  ( -0.6376332662165049570, -0.7703400663434765150, 0.000000000000000000 ) ) ;
#1320 = CARTESIAN_POINT ( 'NONE',  ( 715.9415165299158161, 91.61245815494616807, -24.55957348493365089 ) ) ;
#1321 = SURFACE_SIDE_STYLE ('',( #4205 ) ) ;
#1322 = AXIS2_PLACEMENT_3D ( 'NONE', #4380, #897, #3907 ) ;
#1323 = LINE ( 'NONE', #380, #4704 ) ;
#1324 = DIRECTION ( 'NONE',  ( -0.000000000000000000, 0.000000000000000000, 1.000000000000000000 ) ) ;
#1325 = VERTEX_POINT ( 'NONE', #2653 ) ;
#1326 = PLANE ( 'NONE',  #1343 ) ;
#1327 = SURFACE_STYLE_FILL_AREA ( #2331 ) ;
#1328 = ORIENTED_EDGE ( 'NONE', *, *, #5328, .F. ) ;
#1329 = ORIENTED_EDGE ( 'NONE', *, *, #2151, .T. ) ;
#1330 = SURFACE_STYLE_USAGE ( .BOTH. , #5186 ) ;
#1331 = VECTOR ( 'NONE', #3586, 1000.000000000000000 ) ;
#1332 = DIRECTION ( 'NONE',  ( -0.000000000000000000, -0.000000000000000000, 1.000000000000000000 ) ) ;
#1333 =( NAMED_UNIT ( * ) SI_UNIT ( $, .STERADIAN. ) SOLID_ANGLE_UNIT ( ) );
#1334 = AXIS2_PLACEMENT_3D ( 'NONE', #2543, #734, #5379 ) ;
#1335 = ORIENTED_EDGE ( 'NONE', *, *, #67, .T. ) ;
#1336 = SURFACE_STYLE_FILL_AREA ( #4753 ) ;
#1337 =( NAMED_UNIT ( * ) SI_UNIT ( $, .STERADIAN. ) SOLID_ANGLE_UNIT ( ) );
#1338 = ORIENTED_EDGE ( 'NONE', *, *, #2771, .T. ) ;
#1339 = ADVANCED_FACE ( 'NONE', ( #1987 ), #62, .F. ) ;
#1340 = EDGE_CURVE ( 'NONE', #2118, #478, #1107, .T. ) ;
#1341 = ORIENTED_EDGE ( 'NONE', *, *, #337, .T. ) ;
#1342 = UNCERTAINTY_MEASURE_WITH_UNIT (LENGTH_MEASURE( 1.000000000000000082E-05 ), #3457, 'distance_accuracy_value', 'NONE');
#1343 = AXIS2_PLACEMENT_3D ( 'NONE', #475, #3497, #2666 ) ;
#1344 = PLANE ( 'NONE',  #1451 ) ;
#1345 = ORIENTED_EDGE ( 'NONE', *, *, #4985, .F. ) ;
#1346 = LINE ( 'NONE', #1276, #351 ) ;
#1347 = ORIENTED_EDGE ( 'NONE', *, *, #4673, .T. ) ;
#1348 = DIRECTION ( 'NONE',  ( -1.000000000000000000, 0.000000000000000000, 0.000000000000000000 ) ) ;
#1349 = CARTESIAN_POINT ( 'NONE',  ( 1500.000000000000000, -100.0000000000000000, 280.0000000000000000 ) ) ;
#1350 = DIRECTION ( 'NONE',  ( 1.000000000000000000, 0.000000000000000000, 0.000000000000000000 ) ) ;
#1351 = PLANE ( 'NONE',  #455 ) ;
#1352 = ORIENTED_EDGE ( 'NONE', *, *, #879, .F. ) ;
#1353 = DIRECTION ( 'NONE',  ( 1.000000000000000000, 0.000000000000000000, 0.000000000000000000 ) ) ;
#1354 = ORIENTED_EDGE ( 'NONE', *, *, #943, .T. ) ;
#1355 = VERTEX_POINT ( 'NONE', #4689 ) ;
#1356 = STYLED_ITEM ( 'NONE', ( #1767 ), #623 ) ;
#1357 = FACE_OUTER_BOUND ( 'NONE', #4708, .T. ) ;
#1358 = ORIENTED_EDGE ( 'NONE', *, *, #3520, .T. ) ;
#1359 = DIRECTION ( 'NONE',  ( -0.000000000000000000, -0.000000000000000000, -1.000000000000000000 ) ) ;
#1360 = CIRCLE ( 'NONE', #2687, 135.0000000000000000 ) ;
#1361 = DIRECTION ( 'NONE',  ( 0.000000000000000000, -0.000000000000000000, 1.000000000000000000 ) ) ;
#1362 =( GEOMETRIC_REPRESENTATION_CONTEXT ( 3 ) GLOBAL_UNCERTAINTY_ASSIGNED_CONTEXT ( ( #2046 ) ) GLOBAL_UNIT_ASSIGNED_CONTEXT ( ( #4237, #4618, #5455 ) ) REPRESENTATION_CONTEXT ( 'NONE', 'WORKASPACE' ) );
#1363 = EDGE_LOOP ( 'NONE', ( #890, #2442, #1717, #4795 ) ) ;
#1364 = ORIENTED_EDGE ( 'NONE', *, *, #3326, .T. ) ;
#1365 = ADVANCED_FACE ( 'NONE', ( #1857 ), #483, .T. ) ;
#1366 = DIRECTION ( 'NONE',  ( -1.000000000000000000, 0.000000000000000000, 0.000000000000000000 ) ) ;
#1367 = DIRECTION ( 'NONE',  ( 0.000000000000000000, 0.000000000000000000, -1.000000000000000000 ) ) ;
#1368 = COLOUR_RGB ( '',0.2509803921568627416, 0.2509803921568627416, 0.2509803921568627416 ) ;
#1369 =( NAMED_UNIT ( * ) SI_UNIT ( $, .STERADIAN. ) SOLID_ANGLE_UNIT ( ) );
#1370 = AXIS2_PLACEMENT_3D ( 'NONE', #2418, #4981, #4968 ) ;
#1371 = CARTESIAN_POINT ( 'NONE',  ( -135.0000000000000000, 0.000000000000000000, 301.0000000000000568 ) ) ;
#1372 = CARTESIAN_POINT ( 'NONE',  ( 470.5255302723741124, 74.99947420548846821, 280.0000000000000000 ) ) ;
#1373 = EDGE_CURVE ( 'NONE', #3383, #2003, #3165, .T. ) ;
#1374 = LINE ( 'NONE', #1431, #1591 ) ;
#1375 = CARTESIAN_POINT ( 'NONE',  ( 0.000000000000000000, 0.000000000000000000, -301.0000000000000568 ) ) ;
#1376 = EDGE_LOOP ( 'NONE', ( #2536, #3372, #5092, #1827, #4399, #3013 ) ) ;
#1377 =( GEOMETRIC_REPRESENTATION_CONTEXT ( 3 ) GLOBAL_UNCERTAINTY_ASSIGNED_CONTEXT ( ( #1771 ) ) GLOBAL_UNIT_ASSIGNED_CONTEXT ( ( #1548, #3316, #2033 ) ) REPRESENTATION_CONTEXT ( 'NONE', 'WORKASPACE' ) );
#1378 = PLANE ( 'NONE',  #236 ) ;
#1379 = PRESENTATION_STYLE_ASSIGNMENT (( #3140 ) ) ;
#1380 = UNCERTAINTY_MEASURE_WITH_UNIT (LENGTH_MEASURE( 1.000000000000000082E-05 ), #1113, 'distance_accuracy_value', 'NONE');
#1381 = DIRECTION ( 'NONE',  ( 1.000000000000000000, -0.000000000000000000, 2.127812435020657618E-15 ) ) ;
#1382 = MECHANICAL_DESIGN_GEOMETRIC_PRESENTATION_REPRESENTATION (  '', ( #2041 ), #3780 ) ;
#1383 = CARTESIAN_POINT ( 'NONE',  ( 619.2314678319289669, 91.61245815494616807, 123.7175590866630159 ) ) ;
#1384 = PLANE ( 'NONE',  #2703 ) ;
#1385 = CIRCLE ( 'NONE', #5234, 16.00000000000001421 ) ;
#1386 = DIRECTION ( 'NONE',  ( 0.000000000000000000, 0.000000000000000000, 1.000000000000000000 ) ) ;
#1387 = PLANE ( 'NONE',  #2308 ) ;
#1388 =( GEOMETRIC_REPRESENTATION_CONTEXT ( 3 ) GLOBAL_UNCERTAINTY_ASSIGNED_CONTEXT ( ( #1972 ) ) GLOBAL_UNIT_ASSIGNED_CONTEXT ( ( #2413, #2018, #5404 ) ) REPRESENTATION_CONTEXT ( 'NONE', 'WORKASPACE' ) );
#1389 = SURFACE_SIDE_STYLE ('',( #4895 ) ) ;
#1390 = ORIENTED_EDGE ( 'NONE', *, *, #5047, .T. ) ;
#1391 = APPLICATION_PROTOCOL_DEFINITION ( 'draft international standard', 'automotive_design', 1998, #3540 ) ;
#1392 = LINE ( 'NONE', #1599, #3757 ) ;
#1393 = FILL_AREA_STYLE ('',( #120 ) ) ;
#1394 = ORIENTED_EDGE ( 'NONE', *, *, #4429, .F. ) ;
#1395 = SURFACE_STYLE_FILL_AREA ( #2799 ) ;
#1396 = CARTESIAN_POINT ( 'NONE',  ( 1482.439811145854264, 19.24254134127678739, 330.0000000000000000 ) ) ;
#1397 = AXIS2_PLACEMENT_3D ( 'NONE', #429, #11, #2107 ) ;
#1398 = ORIENTED_EDGE ( 'NONE', *, *, #3344, .F. ) ;
#1399 = FILL_AREA_STYLE ('',( #114 ) ) ;
#1400 = LINE ( 'NONE', #3128, #16 ) ;
#1401 = MECHANICAL_DESIGN_GEOMETRIC_PRESENTATION_REPRESENTATION (  '', ( #4742 ), #5003 ) ;
#1402 = SURFACE_STYLE_FILL_AREA ( #2945 ) ;
#1403 = ORIENTED_EDGE ( 'NONE', *, *, #5165, .F. ) ;
#1404 = PLANE ( 'NONE',  #5444 ) ;
#1405 = ORIENTED_EDGE ( 'NONE', *, *, #3115, .F. ) ;
#1406 = EDGE_CURVE ( 'NONE', #336, #1558, #4827, .T. ) ;
#1407 = DIRECTION ( 'NONE',  ( 0.000000000000000000, 0.000000000000000000, 1.000000000000000000 ) ) ;
#1408 = EDGE_LOOP ( 'NONE', ( #466, #4258, #2262, #1485 ) ) ;
#1409 = LINE ( 'NONE', #2837, #2444 ) ;
#1410 =( NAMED_UNIT ( * ) PLANE_ANGLE_UNIT ( ) SI_UNIT ( $, .RADIAN. ) );
#1411 = DIRECTION ( 'NONE',  ( 0.000000000000000000, 0.000000000000000000, 1.000000000000000000 ) ) ;
#1412 = AXIS2_PLACEMENT_3D ( 'NONE', #4723, #81, #3101 ) ;
#1413 = EDGE_LOOP ( 'NONE', ( #4881, #3675, #1752, #3029 ) ) ;
#1414 =( NAMED_UNIT ( * ) SI_UNIT ( $, .STERADIAN. ) SOLID_ANGLE_UNIT ( ) );
#1415 = LINE ( 'NONE', #5114, #5396 ) ;
#1416 = EDGE_CURVE ( 'NONE', #896, #3383, #1444, .T. ) ;
#1417 = EDGE_CURVE ( 'NONE', #2940, #50, #5501, .T. ) ;
#1418 = VERTEX_POINT ( 'NONE', #4269 ) ;
#1419 = UNCERTAINTY_MEASURE_WITH_UNIT (LENGTH_MEASURE( 1.000000000000000082E-05 ), #481, 'distance_accuracy_value', 'NONE');
#1420 = EDGE_LOOP ( 'NONE', ( #5498, #2856, #4536, #4285, #340 ) ) ;
#1421 = LINE ( 'NONE', #3790, #1154 ) ;
#1422 = AXIS2_PLACEMENT_3D ( 'NONE', #1526, #2467, #5391 ) ;
#1423 = FACE_OUTER_BOUND ( 'NONE', #1900, .T. ) ;
#1424 = CARTESIAN_POINT ( 'NONE',  ( 1540.807565298936424, 0.000000000000000000, 300.0000000000000000 ) ) ;
#1425 = ORIENTED_EDGE ( 'NONE', *, *, #4262, .F. ) ;
#1426 = PRESENTATION_STYLE_ASSIGNMENT (( #4903 ) ) ;
#1427 = DIRECTION ( 'NONE',  ( -0.000000000000000000, -0.000000000000000000, -1.000000000000000000 ) ) ;
#1428 =( NAMED_UNIT ( * ) PLANE_ANGLE_UNIT ( ) SI_UNIT ( $, .RADIAN. ) );
#1429 = ORIENTED_EDGE ( 'NONE', *, *, #1822, .F. ) ;
#1430 = CARTESIAN_POINT ( 'NONE',  ( 806.2118054896012609, -33.75944134877364178, 300.0000000000000000 ) ) ;
#1431 = CARTESIAN_POINT ( 'NONE',  ( 626.4556573824339694, 756.8361285989955149, 300.0000000000000000 ) ) ;
#1432 = CARTESIAN_POINT ( 'NONE',  ( 619.2314678319288532, 89.61245815494616807, -175.8942926348141498 ) ) ;
#1433 = MECHANICAL_DESIGN_GEOMETRIC_PRESENTATION_REPRESENTATION (  '', ( #1841 ), #394 ) ;
#1434 = ORIENTED_EDGE ( 'NONE', *, *, #2115, .T. ) ;
#1435 = DIRECTION ( 'NONE',  ( 0.000000000000000000, -0.000000000000000000, 1.000000000000000000 ) ) ;
#1436 = EDGE_LOOP ( 'NONE', ( #5232, #1584, #2682, #4306 ) ) ;
#1437 = FILL_AREA_STYLE ('',( #989 ) ) ;
#1438 = LINE ( 'NONE', #2600, #3350 ) ;
#1439 = EDGE_CURVE ( 'NONE', #1894, #1014, #4693, .T. ) ;
#1440 = LINE ( 'NONE', #4899, #1592 ) ;
#1441 = SURFACE_STYLE_USAGE ( .BOTH. , #1862 ) ;
#1442 = SURFACE_STYLE_USAGE ( .BOTH. , #5303 ) ;
#1443 = STYLED_ITEM ( 'NONE', ( #5085 ), #2576 ) ;
#1444 = LINE ( 'NONE', #3872, #2635 ) ;
#1445 = DIRECTION ( 'NONE',  ( 1.000000000000000000, 0.000000000000000000, -0.000000000000000000 ) ) ;
#1446 = EDGE_CURVE ( 'NONE', #3003, #3198, #3427, .T. ) ;
#1447 = ORIENTED_EDGE ( 'NONE', *, *, #4640, .T. ) ;
#1448 = PLANE ( 'NONE',  #1906 ) ;
#1449 = LINE ( 'NONE', #2123, #2067 ) ;
#1450 = VECTOR ( 'NONE', #3521, 1000.000000000000000 ) ;
#1451 = AXIS2_PLACEMENT_3D ( 'NONE', #2634, #2233, #1361 ) ;
#1452 = CIRCLE ( 'NONE', #3285, 30.00000000000002842 ) ;
#1453 = DIRECTION ( 'NONE',  ( -1.000000000000000000, 0.000000000000000000, 0.000000000000000000 ) ) ;
#1454 = CARTESIAN_POINT ( 'NONE',  ( 571.9891335774856316, 91.61245815494616807, 175.8942926348142066 ) ) ;
#1455 = DIRECTION ( 'NONE',  ( -1.000000000000000000, 0.000000000000000000, 0.000000000000000000 ) ) ;
#1456 =( NAMED_UNIT ( * ) PLANE_ANGLE_UNIT ( ) SI_UNIT ( $, .RADIAN. ) );
#1457 = SURFACE_STYLE_USAGE ( .BOTH. , #4830 ) ;
#1458 = LINE ( 'NONE', #1137, #5187 ) ;
#1459 = PRODUCT_DEFINITION_FORMATION_WITH_SPECIFIED_SOURCE ( 'ANY', '', #94, .NOT_KNOWN. ) ;
#1460 = LINE ( 'NONE', #3788, #322 ) ;
#1461 =( LENGTH_UNIT ( ) NAMED_UNIT ( * ) SI_UNIT ( .MILLI., .METRE. ) );
#1462 = VECTOR ( 'NONE', #843, 1000.000000000000000 ) ;
#1463 =( GEOMETRIC_REPRESENTATION_CONTEXT ( 3 ) GLOBAL_UNCERTAINTY_ASSIGNED_CONTEXT ( ( #726 ) ) GLOBAL_UNIT_ASSIGNED_CONTEXT ( ( #4919, #1089, #3695 ) ) REPRESENTATION_CONTEXT ( 'NONE', 'WORKASPACE' ) );
#1464 = FACE_OUTER_BOUND ( 'NONE', #1413, .T. ) ;
#1465 = CARTESIAN_POINT ( 'NONE',  ( 715.9415165299158161, 91.61245815494616807, 24.55957348493370418 ) ) ;
#1466 = ORIENTED_EDGE ( 'NONE', *, *, #53, .T. ) ;
#1467 = DIRECTION ( 'NONE',  ( -0.000000000000000000, -0.000000000000000000, 1.000000000000000000 ) ) ;
#1468 = CARTESIAN_POINT ( 'NONE',  ( 0.000000000000000000, -135.0000000000000000, 280.0000000000000000 ) ) ;
#1469 = CIRCLE ( 'NONE', #4781, 135.0000000000000000 ) ;
#1470 = ORIENTED_EDGE ( 'NONE', *, *, #2608, .T. ) ;
#1471 = LINE ( 'NONE', #407, #1139 ) ;
#1472 = DIRECTION ( 'NONE',  ( -0.000000000000000000, -0.000000000000000000, -1.000000000000000000 ) ) ;
#1473 = VERTEX_POINT ( 'NONE', #2277 ) ;
#1474 = DIRECTION ( 'NONE',  ( 0.9999999997119088935, -2.400379267199284695E-05, 0.000000000000000000 ) ) ;
#1475 = DIRECTION ( 'NONE',  ( -0.000000000000000000, -0.000000000000000000, -1.000000000000000000 ) ) ;
#1476 = VERTEX_POINT ( 'NONE', #3026 ) ;
#1477 = ORIENTED_EDGE ( 'NONE', *, *, #3353, .F. ) ;
#1478 = DIRECTION ( 'NONE',  ( -0.000000000000000000, -0.000000000000000000, 1.000000000000000000 ) ) ;
#1479 = CARTESIAN_POINT ( 'NONE',  ( 1540.807565298936424, -49.02021348074790552, -320.0000000000000000 ) ) ;
#1480 = SURFACE_SIDE_STYLE ('',( #4794 ) ) ;
#1481 = VERTEX_POINT ( 'NONE', #2623 ) ;
#1482 = STYLED_ITEM ( 'NONE', ( #4253 ), #2665 ) ;
#1483 = CIRCLE ( 'NONE', #1734, 135.0000000000000000 ) ;
#1484 = LINE ( 'NONE', #3626, #4476 ) ;
#1485 = ORIENTED_EDGE ( 'NONE', *, *, #5433, .T. ) ;
#1486 = EDGE_CURVE ( 'NONE', #270, #5344, #4900, .T. ) ;
#1487 = DIRECTION ( 'NONE',  ( -0.000000000000000000, -0.000000000000000000, 1.000000000000000000 ) ) ;
#1488 = VECTOR ( 'NONE', #690, 1000.000000000000000 ) ;
#1489 = ORIENTED_EDGE ( 'NONE', *, *, #4007, .F. ) ;
#1490 = UNCERTAINTY_MEASURE_WITH_UNIT (LENGTH_MEASURE( 1.000000000000000082E-05 ), #1461, 'distance_accuracy_value', 'NONE');
#1491 = MECHANICAL_DESIGN_GEOMETRIC_PRESENTATION_REPRESENTATION (  '', ( #1608 ), #2491 ) ;
#1492 = DIRECTION ( 'NONE',  ( -1.000000000000000000, 0.000000000000000000, 0.000000000000000000 ) ) ;
#1493 = ORIENTED_EDGE ( 'NONE', *, *, #3727, .T. ) ;
#1494 = COLOUR_RGB ( '',0.7921568627450980005, 0.8196078431372548767, 0.9333333333333333481 ) ;
#1495 = DIRECTION ( 'NONE',  ( 0.6740790871128988782, -0.7386591800803946617, 0.000000000000000000 ) ) ;
#1496 = EDGE_LOOP ( 'NONE', ( #1829, #1075, #3025, #2585 ) ) ;
#1497 = EDGE_LOOP ( 'NONE', ( #4297, #4938, #3763, #1489, #1270, #826 ) ) ;
#1498 = STYLED_ITEM ( 'NONE', ( #2775 ), #4554 ) ;
#1499 = PRESENTATION_STYLE_ASSIGNMENT (( #746 ) ) ;
#1500 = CARTESIAN_POINT ( 'NONE',  ( 0.000000000000000000, 91.61245815494616807, 0.000000000000000000 ) ) ;
#1501 = FILL_AREA_STYLE_COLOUR ( '', #3460 ) ;
#1502 = CARTESIAN_POINT ( 'NONE',  ( 0.000000000000000000, -100.0000000000000000, -280.0000000000000000 ) ) ;
#1503 = VERTEX_POINT ( 'NONE', #3958 ) ;
#1504 = SURFACE_SIDE_STYLE ('',( #1971 ) ) ;
#1505 = DIRECTION ( 'NONE',  ( 1.000000000000000000, 0.000000000000000000, 0.000000000000000000 ) ) ;
#1506 = FACE_OUTER_BOUND ( 'NONE', #2376, .T. ) ;
#1507 = PLANE ( 'NONE',  #851 ) ;
#1508 = ORIENTED_EDGE ( 'NONE', *, *, #1718, .F. ) ;
#1509 = ORIENTED_EDGE ( 'NONE', *, *, #4551, .T. ) ;
#1510 = AXIS2_PLACEMENT_3D ( 'NONE', #4816, #3534, #964 ) ;
#1511 = VECTOR ( 'NONE', #2622, 1000.000000000000000 ) ;
#1512 = FACE_OUTER_BOUND ( 'NONE', #5152, .T. ) ;
#1513 = PRESENTATION_LAYER_ASSIGNMENT (  '', '', ( #3826 ) ) ;
#1514 = DIRECTION ( 'NONE',  ( 1.000000000000000000, 0.000000000000000000, -0.000000000000000000 ) ) ;
#1515 = DIRECTION ( 'NONE',  ( 0.000000000000000000, 0.000000000000000000, 1.000000000000000000 ) ) ;
#1516 = CARTESIAN_POINT ( 'NONE',  ( 859.8430926701264525, 89.61245815494616807, -123.7175590866629449 ) ) ;
#1517 = LINE ( 'NONE', #3297, #1244 ) ;
#1518 = AXIS2_PLACEMENT_3D ( 'NONE', #19, #5129, #1290 ) ;
#1519 = DIRECTION ( 'NONE',  ( 0.000000000000000000, 0.000000000000000000, -1.000000000000000000 ) ) ;
#1520 = CARTESIAN_POINT ( 'NONE',  ( 664.0137346702906598, -727.6295173529550766, 300.0000000000000000 ) ) ;
#1521 = EDGE_LOOP ( 'NONE', ( #1364, #140, #4265, #3585 ) ) ;
#1522 = CARTESIAN_POINT ( 'NONE',  ( 279.6301667379776745, 70.00000000000000000, 300.0000000000000000 ) ) ;
#1523 = EDGE_CURVE ( 'NONE', #4695, #274, #2707, .T. ) ;
#1524 = VECTOR ( 'NONE', #5136, 1000.000000000000000 ) ;
#1525 = FACE_OUTER_BOUND ( 'NONE', #4427, .T. ) ;
#1526 = CARTESIAN_POINT ( 'NONE',  ( 1220.369833262022212, 70.00000000000000000, 300.0000000000000000 ) ) ;
#1527 = DIRECTION ( 'NONE',  ( -0.000000000000000000, -0.000000000000000000, -1.000000000000000000 ) ) ;
#1528 = CARTESIAN_POINT ( 'NONE',  ( -100.0000000000000000, 0.000000000000000000, -280.0000000000000000 ) ) ;
#1529 = STYLED_ITEM ( 'NONE', ( #3804 ), #3015 ) ;
#1530 = CARTESIAN_POINT ( 'NONE',  ( 691.5777327430830610, -49.02021348074768525, 300.0000000000000000 ) ) ;
#1531 = EDGE_CURVE ( 'NONE', #3198, #1922, #2890, .T. ) ;
#1532 = EDGE_CURVE ( 'NONE', #537, #4370, #4632, .T. ) ;
#1533 = FILL_AREA_STYLE_COLOUR ( '', #4377 ) ;
#1534 = DIRECTION ( 'NONE',  ( -1.000000000000000000, -0.000000000000000000, -0.000000000000000000 ) ) ;
#1535 = EDGE_LOOP ( 'NONE', ( #3299, #2886, #1985, #4088 ) ) ;
#1536 = LINE ( 'NONE', #39, #5192 ) ;
#1537 = VECTOR ( 'NONE', #276, 1000.000000000000000 ) ;
#1538 = DIRECTION ( 'NONE',  ( -0.000000000000000000, -1.000000000000000000, -0.000000000000000000 ) ) ;
#1539 = CARTESIAN_POINT ( 'NONE',  ( -17.56018885414601982, 19.24254134127659199, 300.0000000000000000 ) ) ;
#1540 = PLANE ( 'NONE',  #283 ) ;
#1541 = ORIENTED_EDGE ( 'NONE', *, *, #3104, .F. ) ;
#1542 = DIRECTION ( 'NONE',  ( 0.7703400663434765150, -0.6376332662165049570, 0.000000000000000000 ) ) ;
#1543 = VECTOR ( 'NONE', #4954, 1000.000000000000000 ) ;
#1544 = DIRECTION ( 'NONE',  ( -0.000000000000000000, 0.000000000000000000, 1.000000000000000000 ) ) ;
#1545 = CARTESIAN_POINT ( 'NONE',  ( 619.2314678319288532, 91.61245815494616807, 175.8942926348141782 ) ) ;
#1546 = ORIENTED_EDGE ( 'NONE', *, *, #4551, .F. ) ;
#1547 = VECTOR ( 'NONE', #2293, 1000.000000000000000 ) ;
#1548 =( LENGTH_UNIT ( ) NAMED_UNIT ( * ) SI_UNIT ( .MILLI., .METRE. ) );
#1549 =( GEOMETRIC_REPRESENTATION_CONTEXT ( 3 ) GLOBAL_UNCERTAINTY_ASSIGNED_CONTEXT ( ( #3639 ) ) GLOBAL_UNIT_ASSIGNED_CONTEXT ( ( #1281, #1296, #1739 ) ) REPRESENTATION_CONTEXT ( 'NONE', 'WORKASPACE' ) );
#1550 = VECTOR ( 'NONE', #1176, 1000.000000000000227 ) ;
#1551 = SURFACE_STYLE_FILL_AREA ( #3978 ) ;
#1552 = FACE_OUTER_BOUND ( 'NONE', #1363, .T. ) ;
#1553 = ORIENTED_EDGE ( 'NONE', *, *, #4973, .T. ) ;
#1554 = CARTESIAN_POINT ( 'NONE',  ( 859.8430926701264525, 91.61245815494616807, 123.7175590866630017 ) ) ;
#1555 = ORIENTED_EDGE ( 'NONE', *, *, #2967, .T. ) ;
#1556 = PRESENTATION_STYLE_ASSIGNMENT (( #1049 ) ) ;
#1557 = DIRECTION ( 'NONE',  ( 1.000000000000000000, 0.000000000000000000, 0.000000000000000000 ) ) ;
#1558 = VERTEX_POINT ( 'NONE', #922 ) ;
#1559 = DIRECTION ( 'NONE',  ( 0.000000000000000000, 0.000000000000000000, 1.000000000000000000 ) ) ;
#1560 = AXIS2_PLACEMENT_3D ( 'NONE', #2826, #3261, #285 ) ;
#1561 = LINE ( 'NONE', #2711, #3580 ) ;
#1562 = DIRECTION ( 'NONE',  ( -1.000000000000000000, 0.000000000000000000, 2.127812435020657618E-15 ) ) ;
#1563 = CARTESIAN_POINT ( 'NONE',  ( 279.6301667379776745, 70.00000000000000000, -300.0000000000000000 ) ) ;
#1564 = MECHANICAL_DESIGN_GEOMETRIC_PRESENTATION_REPRESENTATION (  '', ( #295 ), #612 ) ;
#1565 = PLANE ( 'NONE',  #4829 ) ;
#1566 =( NAMED_UNIT ( * ) PLANE_ANGLE_UNIT ( ) SI_UNIT ( $, .RADIAN. ) );
#1567 = SURFACE_STYLE_USAGE ( .BOTH. , #5374 ) ;
#1568 = SURFACE_STYLE_FILL_AREA ( #2654 ) ;
#1569 = EDGE_CURVE ( 'NONE', #4807, #1762, #4386, .T. ) ;
#1570 = UNCERTAINTY_MEASURE_WITH_UNIT (LENGTH_MEASURE( 1.000000000000000082E-05 ), #2205, 'distance_accuracy_value', 'NONE');
#1571 = ORIENTED_EDGE ( 'NONE', *, *, #4136, .T. ) ;
#1572 = EDGE_LOOP ( 'NONE', ( #3598, #3602, #2733, #1041, #4643 ) ) ;
#1573 = EDGE_LOOP ( 'NONE', ( #1694, #1631, #5212, #2005 ) ) ;
#1574 = SURFACE_STYLE_FILL_AREA ( #1924 ) ;
#1575 = CARTESIAN_POINT ( 'NONE',  ( 1400.000000000000000, 1.224646799147352901E-14, 300.0000000000000000 ) ) ;
#1576 = PLANE ( 'NONE',  #1560 ) ;
#1577 = CARTESIAN_POINT ( 'NONE',  ( 17.56018885414577468, 19.24254134127681581, -300.0000000000000000 ) ) ;
#1578 = LINE ( 'NONE', #2445, #4431 ) ;
#1579 = SURFACE_SIDE_STYLE ('',( #4395 ) ) ;
#1580 = DIRECTION ( 'NONE',  ( 1.000000000000000000, -1.452739571261823737E-15, -0.000000000000000000 ) ) ;
#1581 = ORIENTED_EDGE ( 'NONE', *, *, #1238, .T. ) ;
#1582 =( GEOMETRIC_REPRESENTATION_CONTEXT ( 3 ) GLOBAL_UNCERTAINTY_ASSIGNED_CONTEXT ( ( #2084 ) ) GLOBAL_UNIT_ASSIGNED_CONTEXT ( ( #4984, #4190, #2487 ) ) REPRESENTATION_CONTEXT ( 'NONE', 'WORKASPACE' ) );
#1583 = DIRECTION ( 'NONE',  ( 2.127812435020657618E-15, -0.000000000000000000, 1.000000000000000000 ) ) ;
#1584 = ORIENTED_EDGE ( 'NONE', *, *, #3178, .T. ) ;
#1585 = CARTESIAN_POINT ( 'NONE',  ( 0.000000000000000000, 0.000000000000000000, 301.0000000000000568 ) ) ;
#1586 = ADVANCED_FACE ( 'NONE', ( #2486 ), #1404, .F. ) ;
#1587 = EDGE_CURVE ( 'NONE', #3324, #4211, #2137, .T. ) ;
#1588 = CARTESIAN_POINT ( 'NONE',  ( 0.000000000000000000, -100.0000000000000000, 280.0000000000000000 ) ) ;
#1589 = VERTEX_POINT ( 'NONE', #99 ) ;
#1590 = DIRECTION ( 'NONE',  ( -0.000000000000000000, -0.000000000000000000, 1.000000000000000000 ) ) ;
#1591 = VECTOR ( 'NONE', #4782, 1000.000000000000114 ) ;
#1592 = VECTOR ( 'NONE', #4518, 1000.000000000000000 ) ;
#1593 = SURFACE_STYLE_USAGE ( .BOTH. , #1146 ) ;
#1594 = CARTESIAN_POINT ( 'NONE',  ( 1482.439811145854264, 19.24254134127678739, 320.0000000000000000 ) ) ;
#1595 = DIRECTION ( 'NONE',  ( 0.000000000000000000, 0.000000000000000000, 1.000000000000000000 ) ) ;
#1596 = MECHANICAL_DESIGN_GEOMETRIC_PRESENTATION_REPRESENTATION (  '', ( #3826 ), #2514 ) ;
#1597 = VECTOR ( 'NONE', #3516, 1000.000000000000000 ) ;
#1598 = DIRECTION ( 'NONE',  ( 0.000000000000000000, -0.000000000000000000, -1.000000000000000000 ) ) ;
#1599 = CARTESIAN_POINT ( 'NONE',  ( 0.000000000000000000, 100.0000000000000000, 280.0000000000000000 ) ) ;
#1600 = MECHANICAL_DESIGN_GEOMETRIC_PRESENTATION_REPRESENTATION (  '', ( #3268 ), #5220 ) ;
#1601 = COLOUR_RGB ( '',1.000000000000000000, 1.000000000000000000, 0.000000000000000000 ) ;
#1602 = UNCERTAINTY_MEASURE_WITH_UNIT (LENGTH_MEASURE( 1.000000000000000082E-05 ), #5028, 'distance_accuracy_value', 'NONE');
#1603 = EDGE_CURVE ( 'NONE', #4378, #1955, #5367, .T. ) ;
#1604 = ADVANCED_FACE ( 'NONE', ( #979 ), #1384, .T. ) ;
#1605 = SURFACE_STYLE_USAGE ( .BOTH. , #5470 ) ;
#1606 = CARTESIAN_POINT ( 'NONE',  ( 806.2118054896012609, -15.26077213197413229, 0.000000000000000000 ) ) ;
#1607 = CARTESIAN_POINT ( 'NONE',  ( 907.0854269245697878, 89.61245815494616807, -175.8942926348141498 ) ) ;
#1608 = STYLED_ITEM ( 'NONE', ( #2555 ), #3332 ) ;
#1609 = CARTESIAN_POINT ( 'NONE',  ( 1100.369833262022439, 70.00000000000000000, -300.0000000000000000 ) ) ;
#1610 = EDGE_CURVE ( 'NONE', #5142, #209, #5241, .T. ) ;
#1611 = EDGE_CURVE ( 'NONE', #4793, #149, #2572, .T. ) ;
#1612 = ADVANCED_FACE ( 'NONE', ( #1310 ), #1835, .T. ) ;
#1613 = DIRECTION ( 'NONE',  ( 0.000000000000000000, 0.000000000000000000, 1.000000000000000000 ) ) ;
#1614 = DIRECTION ( 'NONE',  ( 1.000000000000000000, 0.000000000000000000, 0.000000000000000000 ) ) ;
#1615 = CIRCLE ( 'NONE', #813, 16.00000000000001421 ) ;
#1616 =( GEOMETRIC_REPRESENTATION_CONTEXT ( 3 ) GLOBAL_UNCERTAINTY_ASSIGNED_CONTEXT ( ( #761 ) ) GLOBAL_UNIT_ASSIGNED_CONTEXT ( ( #252, #3288, #679 ) ) REPRESENTATION_CONTEXT ( 'NONE', 'WORKASPACE' ) );
#1617 = CARTESIAN_POINT ( 'NONE',  ( 1500.000000000000000, 0.000000000000000000, -280.0000000000000000 ) ) ;
#1618 = ORIENTED_EDGE ( 'NONE', *, *, #1748, .T. ) ;
#1619 = PLANE ( 'NONE',  #5011 ) ;
#1620 = DIRECTION ( 'NONE',  ( 0.000000000000000000, 0.000000000000000000, -1.000000000000000000 ) ) ;
#1621 = VERTEX_POINT ( 'NONE', #4409 ) ;
#1622 = LINE ( 'NONE', #488, #3509 ) ;
#1623 = CARTESIAN_POINT ( 'NONE',  ( 0.000000000000000000, 0.000000000000000000, 280.0000000000000000 ) ) ;
#1624 = DIRECTION ( 'NONE',  ( 0.7386591800803956609, -0.6740790871128977679, 0.000000000000000000 ) ) ;
#1625 = ORIENTED_EDGE ( 'NONE', *, *, #3313, .F. ) ;
#1626 =( NAMED_UNIT ( * ) SI_UNIT ( $, .STERADIAN. ) SOLID_ANGLE_UNIT ( ) );
#1627 = DIRECTION ( 'NONE',  ( -0.000000000000000000, -0.000000000000000000, -1.000000000000000000 ) ) ;
#1628 = SURFACE_STYLE_FILL_AREA ( #4022 ) ;
#1629 =( GEOMETRIC_REPRESENTATION_CONTEXT ( 3 ) GLOBAL_UNCERTAINTY_ASSIGNED_CONTEXT ( ( #3743 ) ) GLOBAL_UNIT_ASSIGNED_CONTEXT ( ( #523, #3541, #952 ) ) REPRESENTATION_CONTEXT ( 'NONE', 'WORKASPACE' ) );
#1630 = EDGE_LOOP ( 'NONE', ( #3070, #5167, #4016, #85 ) ) ;
#1631 = ORIENTED_EDGE ( 'NONE', *, *, #3072, .T. ) ;
#1632 = FILL_AREA_STYLE_COLOUR ( '', #4902 ) ;
#1633 = DIRECTION ( 'NONE',  ( 0.000000000000000000, 0.000000000000000000, 1.000000000000000000 ) ) ;
#1634 = EDGE_CURVE ( 'NONE', #5210, #1003, #1661, .T. ) ;
#1635 = ORIENTED_EDGE ( 'NONE', *, *, #3418, .F. ) ;
#1636 =( NAMED_UNIT ( * ) PLANE_ANGLE_UNIT ( ) SI_UNIT ( $, .RADIAN. ) );
#1637 = ADVANCED_FACE ( 'NONE', ( #5042 ), #164, .F. ) ;
#1638 =( GEOMETRIC_REPRESENTATION_CONTEXT ( 3 ) GLOBAL_UNCERTAINTY_ASSIGNED_CONTEXT ( ( #426 ) ) GLOBAL_UNIT_ASSIGNED_CONTEXT ( ( #5076, #4617, #1256 ) ) REPRESENTATION_CONTEXT ( 'NONE', 'WORKASPACE' ) );
#1639 = EDGE_LOOP ( 'NONE', ( #4845, #3853, #3987, #2053 ) ) ;
#1640 = CARTESIAN_POINT ( 'NONE',  ( 1484.000000000000000, 0.000000000000000000, -380.0000000000000000 ) ) ;
#1641 = ORIENTED_EDGE ( 'NONE', *, *, #4966, .F. ) ;
#1642 = SURFACE_SIDE_STYLE ('',( #3086 ) ) ;
#1643 = EDGE_CURVE ( 'NONE', #685, #698, #5106, .T. ) ;
#1644 = ORIENTED_EDGE ( 'NONE', *, *, #1711, .F. ) ;
#1645 = ORIENTED_EDGE ( 'NONE', *, *, #1986, .F. ) ;
#1646 = AXIS2_PLACEMENT_3D ( 'NONE', #770, #2094, #2537 ) ;
#1647 =( NAMED_UNIT ( * ) SI_UNIT ( $, .STERADIAN. ) SOLID_ANGLE_UNIT ( ) );
#1648 = CARTESIAN_POINT ( 'NONE',  ( 818.8953879297326921, 1.217749339177641439E-13, -448.3351875541625304 ) ) ;
#1649 = DIRECTION ( 'NONE',  ( -0.000000000000000000, -0.000000000000000000, -1.000000000000000000 ) ) ;
#1650 = VERTEX_POINT ( 'NONE', #4480 ) ;
#1651 = EDGE_LOOP ( 'NONE', ( #1553, #1338, #1329, #2287 ) ) ;
#1652 = SURFACE_STYLE_USAGE ( .BOTH. , #4186 ) ;
#1653 = STYLED_ITEM ( 'NONE', ( #240 ), #1637 ) ;
#1654 = DIRECTION ( 'NONE',  ( -1.000000000000000000, 0.000000000000000000, 0.000000000000000000 ) ) ;
#1655 = ADVANCED_FACE ( 'NONE', ( #3161 ), #4068, .F. ) ;
#1656 = CIRCLE ( 'NONE', #2261, 16.00000000000001421 ) ;
#1657 = FILL_AREA_STYLE ('',( #2048 ) ) ;
#1658 =( GEOMETRIC_REPRESENTATION_CONTEXT ( 3 ) GLOBAL_UNCERTAINTY_ASSIGNED_CONTEXT ( ( #2159 ) ) GLOBAL_UNIT_ASSIGNED_CONTEXT ( ( #4, #4255, #4219 ) ) REPRESENTATION_CONTEXT ( 'NONE', 'WORKASPACE' ) );
#1659 = ORIENTED_EDGE ( 'NONE', *, *, #797, .F. ) ;
#1660 = CARTESIAN_POINT ( 'NONE',  ( 470.5255302723741124, 74.99947420548846821, -280.0000000000000000 ) ) ;
#1661 = LINE ( 'NONE', #4855, #519 ) ;
#1662 = LINE ( 'NONE', #2932, #4766 ) ;
#1663 = ADVANCED_FACE ( 'NONE', ( #4627 ), #1937, .F. ) ;
#1664 = CARTESIAN_POINT ( 'NONE',  ( 0.000000000000000000, 110.0000000000000000, 280.0000000000000000 ) ) ;
#1665 =( NAMED_UNIT ( * ) PLANE_ANGLE_UNIT ( ) SI_UNIT ( $, .RADIAN. ) );
#1666 = AXIS2_PLACEMENT_3D ( 'NONE', #368, #348, #1243 ) ;
#1667 = DIRECTION ( 'NONE',  ( -0.000000000000000000, -0.000000000000000000, 1.000000000000000000 ) ) ;
#1668 = FACE_OUTER_BOUND ( 'NONE', #4783, .T. ) ;
#1669 = UNCERTAINTY_MEASURE_WITH_UNIT (LENGTH_MEASURE( 1.000000000000000082E-05 ), #4940, 'distance_accuracy_value', 'NONE');
#1670 = FILL_AREA_STYLE_COLOUR ( '', #3891 ) ;
#1671 = ORIENTED_EDGE ( 'NONE', *, *, #2191, .F. ) ;
#1672 =( NAMED_UNIT ( * ) SI_UNIT ( $, .STERADIAN. ) SOLID_ANGLE_UNIT ( ) );
#1673 = VERTEX_POINT ( 'NONE', #2824 ) ;
#1674 = VECTOR ( 'NONE', #4489, 1000.000000000000000 ) ;
#1675 = EDGE_CURVE ( 'NONE', #298, #484, #5359, .T. ) ;
#1676 = DIRECTION ( 'NONE',  ( -0.000000000000000000, -0.000000000000000000, 1.000000000000000000 ) ) ;
#1677 = VERTEX_POINT ( 'NONE', #1528 ) ;
#1678 = PRESENTATION_LAYER_ASSIGNMENT (  '', '', ( #803 ) ) ;
#1679 = EDGE_LOOP ( 'NONE', ( #2725, #5461, #2673, #4591 ) ) ;
#1680 = VECTOR ( 'NONE', #4932, 1000.000000000000000 ) ;
#1681 = LINE ( 'NONE', #526, #4983 ) ;
#1682 = ORIENTED_EDGE ( 'NONE', *, *, #3010, .F. ) ;
#1683 = DIRECTION ( 'NONE',  ( -0.000000000000000000, 0.000000000000000000, -1.000000000000000000 ) ) ;
#1684 = FILL_AREA_STYLE_COLOUR ( '', #177 ) ;
#1685 = VERTEX_POINT ( 'NONE', #226 ) ;
#1686 = PRESENTATION_STYLE_ASSIGNMENT (( #1188 ) ) ;
#1687 = DIRECTION ( 'NONE',  ( 0.000000000000000000, 0.000000000000000000, 1.000000000000000000 ) ) ;
#1688 = CARTESIAN_POINT ( 'NONE',  ( 1517.560188854146190, 19.24254134127678739, -320.0000000000000000 ) ) ;
#1689 = ORIENTED_EDGE ( 'NONE', *, *, #4745, .F. ) ;
#1690 = VECTOR ( 'NONE', #5316, 1000.000000000000000 ) ;
#1691 = CARTESIAN_POINT ( 'NONE',  ( 1220.369833262022212, 70.00000000000000000, -300.0000000000000000 ) ) ;
#1692 = STYLED_ITEM ( 'NONE', ( #1183 ), #216 ) ;
#1693 = ADVANCED_FACE ( 'NONE', ( #2567 ), #3421, .T. ) ;
#1694 = ORIENTED_EDGE ( 'NONE', *, *, #1853, .F. ) ;
#1695 =( NAMED_UNIT ( * ) PLANE_ANGLE_UNIT ( ) SI_UNIT ( $, .RADIAN. ) );
#1696 = CARTESIAN_POINT ( 'NONE',  ( 1484.000000000000000, 0.000000000000000000, 380.0000000000000000 ) ) ;
#1697 = EDGE_LOOP ( 'NONE', ( #4909, #2002, #2972, #327 ) ) ;
#1698 = ORIENTED_EDGE ( 'NONE', *, *, #2681, .T. ) ;
#1699 = CARTESIAN_POINT ( 'NONE',  ( 1500.000000000000000, 0.000000000000000000, 320.0000000000000000 ) ) ;
#1700 = PRESENTATION_LAYER_ASSIGNMENT (  '', '', ( #3546 ) ) ;
#1701 = PRESENTATION_STYLE_ASSIGNMENT (( #3669 ) ) ;
#1702 = DIRECTION ( 'NONE',  ( -0.000000000000000000, -0.000000000000000000, -1.000000000000000000 ) ) ;
#1703 = DIRECTION ( 'NONE',  ( -0.000000000000000000, -0.000000000000000000, -1.000000000000000000 ) ) ;
#1704 = DIRECTION ( 'NONE',  ( -1.000000000000000000, 0.000000000000000000, 0.000000000000000000 ) ) ;
#1705 = ORIENTED_EDGE ( 'NONE', *, *, #4525, .T. ) ;
#1706 = AXIS2_PLACEMENT_3D ( 'NONE', #3730, #4546, #5341 ) ;
#1707 = VERTEX_POINT ( 'NONE', #3638 ) ;
#1708 = DIRECTION ( 'NONE',  ( 0.000000000000000000, 0.000000000000000000, 1.000000000000000000 ) ) ;
#1709 = VECTOR ( 'NONE', #678, 1000.000000000000000 ) ;
#1710 = CARTESIAN_POINT ( 'NONE',  ( 1500.000000000000000, 110.0000000000000000, -280.0000000000000000 ) ) ;
#1711 = EDGE_CURVE ( 'NONE', #1814, #786, #975, .T. ) ;
#1712 = DIRECTION ( 'NONE',  ( 1.000000000000000000, 0.000000000000000000, -0.000000000000000000 ) ) ;
#1713 = VECTOR ( 'NONE', #3223, 1000.000000000000000 ) ;
#1714 = ADVANCED_FACE ( 'NONE', ( #4254 ), #5268, .T. ) ;
#1715 = AXIS2_PLACEMENT_3D ( 'NONE', #3989, #2359, #174 ) ;
#1716 = DIRECTION ( 'NONE',  ( -0.000000000000000000, -0.000000000000000000, 1.000000000000000000 ) ) ;
#1717 = ORIENTED_EDGE ( 'NONE', *, *, #414, .T. ) ;
#1718 = EDGE_CURVE ( 'NONE', #3570, #1774, #1919, .T. ) ;
#1719 = DIRECTION ( 'NONE',  ( 0.000000000000000000, -1.000000000000000000, 0.000000000000000000 ) ) ;
#1720 = EDGE_CURVE ( 'NONE', #346, #4378, #2408, .T. ) ;
#1721 = DIRECTION ( 'NONE',  ( 0.000000000000000000, -1.000000000000000000, 0.000000000000000000 ) ) ;
#1722 = AXIS2_PLACEMENT_3D ( 'NONE', #3296, #3699, #1962 ) ;
#1723 = STYLED_ITEM ( 'NONE', ( #461 ), #4625 ) ;
#1724 = ADVANCED_FACE ( 'NONE', ( #3996 ), #696, .T. ) ;
#1725 = DIRECTION ( 'NONE',  ( -0.000000000000000000, 0.000000000000000000, 1.000000000000000000 ) ) ;
#1726 = FACE_OUTER_BOUND ( 'NONE', #1740, .T. ) ;
#1727 = CARTESIAN_POINT ( 'NONE',  ( 0.000000000000000000, 0.000000000000000000, -280.0000000000000000 ) ) ;
#1728 = VERTEX_POINT ( 'NONE', #667 ) ;
#1729 = DIRECTION ( 'NONE',  ( 0.000000000000000000, 0.000000000000000000, -1.000000000000000000 ) ) ;
#1730 = CARTESIAN_POINT ( 'NONE',  ( 1540.807565298936424, -49.02021348074790552, 300.0000000000000000 ) ) ;
#1731 = LINE ( 'NONE', #4655, #445 ) ;
#1732 =( NAMED_UNIT ( * ) SI_UNIT ( $, .STERADIAN. ) SOLID_ANGLE_UNIT ( ) );
#1733 = CARTESIAN_POINT ( 'NONE',  ( 1040.369833262022439, 70.00000000000000000, 300.0000000000000000 ) ) ;
#1734 = AXIS2_PLACEMENT_3D ( 'NONE', #1727, #1667, #4293 ) ;
#1735 = PLANE ( 'NONE',  #4538 ) ;
#1736 = MANIFOLD_SOLID_BREP ( 'Boss-Extrude20[3]', #3798 ) ;
#1737 = DIRECTION ( 'NONE',  ( -1.000000000000000000, 0.000000000000000000, 0.000000000000000000 ) ) ;
#1738 = EDGE_CURVE ( 'NONE', #2729, #1141, #2700, .T. ) ;
#1739 =( NAMED_UNIT ( * ) SI_UNIT ( $, .STERADIAN. ) SOLID_ANGLE_UNIT ( ) );
#1740 = EDGE_LOOP ( 'NONE', ( #3565, #3887 ) ) ;
#1741 = LINE ( 'NONE', #3388, #588 ) ;
#1742 = CLOSED_SHELL ( 'NONE', ( #744, #1693, #2268, #2047 ) ) ;
#1743 =( GEOMETRIC_REPRESENTATION_CONTEXT ( 3 ) GLOBAL_UNCERTAINTY_ASSIGNED_CONTEXT ( ( #5206 ) ) GLOBAL_UNIT_ASSIGNED_CONTEXT ( ( #4473, #3251, #312 ) ) REPRESENTATION_CONTEXT ( 'NONE', 'WORKASPACE' ) );
#1744 = SURFACE_STYLE_USAGE ( .BOTH. , #2627 ) ;
#1745 = VERTEX_POINT ( 'NONE', #687 ) ;
#1746 = ADVANCED_FACE ( 'NONE', ( #3814 ), #4123, .F. ) ;
#1747 = VERTEX_POINT ( 'NONE', #3311 ) ;
#1748 = EDGE_CURVE ( 'NONE', #878, #931, #1102, .T. ) ;
#1749 = LINE ( 'NONE', #2878, #3055 ) ;
#1750 = FILL_AREA_STYLE_COLOUR ( '', #2 ) ;
#1751 =( NAMED_UNIT ( * ) SI_UNIT ( $, .STERADIAN. ) SOLID_ANGLE_UNIT ( ) );
#1752 = ORIENTED_EDGE ( 'NONE', *, *, #5358, .T. ) ;
#1753 = CIRCLE ( 'NONE', #583, 100.0000000000000853 ) ;
#1754 = MECHANICAL_DESIGN_GEOMETRIC_PRESENTATION_REPRESENTATION (  '', ( #2231 ), #3038 ) ;
#1755 = EDGE_LOOP ( 'NONE', ( #5485, #2664, #2753, #2256 ) ) ;
#1756 = ORIENTED_EDGE ( 'NONE', *, *, #1269, .T. ) ;
#1757 = EDGE_LOOP ( 'NONE', ( #1698, #3269, #1908, #717, #3450, #3129, #4467, #4227, #1869, #4950 ) ) ;
#1758 = DIRECTION ( 'NONE',  ( 0.000000000000000000, -0.000000000000000000, -1.000000000000000000 ) ) ;
#1759 = VERTEX_POINT ( 'NONE', #2031 ) ;
#1760 = DIRECTION ( 'NONE',  ( -0.000000000000000000, -0.000000000000000000, -1.000000000000000000 ) ) ;
#1761 = DIRECTION ( 'NONE',  ( -0.000000000000000000, -0.000000000000000000, 1.000000000000000000 ) ) ;
#1762 = VERTEX_POINT ( 'NONE', #1165 ) ;
#1763 = PLANE ( 'NONE',  #131 ) ;
#1764 = VERTEX_POINT ( 'NONE', #2904 ) ;
#1765 = PLANE ( 'NONE',  #1106 ) ;
#1766 = PRESENTATION_LAYER_ASSIGNMENT (  '', '', ( #3786 ) ) ;
#1767 = PRESENTATION_STYLE_ASSIGNMENT (( #311 ) ) ;
#1768 = ORIENTED_EDGE ( 'NONE', *, *, #2913, .T. ) ;
#1769 = EDGE_LOOP ( 'NONE', ( #1101, #1644, #2528, #5235 ) ) ;
#1770 = COLOUR_RGB ( '',0.7921568627450980005, 0.8196078431372548767, 0.9333333333333333481 ) ;
#1771 = UNCERTAINTY_MEASURE_WITH_UNIT (LENGTH_MEASURE( 1.000000000000000082E-05 ), #1548, 'distance_accuracy_value', 'NONE');
#1772 = FILL_AREA_STYLE_COLOUR ( '', #5086 ) ;
#1773 = STYLED_ITEM ( 'NONE', ( #1789 ), #1149 ) ;
#1774 = VERTEX_POINT ( 'NONE', #3751 ) ;
#1775 = LINE ( 'NONE', #1944, #1709 ) ;
#1776 = CARTESIAN_POINT ( 'NONE',  ( 470.5255302723741124, 89.61245815494616807, 280.0000000000000000 ) ) ;
#1777 = DIRECTION ( 'NONE',  ( 1.000000000000000000, 0.000000000000000000, 0.000000000000000000 ) ) ;
#1778 = PLANE ( 'NONE',  #3023 ) ;
#1779 = ORIENTED_EDGE ( 'NONE', *, *, #315, .F. ) ;
#1780 = DIRECTION ( 'NONE',  ( 1.000000000000000000, 0.000000000000000000, -0.000000000000000000 ) ) ;
#1781 = ORIENTED_EDGE ( 'NONE', *, *, #1099, .T. ) ;
#1782 = FILL_AREA_STYLE ('',( #4750 ) ) ;
#1783 = FACE_OUTER_BOUND ( 'NONE', #674, .T. ) ;
#1784 = DIRECTION ( 'NONE',  ( 0.000000000000000000, 0.000000000000000000, 1.000000000000000000 ) ) ;
#1785 = EDGE_CURVE ( 'NONE', #4771, #668, #3124, .T. ) ;
#1786 = DIRECTION ( 'NONE',  ( -0.000000000000000000, -1.000000000000000000, -0.000000000000000000 ) ) ;
#1787 = DIRECTION ( 'NONE',  ( 0.000000000000000000, -1.000000000000000000, 0.000000000000000000 ) ) ;
#1788 = ORIENTED_EDGE ( 'NONE', *, *, #3732, .F. ) ;
#1789 = PRESENTATION_STYLE_ASSIGNMENT (( #3242 ) ) ;
#1790 = DIRECTION ( 'NONE',  ( 0.000000000000000000, 0.000000000000000000, 1.000000000000000000 ) ) ;
#1791 = PLANE ( 'NONE',  #549 ) ;
#1792 = SURFACE_STYLE_USAGE ( .BOTH. , #4374 ) ;
#1793 = DIRECTION ( 'NONE',  ( 1.000000000000000000, 0.000000000000000000, 0.000000000000000000 ) ) ;
#1794 = DIRECTION ( 'NONE',  ( 0.000000000000000000, -1.000000000000000000, 0.000000000000000000 ) ) ;
#1795 = VECTOR ( 'NONE', #4962, 1000.000000000000000 ) ;
#1796 = CARTESIAN_POINT ( 'NONE',  ( 1500.000000000000000, 0.000000000000000000, 330.0000000000000000 ) ) ;
#1797 = DIRECTION ( 'NONE',  ( 0.000000000000000000, 0.000000000000000000, -1.000000000000000000 ) ) ;
#1798 = DIRECTION ( 'NONE',  ( 2.127812435020659195E-15, 0.000000000000000000, -1.000000000000000000 ) ) ;
#1799 = DIRECTION ( 'NONE',  ( 0.000000000000000000, 0.000000000000000000, 1.000000000000000000 ) ) ;
#1800 = LINE ( 'NONE', #4131, #320 ) ;
#1801 = PRESENTATION_LAYER_ASSIGNMENT (  '', '', ( #4369 ) ) ;
#1802 =( NAMED_UNIT ( * ) PLANE_ANGLE_UNIT ( ) SI_UNIT ( $, .RADIAN. ) );
#1803 = EDGE_LOOP ( 'NONE', ( #5019, #1645, #3593, #2867 ) ) ;
#1804 = VECTOR ( 'NONE', #471, 1000.000000000000000 ) ;
#1805 = MANIFOLD_SOLID_BREP ( 'Mirror11', #3966 ) ;
#1806 = FACE_OUTER_BOUND ( 'NONE', #1535, .T. ) ;
#1807 = FACE_OUTER_BOUND ( 'NONE', #858, .T. ) ;
#1808 = ORIENTED_EDGE ( 'NONE', *, *, #1986, .T. ) ;
#1809 = DIRECTION ( 'NONE',  ( -0.000000000000000000, -0.000000000000000000, -1.000000000000000000 ) ) ;
#1810 = CARTESIAN_POINT ( 'NONE',  ( -0.000000000000000000, -49.02021348074790552, 300.0000000000000000 ) ) ;
#1811 = EDGE_LOOP ( 'NONE', ( #2025, #1277, #3019, #840 ) ) ;
#1812 = EDGE_CURVE ( 'NONE', #1747, #290, #3564, .T. ) ;
#1813 = CARTESIAN_POINT ( 'NONE',  ( 1008.549030229681307, 89.61245815494616807, -280.0000000000000000 ) ) ;
#1814 = VERTEX_POINT ( 'NONE', #2446 ) ;
#1815 = CARTESIAN_POINT ( 'NONE',  ( 664.0137346702906598, -727.6295173529550766, 320.0000000000000000 ) ) ;
#1816 = DIRECTION ( 'NONE',  ( 1.000000000000000000, 0.000000000000000000, 0.000000000000000000 ) ) ;
#1817 = PRESENTATION_STYLE_ASSIGNMENT (( #2574 ) ) ;
#1818 = AXIS2_PLACEMENT_3D ( 'NONE', #787, #4634, #1725 ) ;
#1819 = ORIENTED_EDGE ( 'NONE', *, *, #4817, .F. ) ;
#1820 = EDGE_CURVE ( 'NONE', #5210, #2010, #2288, .T. ) ;
#1821 = ORIENTED_EDGE ( 'NONE', *, *, #1531, .T. ) ;
#1822 = EDGE_CURVE ( 'NONE', #1285, #1958, #1124, .T. ) ;
#1823 = VECTOR ( 'NONE', #4356, 1000.000000000000000 ) ;
#1824 = DIRECTION ( 'NONE',  ( 1.000000000000000000, 0.000000000000000000, 0.000000000000000000 ) ) ;
#1825 = ORIENTED_EDGE ( 'NONE', *, *, #4804, .T. ) ;
#1826 = AXIS2_PLACEMENT_3D ( 'NONE', #4493, #1945, #1435 ) ;
#1827 = ORIENTED_EDGE ( 'NONE', *, *, #4860, .T. ) ;
#1828 = AXIS2_PLACEMENT_3D ( 'NONE', #4628, #5068, #2969 ) ;
#1829 = ORIENTED_EDGE ( 'NONE', *, *, #2023, .T. ) ;
#1830 = DIRECTION ( 'NONE',  ( -2.260265279660158334E-15, -0.000000000000000000, -1.000000000000000000 ) ) ;
#1831 = ORIENTED_EDGE ( 'NONE', *, *, #4851, .F. ) ;
#1832 = LINE ( 'NONE', #1899, #812 ) ;
#1833 = ADVANCED_FACE ( 'NONE', ( #1807 ), #651, .F. ) ;
#1834 = CARTESIAN_POINT ( 'NONE',  ( 1070.369833262022439, 70.00000000000000000, -300.0000000000000000 ) ) ;
#1835 = PLANE ( 'NONE',  #1933 ) ;
#1836 = DIRECTION ( 'NONE',  ( -0.000000000000000000, -0.000000000000000000, -1.000000000000000000 ) ) ;
#1837 = ORIENTED_EDGE ( 'NONE', *, *, #227, .T. ) ;
#1838 = ORIENTED_EDGE ( 'NONE', *, *, #2778, .T. ) ;
#1839 = CARTESIAN_POINT ( 'NONE',  ( 309.6301667379777314, 70.00000000000000000, -300.0000000000000000 ) ) ;
#1840 = ORIENTED_EDGE ( 'NONE', *, *, #1785, .T. ) ;
#1841 = STYLED_ITEM ( 'NONE', ( #2449 ), #392 ) ;
#1842 = FACE_OUTER_BOUND ( 'NONE', #740, .T. ) ;
#1843 = UNCERTAINTY_MEASURE_WITH_UNIT (LENGTH_MEASURE( 1.000000000000000082E-05 ), #82, 'distance_accuracy_value', 'NONE');
#1844 = CARTESIAN_POINT ( 'NONE',  ( 1540.807565298936424, -49.02021348074790552, 380.0000000000000000 ) ) ;
#1845 = EDGE_LOOP ( 'NONE', ( #4831, #868, #123, #5259 ) ) ;
#1846 = VECTOR ( 'NONE', #615, 1000.000000000000000 ) ;
#1847 = FILL_AREA_STYLE_COLOUR ( '', #1282 ) ;
#1848 = ORIENTED_EDGE ( 'NONE', *, *, #4316, .F. ) ;
#1849 = DIRECTION ( 'NONE',  ( 0.000000000000000000, -0.000000000000000000, 1.000000000000000000 ) ) ;
#1850 = DIRECTION ( 'NONE',  ( -0.000000000000000000, 0.000000000000000000, 1.000000000000000000 ) ) ;
#1851 = CARTESIAN_POINT ( 'NONE',  ( 691.5777327430830610, -161.3648997254208268, 45.29195697192869829 ) ) ;
#1852 = EDGE_LOOP ( 'NONE', ( #5408, #5072, #3329, #5 ) ) ;
#1853 = EDGE_CURVE ( 'NONE', #3789, #1503, #4273, .T. ) ;
#1854 = ORIENTED_EDGE ( 'NONE', *, *, #5500, .F. ) ;
#1855 = ORIENTED_EDGE ( 'NONE', *, *, #2071, .T. ) ;
#1856 = CARTESIAN_POINT ( 'NONE',  ( 0.000000000000000000, 0.000000000000000000, -280.0000000000000000 ) ) ;
#1857 = FACE_OUTER_BOUND ( 'NONE', #275, .T. ) ;
#1858 = DIRECTION ( 'NONE',  ( 0.000000000000000000, 0.000000000000000000, 1.000000000000000000 ) ) ;
#1859 = CLOSED_SHELL ( 'NONE', ( #4263, #3483, #1311, #122 ) ) ;
#1860 = LINE ( 'NONE', #4350, #3106 ) ;
#1861 = AXIS2_PLACEMENT_3D ( 'NONE', #915, #1790, #4737 ) ;
#1862 = SURFACE_SIDE_STYLE ('',( #3342 ) ) ;
#1863 = CYLINDRICAL_SURFACE ( 'NONE', #5297, 30.00000000000002842 ) ;
#1864 = CARTESIAN_POINT ( 'NONE',  ( 907.0854269245697878, 91.61245815494616807, 175.8942926348142066 ) ) ;
#1865 = FILL_AREA_STYLE ('',( #966 ) ) ;
#1866 = FACE_OUTER_BOUND ( 'NONE', #425, .T. ) ;
#1867 = VECTOR ( 'NONE', #2022, 1000.000000000000114 ) ;
#1868 = SURFACE_SIDE_STYLE ('',( #1574 ) ) ;
#1869 = ORIENTED_EDGE ( 'NONE', *, *, #2227, .F. ) ;
#1870 = ORIENTED_EDGE ( 'NONE', *, *, #227, .F. ) ;
#1871 = CARTESIAN_POINT ( 'NONE',  ( 1503.120971213320217, -134.9639193958356600, -301.0000000000000568 ) ) ;
#1872 = ORIENTED_EDGE ( 'NONE', *, *, #258, .T. ) ;
#1873 = LINE ( 'NONE', #2162, #3571 ) ;
#1874 =( GEOMETRIC_REPRESENTATION_CONTEXT ( 3 ) GLOBAL_UNCERTAINTY_ASSIGNED_CONTEXT ( ( #4960 ) ) GLOBAL_UNIT_ASSIGNED_CONTEXT ( ( #2559, #2074, #1273 ) ) REPRESENTATION_CONTEXT ( 'NONE', 'WORKASPACE' ) );
#1875 = LINE ( 'NONE', #5081, #2302 ) ;
#1876 =( NAMED_UNIT ( * ) PLANE_ANGLE_UNIT ( ) SI_UNIT ( $, .RADIAN. ) );
#1877 = DIRECTION ( 'NONE',  ( 0.000000000000000000, 0.000000000000000000, -1.000000000000000000 ) ) ;
#1878 = ORIENTED_EDGE ( 'NONE', *, *, #4348, .T. ) ;
#1879 = EDGE_CURVE ( 'NONE', #3186, #728, #5449, .T. ) ;
#1880 = ORIENTED_EDGE ( 'NONE', *, *, #3079, .F. ) ;
#1881 = ORIENTED_EDGE ( 'NONE', *, *, #5047, .F. ) ;
#1882 = CARTESIAN_POINT ( 'NONE',  ( 691.5777327430830610, 74.99947420548846821, 45.29195697192869829 ) ) ;
#1883 = ORIENTED_EDGE ( 'NONE', *, *, #4577, .T. ) ;
#1884 = VECTOR ( 'NONE', #3822, 1000.000000000000000 ) ;
#1885 = CYLINDRICAL_SURFACE ( 'NONE', #3934, 30.00000000000002842 ) ;
#1886 = CARTESIAN_POINT ( 'NONE',  ( 1517.560188854146190, 19.24254134127678739, 300.0000000000000000 ) ) ;
#1887 = COLOUR_RGB ( '',1.000000000000000000, 1.000000000000000000, 0.000000000000000000 ) ;
#1888 = EDGE_CURVE ( 'NONE', #2652, #4442, #5060, .T. ) ;
#1889 = EDGE_CURVE ( 'NONE', #4450, #3135, #5376, .T. ) ;
#1890 = CARTESIAN_POINT ( 'NONE',  ( 1503.120971213320217, 134.9639193958356884, 301.0000000000000568 ) ) ;
#1891 = CARTESIAN_POINT ( 'NONE',  ( 1070.369833262022439, 70.00000000000000000, -300.0000000000000000 ) ) ;
#1892 = CARTESIAN_POINT ( 'NONE',  ( 0.000000000000000000, 100.0000000000000000, 280.0000000000000000 ) ) ;
#1893 = STYLED_ITEM ( 'NONE', ( #2152 ), #5170 ) ;
#1894 = VERTEX_POINT ( 'NONE', #784 ) ;
#1895 = SURFACE_STYLE_FILL_AREA ( #1160 ) ;
#1896 = VECTOR ( 'NONE', #2171, 1000.000000000000000 ) ;
#1897 = AXIS2_PLACEMENT_3D ( 'NONE', #6, #2655, #4728 ) ;
#1898 = LINE ( 'NONE', #5043, #3470 ) ;
#1899 = CARTESIAN_POINT ( 'NONE',  ( -40.80756529893636753, 0.000000000000000000, -320.0000000000000000 ) ) ;
#1900 = EDGE_LOOP ( 'NONE', ( #419, #3102, #1768, #806 ) ) ;
#1901 = FILL_AREA_STYLE ('',( #3604 ) ) ;
#1902 = EDGE_LOOP ( 'NONE', ( #1148, #250, #3137, #15 ) ) ;
#1903 = VECTOR ( 'NONE', #3265, 1000.000000000000000 ) ;
#1904 = UNCERTAINTY_MEASURE_WITH_UNIT (LENGTH_MEASURE( 1.000000000000000082E-05 ), #214, 'distance_accuracy_value', 'NONE');
#1905 = CARTESIAN_POINT ( 'NONE',  ( 17.56018885414577468, 19.24254134127681581, -320.0000000000000000 ) ) ;
#1906 = AXIS2_PLACEMENT_3D ( 'NONE', #5292, #4006, #2776 ) ;
#1907 = DIRECTION ( 'NONE',  ( 0.000000000000000000, 0.000000000000000000, 1.000000000000000000 ) ) ;
#1908 = ORIENTED_EDGE ( 'NONE', *, *, #1610, .T. ) ;
#1909 = CARTESIAN_POINT ( 'NONE',  ( -40.80756529893636753, 0.000000000000000000, 320.0000000000000000 ) ) ;
#1910 = LINE ( 'NONE', #1383, #5026 ) ;
#1911 = CARTESIAN_POINT ( 'NONE',  ( 0.000000000000000000, -135.0000000000000000, 280.0000000000000000 ) ) ;
#1912 = EDGE_LOOP ( 'NONE', ( #4133, #5197 ) ) ;
#1913 = DIRECTION ( 'NONE',  ( -0.000000000000000000, -0.000000000000000000, 1.000000000000000000 ) ) ;
#1914 = CARTESIAN_POINT ( 'NONE',  ( 571.9891335774856316, 91.61245815494616807, -123.7175590866629449 ) ) ;
#1915 = LINE ( 'NONE', #4141, #2960 ) ;
#1916 = EDGE_CURVE ( 'NONE', #3252, #1001, #5445, .T. ) ;
#1917 = AXIS2_PLACEMENT_3D ( 'NONE', #3533, #1809, #1348 ) ;
#1918 = LINE ( 'NONE', #5365, #4124 ) ;
#1919 = CIRCLE ( 'NONE', #2873, 30.00000000000002842 ) ;
#1920 = EDGE_CURVE ( 'NONE', #4874, #1206, #3761, .T. ) ;
#1921 = EDGE_CURVE ( 'NONE', #5052, #1621, #3370, .T. ) ;
#1922 = VERTEX_POINT ( 'NONE', #823 ) ;
#1923 = ORIENTED_EDGE ( 'NONE', *, *, #2115, .F. ) ;
#1924 = FILL_AREA_STYLE ('',( #4863 ) ) ;
#1925 = CIRCLE ( 'NONE', #974, 100.0000000000000000 ) ;
#1926 = CARTESIAN_POINT ( 'NONE',  ( 1482.439811145854264, 19.24254134127678739, -330.0000000000000000 ) ) ;
#1927 = SURFACE_STYLE_FILL_AREA ( #2498 ) ;
#1928 = PRESENTATION_LAYER_ASSIGNMENT (  '', '', ( #5333 ) ) ;
#1929 = FACE_OUTER_BOUND ( 'NONE', #1979, .T. ) ;
#1930 =( NAMED_UNIT ( * ) PLANE_ANGLE_UNIT ( ) SI_UNIT ( $, .RADIAN. ) );
#1931 = DIRECTION ( 'NONE',  ( -0.000000000000000000, -0.000000000000000000, 1.000000000000000000 ) ) ;
#1932 = PRESENTATION_STYLE_ASSIGNMENT (( #2416 ) ) ;
#1933 = AXIS2_PLACEMENT_3D ( 'NONE', #5224, #3156, #551 ) ;
#1934 =( NAMED_UNIT ( * ) SI_UNIT ( $, .STERADIAN. ) SOLID_ANGLE_UNIT ( ) );
#1935 = VERTEX_POINT ( 'NONE', #3423 ) ;
#1936 = CARTESIAN_POINT ( 'NONE',  ( 571.9891335774856316, 89.61245815494616807, -175.8942926348141498 ) ) ;
#1937 = PLANE ( 'NONE',  #469 ) ;
#1938 = SURFACE_STYLE_FILL_AREA ( #4684 ) ;
#1939 = VECTOR ( 'NONE', #4814, 1000.000000000000000 ) ;
#1940 = DIRECTION ( 'NONE',  ( -0.7386591800803956609, 0.6740790871128977679, 0.000000000000000000 ) ) ;
#1941 = AXIS2_PLACEMENT_3D ( 'NONE', #118, #4763, #2260 ) ;
#1942 = ORIENTED_EDGE ( 'NONE', *, *, #879, .T. ) ;
#1943 = PRESENTATION_STYLE_ASSIGNMENT (( #4228 ) ) ;
#1944 = CARTESIAN_POINT ( 'NONE',  ( 0.000000000000000000, -100.0000000000000000, 280.0000000000000000 ) ) ;
#1945 = DIRECTION ( 'NONE',  ( 0.000000000000000000, 1.000000000000000000, 0.000000000000000000 ) ) ;
#1946 = AXIS2_PLACEMENT_3D ( 'NONE', #1648, #788, #4600 ) ;
#1947 =( NAMED_UNIT ( * ) SI_UNIT ( $, .STERADIAN. ) SOLID_ANGLE_UNIT ( ) );
#1948 =( LENGTH_UNIT ( ) NAMED_UNIT ( * ) SI_UNIT ( .MILLI., .METRE. ) );
#1949 = CARTESIAN_POINT ( 'NONE',  ( 309.6301667379777314, 70.00000000000000000, 300.0000000000000000 ) ) ;
#1950 =( GEOMETRIC_REPRESENTATION_CONTEXT ( 3 ) GLOBAL_UNCERTAINTY_ASSIGNED_CONTEXT ( ( #2358 ) ) GLOBAL_UNIT_ASSIGNED_CONTEXT ( ( #2313, #1410, #4836 ) ) REPRESENTATION_CONTEXT ( 'NONE', 'WORKASPACE' ) );
#1951 = VECTOR ( 'NONE', #1018, 1000.000000000000000 ) ;
#1952 = DIRECTION ( 'NONE',  ( -1.000000000000000000, 0.000000000000000000, -2.127812435020659590E-15 ) ) ;
#1953 = ORIENTED_EDGE ( 'NONE', *, *, #2049, .F. ) ;
#1954 = CARTESIAN_POINT ( 'NONE',  ( -40.80756529893636753, -49.02021348074790552, -300.0000000000000000 ) ) ;
#1955 = VERTEX_POINT ( 'NONE', #3024 ) ;
#1956 = EDGE_CURVE ( 'NONE', #298, #5052, #1741, .T. ) ;
#1957 = VECTOR ( 'NONE', #1858, 1000.000000000000000 ) ;
#1958 = VERTEX_POINT ( 'NONE', #2950 ) ;
#1959 =( GEOMETRIC_REPRESENTATION_CONTEXT ( 3 ) GLOBAL_UNCERTAINTY_ASSIGNED_CONTEXT ( ( #4776 ) ) GLOBAL_UNIT_ASSIGNED_CONTEXT ( ( #2050, #2949, #4562 ) ) REPRESENTATION_CONTEXT ( 'NONE', 'WORKASPACE' ) );
#1960 = CARTESIAN_POINT ( 'NONE',  ( 1070.369833262022439, 70.00000000000000000, 300.0000000000000000 ) ) ;
#1961 = CARTESIAN_POINT ( 'NONE',  ( 859.8430926701265662, 89.61245815494616807, 175.8942926348142066 ) ) ;
#1962 = DIRECTION ( 'NONE',  ( -1.000000000000000000, 0.000000000000000000, 0.000000000000000000 ) ) ;
#1963 = MECHANICAL_DESIGN_GEOMETRIC_PRESENTATION_REPRESENTATION (  '', ( #4801 ), #3700 ) ;
#1964 = CARTESIAN_POINT ( 'NONE',  ( 1500.000000000000000, 0.000000000000000000, -330.0000000000000000 ) ) ;
#1965 = SURFACE_STYLE_FILL_AREA ( #3679 ) ;
#1966 = DIRECTION ( 'NONE',  ( 1.000000000000000000, 0.000000000000000000, 0.000000000000000000 ) ) ;
#1967 = VECTOR ( 'NONE', #587, 1000.000000000000000 ) ;
#1968 = EDGE_LOOP ( 'NONE', ( #497, #80, #3706, #4580 ) ) ;
#1969 = EDGE_CURVE ( 'NONE', #3859, #1650, #924, .T. ) ;
#1970 = DIRECTION ( 'NONE',  ( 1.000000000000000000, 0.000000000000000000, 0.000000000000000000 ) ) ;
#1971 = SURFACE_STYLE_FILL_AREA ( #2420 ) ;
#1972 = UNCERTAINTY_MEASURE_WITH_UNIT (LENGTH_MEASURE( 1.000000000000000082E-05 ), #2413, 'distance_accuracy_value', 'NONE');
#1973 = CARTESIAN_POINT ( 'NONE',  ( 571.9891335774856316, 91.61245815494616807, -175.8942926348141498 ) ) ;
#1974 = EDGE_LOOP ( 'NONE', ( #3712, #4803, #2251, #2546 ) ) ;
#1975 = CARTESIAN_POINT ( 'NONE',  ( 0.000000000000000000, 0.000000000000000000, 280.0000000000000000 ) ) ;
#1976 = CARTESIAN_POINT ( 'NONE',  ( 0.000000000000000000, 0.000000000000000000, -280.0000000000000000 ) ) ;
#1977 =( GEOMETRIC_REPRESENTATION_CONTEXT ( 3 ) GLOBAL_UNCERTAINTY_ASSIGNED_CONTEXT ( ( #5176 ) ) GLOBAL_UNIT_ASSIGNED_CONTEXT ( ( #3436, #4662, #3554 ) ) REPRESENTATION_CONTEXT ( 'NONE', 'WORKASPACE' ) );
#1978 = CARTESIAN_POINT ( 'NONE',  ( 1500.000000000000000, 0.000000000000000000, 380.0000000000000000 ) ) ;
#1979 = EDGE_LOOP ( 'NONE', ( #38, #1358, #4383, #805 ) ) ;
#1980 = CARTESIAN_POINT ( 'NONE',  ( 1517.560188854146190, 19.24254134127662752, -380.0000000000000000 ) ) ;
#1981 = SURFACE_STYLE_FILL_AREA ( #616 ) ;
#1982 = AXIS2_PLACEMENT_3D ( 'NONE', #3258, #3619, #4032 ) ;
#1983 = CARTESIAN_POINT ( 'NONE',  ( 806.2118054896012609, -49.02021348074790552, 300.0000000000000000 ) ) ;
#1984 = CARTESIAN_POINT ( 'NONE',  ( 1482.439811145854264, 19.24254134127678739, -320.0000000000000000 ) ) ;
#1985 = ORIENTED_EDGE ( 'NONE', *, *, #3354, .T. ) ;
#1986 = EDGE_CURVE ( 'NONE', #1745, #3163, #1460, .T. ) ;
#1987 = FACE_OUTER_BOUND ( 'NONE', #3560, .T. ) ;
#1988 = VECTOR ( 'NONE', #51, 1000.000000000000000 ) ;
#1989 = FILL_AREA_STYLE_COLOUR ( '', #3238 ) ;
#1990 = STYLED_ITEM ( 'NONE', ( #836 ), #3074 ) ;
#1991 = FILL_AREA_STYLE_COLOUR ( '', #1770 ) ;
#1992 = EDGE_LOOP ( 'NONE', ( #1294, #3330, #2276, #1779 ) ) ;
#1993 = EDGE_CURVE ( 'NONE', #5285, #4565, #1323, .T. ) ;
#1994 = EDGE_CURVE ( 'NONE', #931, #3252, #3234, .T. ) ;
#1995 = VECTOR ( 'NONE', #5120, 1000.000000000000000 ) ;
#1996 = ADVANCED_FACE ( 'NONE', ( #2768 ), #1218, .F. ) ;
#1997 = CARTESIAN_POINT ( 'NONE',  ( 1500.000000000000000, 0.000000000000000000, 280.0000000000000000 ) ) ;
#1998 = ORIENTED_EDGE ( 'NONE', *, *, #2617, .T. ) ;
#1999 = DIRECTION ( 'NONE',  ( 0.000000000000000000, 0.000000000000000000, 1.000000000000000000 ) ) ;
#2000 = MECHANICAL_DESIGN_GEOMETRIC_PRESENTATION_REPRESENTATION (  '', ( #3630 ), #3741 ) ;
#2001 = VECTOR ( 'NONE', #1046, 1000.000000000000000 ) ;
#2002 = ORIENTED_EDGE ( 'NONE', *, *, #5049, .F. ) ;
#2003 = VERTEX_POINT ( 'NONE', #2593 ) ;
#2004 = UNCERTAINTY_MEASURE_WITH_UNIT (LENGTH_MEASURE( 1.000000000000000082E-05 ), #646, 'distance_accuracy_value', 'NONE');
#2005 = ORIENTED_EDGE ( 'NONE', *, *, #2777, .F. ) ;
#2006 = CARTESIAN_POINT ( 'NONE',  ( 859.8430926701264525, 89.61245815494616807, 123.7175590866630017 ) ) ;
#2007 = DIRECTION ( 'NONE',  ( 0.000000000000000000, 0.000000000000000000, 1.000000000000000000 ) ) ;
#2008 =( NAMED_UNIT ( * ) SI_UNIT ( $, .STERADIAN. ) SOLID_ANGLE_UNIT ( ) );
#2009 = ORIENTED_EDGE ( 'NONE', *, *, #5233, .F. ) ;
#2010 = VERTEX_POINT ( 'NONE', #1696 ) ;
#2011 = VECTOR ( 'NONE', #2387, 1000.000000000000000 ) ;
#2012 = DIRECTION ( 'NONE',  ( 1.000000000000000000, 0.000000000000000000, -0.000000000000000000 ) ) ;
#2013 = LINE ( 'NONE', #5459, #4529 ) ;
#2014 = FACE_OUTER_BOUND ( 'NONE', #2712, .T. ) ;
#2015 = DIRECTION ( 'NONE',  ( -0.000000000000000000, -0.000000000000000000, -1.000000000000000000 ) ) ;
#2016 = DIRECTION ( 'NONE',  ( 0.000000000000000000, 0.000000000000000000, 1.000000000000000000 ) ) ;
#2017 = VECTOR ( 'NONE', #2547, 1000.000000000000000 ) ;
#2018 =( NAMED_UNIT ( * ) PLANE_ANGLE_UNIT ( ) SI_UNIT ( $, .RADIAN. ) );
#2019 = ORIENTED_EDGE ( 'NONE', *, *, #3354, .F. ) ;
#2020 = COLOUR_RGB ( '',0.7921568627450980005, 0.8196078431372548767, 0.9333333333333333481 ) ;
#2021 = VERTEX_POINT ( 'NONE', #416 ) ;
#2022 = DIRECTION ( 'NONE',  ( -0.7703400663434765150, 0.6376332662165049570, 0.000000000000000000 ) ) ;
#2023 = EDGE_CURVE ( 'NONE', #1728, #1222, #482, .T. ) ;
#2024 = FACE_OUTER_BOUND ( 'NONE', #489, .T. ) ;
#2025 = ORIENTED_EDGE ( 'NONE', *, *, #2698, .T. ) ;
#2026 = CARTESIAN_POINT ( 'NONE',  ( 806.2118054896012609, -33.75944134877364178, -448.3351875541625304 ) ) ;
#2027 = ADVANCED_FACE ( 'NONE', ( #1552 ), #4596, .T. ) ;
#2028 = CYLINDRICAL_SURFACE ( 'NONE', #3646, 110.0000000000000000 ) ;
#2029 = SURFACE_SIDE_STYLE ('',( #649 ) ) ;
#2030 = FILL_AREA_STYLE_COLOUR ( '', #4110 ) ;
#2031 = CARTESIAN_POINT ( 'NONE',  ( 619.2314678319288532, 91.61245815494616807, -175.8942926348141498 ) ) ;
#2032 = EDGE_CURVE ( 'NONE', #3078, #1093, #4353, .T. ) ;
#2033 =( NAMED_UNIT ( * ) SI_UNIT ( $, .STERADIAN. ) SOLID_ANGLE_UNIT ( ) );
#2034 = EDGE_LOOP ( 'NONE', ( #1126, #1825, #2554, #5304 ) ) ;
#2035 = EDGE_LOOP ( 'NONE', ( #3673, #3866, #2594, #5226 ) ) ;
#2036 =( GEOMETRIC_REPRESENTATION_CONTEXT ( 3 ) GLOBAL_UNCERTAINTY_ASSIGNED_CONTEXT ( ( #3849 ) ) GLOBAL_UNIT_ASSIGNED_CONTEXT ( ( #643, #4079, #4499 ) ) REPRESENTATION_CONTEXT ( 'NONE', 'WORKASPACE' ) );
#2037 = DIRECTION ( 'NONE',  ( 1.000000000000000000, 0.000000000000000000, 0.000000000000000000 ) ) ;
#2038 = CARTESIAN_POINT ( 'NONE',  ( 806.2118054896012609, -15.26077213197414650, 300.0000000000000000 ) ) ;
#2039 = LINE ( 'NONE', #5415, #2120 ) ;
#2040 = CARTESIAN_POINT ( 'NONE',  ( 1540.807565298936424, 0.000000000000000000, 300.0000000000000000 ) ) ;
#2041 = STYLED_ITEM ( 'NONE', ( #391 ), #4751 ) ;
#2042 = DIRECTION ( 'NONE',  ( 0.000000000000000000, 0.000000000000000000, 1.000000000000000000 ) ) ;
#2043 = VERTEX_POINT ( 'NONE', #862 ) ;
#2044 = SURFACE_SIDE_STYLE ('',( #3317 ) ) ;
#2045 = VECTOR ( 'NONE', #2670, 1000.000000000000000 ) ;
#2046 = UNCERTAINTY_MEASURE_WITH_UNIT (LENGTH_MEASURE( 1.000000000000000082E-05 ), #4237, 'distance_accuracy_value', 'NONE');
#2047 = ADVANCED_FACE ( 'NONE', ( #1209 ), #2133, .T. ) ;
#2048 = FILL_AREA_STYLE_COLOUR ( '', #5199 ) ;
#2049 = EDGE_CURVE ( 'NONE', #959, #290, #2998, .T. ) ;
#2050 =( LENGTH_UNIT ( ) NAMED_UNIT ( * ) SI_UNIT ( .MILLI., .METRE. ) );
#2051 = ORIENTED_EDGE ( 'NONE', *, *, #2113, .F. ) ;
#2052 =( LENGTH_UNIT ( ) NAMED_UNIT ( * ) SI_UNIT ( .MILLI., .METRE. ) );
#2053 = ORIENTED_EDGE ( 'NONE', *, *, #3313, .T. ) ;
#2054 = VECTOR ( 'NONE', #2929, 1000.000000000000000 ) ;
#2055 = CARTESIAN_POINT ( 'NONE',  ( 1190.369833262022212, 70.00000000000000000, -300.0000000000000000 ) ) ;
#2056 = EDGE_LOOP ( 'NONE', ( #5075, #1659, #145, #4358 ) ) ;
#2057 = ADVANCED_FACE ( 'NONE', ( #202, #4724 ), #74, .T. ) ;
#2058 = CARTESIAN_POINT ( 'NONE',  ( 1482.439811145854264, 19.24254134127678739, -320.0000000000000000 ) ) ;
#2059 = SURFACE_STYLE_USAGE ( .BOTH. , #4997 ) ;
#2060 = LINE ( 'NONE', #4198, #913 ) ;
#2061 =( GEOMETRIC_REPRESENTATION_CONTEXT ( 3 ) GLOBAL_UNCERTAINTY_ASSIGNED_CONTEXT ( ( #1904 ) ) GLOBAL_UNIT_ASSIGNED_CONTEXT ( ( #214, #1151, #4089 ) ) REPRESENTATION_CONTEXT ( 'NONE', 'WORKASPACE' ) );
#2062 =( NAMED_UNIT ( * ) SI_UNIT ( $, .STERADIAN. ) SOLID_ANGLE_UNIT ( ) );
#2063 = DIRECTION ( 'NONE',  ( 1.000000000000000000, 0.000000000000000000, -2.127812435020657618E-15 ) ) ;
#2064 = ORIENTED_EDGE ( 'NONE', *, *, #191, .F. ) ;
#2065 = DIRECTION ( 'NONE',  ( -1.000000000000000000, 0.000000000000000000, 0.000000000000000000 ) ) ;
#2066 = PRESENTATION_LAYER_ASSIGNMENT (  '', '', ( #2962 ) ) ;
#2067 = VECTOR ( 'NONE', #325, 1000.000000000000000 ) ;
#2068 = FACE_OUTER_BOUND ( 'NONE', #5308, .T. ) ;
#2069 = FILL_AREA_STYLE_COLOUR ( '', #33 ) ;
#2070 = CYLINDRICAL_SURFACE ( 'NONE', #5016, 100.0000000000000000 ) ;
#2071 = EDGE_CURVE ( 'NONE', #5413, #1355, #334, .T. ) ;
#2072 = ORIENTED_EDGE ( 'NONE', *, *, #4008, .T. ) ;
#2073 = FILL_AREA_STYLE ('',( #765 ) ) ;
#2074 =( NAMED_UNIT ( * ) PLANE_ANGLE_UNIT ( ) SI_UNIT ( $, .RADIAN. ) );
#2075 = STYLED_ITEM ( 'NONE', ( #103 ), #3419 ) ;
#2076 = DIRECTION ( 'NONE',  ( -1.000000000000000000, 0.000000000000000000, 0.000000000000000000 ) ) ;
#2077 = LINE ( 'NONE', #5506, #3961 ) ;
#2078 = CARTESIAN_POINT ( 'NONE',  ( 1503.120971213320217, -134.9639193958356600, 301.0000000000000568 ) ) ;
#2079 = ADVANCED_FACE ( 'NONE', ( #2014 ), #1791, .F. ) ;
#2080 = CARTESIAN_POINT ( 'NONE',  ( 907.0854269245697878, 89.61245815494616807, 123.7175590866630017 ) ) ;
#2081 = DIRECTION ( 'NONE',  ( 1.000000000000000000, 0.000000000000000000, 0.000000000000000000 ) ) ;
#2082 = PRESENTATION_LAYER_ASSIGNMENT (  '', '', ( #1723 ) ) ;
#2083 = PLANE ( 'NONE',  #1897 ) ;
#2084 = UNCERTAINTY_MEASURE_WITH_UNIT (LENGTH_MEASURE( 1.000000000000000082E-05 ), #4984, 'distance_accuracy_value', 'NONE');
#2085 = DIRECTION ( 'NONE',  ( -0.7703400663434777362, 0.6376332662165034026, 0.000000000000000000 ) ) ;
#2086 = EDGE_LOOP ( 'NONE', ( #3458, #5249, #2965, #3803 ) ) ;
#2087 =( NAMED_UNIT ( * ) SI_UNIT ( $, .STERADIAN. ) SOLID_ANGLE_UNIT ( ) );
#2088 = FACE_OUTER_BOUND ( 'NONE', #4556, .T. ) ;
#2089 = FILL_AREA_STYLE ('',( #2069 ) ) ;
#2090 = VERTEX_POINT ( 'NONE', #363 ) ;
#2091 = ADVANCED_FACE ( 'NONE', ( #261, #3696 ), #3914, .T. ) ;
#2092 = VERTEX_POINT ( 'NONE', #5183 ) ;
#2093 = COLOUR_RGB ( '',1.000000000000000000, 1.000000000000000000, 0.000000000000000000 ) ;
#2094 = DIRECTION ( 'NONE',  ( 0.000000000000000000, 0.000000000000000000, 1.000000000000000000 ) ) ;
#2095 = EDGE_LOOP ( 'NONE', ( #591, #4188, #4837, #265, #3141, #1493, #3150, #3471, #1855, #2367, #1152, #2329 ) ) ;
#2096 = SURFACE_STYLE_FILL_AREA ( #5281 ) ;
#2097 = EDGE_LOOP ( 'NONE', ( #3900, #807, #5407, #5466 ) ) ;
#2098 = FILL_AREA_STYLE ('',( #1684 ) ) ;
#2099 = VERTEX_POINT ( 'NONE', #2689 ) ;
#2100 = DIRECTION ( 'NONE',  ( 1.000000000000000000, 0.000000000000000000, -0.000000000000000000 ) ) ;
#2101 = COLOUR_RGB ( '',0.9098039215686274384, 0.4431372549019607643, 0.03137254901960784270 ) ;
#2102 = PRESENTATION_LAYER_ASSIGNMENT (  '', '', ( #4703 ) ) ;
#2103 = CYLINDRICAL_SURFACE ( 'NONE', #2451, 26.05063588214331460 ) ;
#2104 = ORIENTED_EDGE ( 'NONE', *, *, #4804, .F. ) ;
#2105 = DIRECTION ( 'NONE',  ( -1.000000000000000000, 0.000000000000000000, 0.000000000000000000 ) ) ;
#2106 = ORIENTED_EDGE ( 'NONE', *, *, #1738, .T. ) ;
#2107 = DIRECTION ( 'NONE',  ( -1.000000000000000000, 0.000000000000000000, 0.000000000000000000 ) ) ;
#2108 = LINE ( 'NONE', #4659, #1223 ) ;
#2109 = LINE ( 'NONE', #3942, #3718 ) ;
#2110 = AXIS2_PLACEMENT_3D ( 'NONE', #148, #3193, #1445 ) ;
#2111 = EDGE_LOOP ( 'NONE', ( #2235, #4798, #4048, #2247 ) ) ;
#2112 = CARTESIAN_POINT ( 'NONE',  ( 0.000000000000000000, 0.000000000000000000, 320.0000000000000000 ) ) ;
#2113 = EDGE_CURVE ( 'NONE', #4122, #362, #866, .T. ) ;
#2114 = DIRECTION ( 'NONE',  ( -0.000000000000000000, -0.000000000000000000, -1.000000000000000000 ) ) ;
#2115 = EDGE_CURVE ( 'NONE', #655, #4378, #3052, .T. ) ;
#2116 = CARTESIAN_POINT ( 'NONE',  ( 1500.000000000000000, 0.000000000000000000, 300.0000000000000000 ) ) ;
#2117 = AXIS2_PLACEMENT_3D ( 'NONE', #793, #4606, #3380 ) ;
#2118 = VERTEX_POINT ( 'NONE', #3880 ) ;
#2119 = PRESENTATION_LAYER_ASSIGNMENT (  '', '', ( #3630 ) ) ;
#2120 = VECTOR ( 'NONE', #4986, 1000.000000000000000 ) ;
#2121 = ADVANCED_FACE ( 'NONE', ( #1464 ), #1735, .T. ) ;
#2122 = DIRECTION ( 'NONE',  ( -0.000000000000000000, -0.000000000000000000, -1.000000000000000000 ) ) ;
#2123 = CARTESIAN_POINT ( 'NONE',  ( 691.5777327430830610, 2.883083876115375998E-13, -300.0000000000000000 ) ) ;
#2124 = DIRECTION ( 'NONE',  ( -1.000000000000000000, 0.000000000000000000, 0.000000000000000000 ) ) ;
#2125 = ORIENTED_EDGE ( 'NONE', *, *, #2808, .T. ) ;
#2126 = CARTESIAN_POINT ( 'NONE',  ( 715.9415165299158161, 91.61245815494616807, -24.55957348493365089 ) ) ;
#2127 = VECTOR ( 'NONE', #941, 1000.000000000000000 ) ;
#2128 = DIRECTION ( 'NONE',  ( 0.000000000000000000, 0.000000000000000000, 1.000000000000000000 ) ) ;
#2129 = ORIENTED_EDGE ( 'NONE', *, *, #5121, .T. ) ;
#2130 = COLOUR_RGB ( '',0.2509803921568627416, 0.2509803921568627416, 0.2509803921568627416 ) ;
#2131 =( LENGTH_UNIT ( ) NAMED_UNIT ( * ) SI_UNIT ( .MILLI., .METRE. ) );
#2132 = AXIS2_PLACEMENT_3D ( 'NONE', #965, #1386, #5188 ) ;
#2133 = PLANE ( 'NONE',  #64 ) ;
#2134 = ORIENTED_EDGE ( 'NONE', *, *, #2032, .T. ) ;
#2135 = VERTEX_POINT ( 'NONE', #3481 ) ;
#2136 = CARTESIAN_POINT ( 'NONE',  ( 1500.000000000000000, 110.0000000000000000, 280.0000000000000000 ) ) ;
#2137 = LINE ( 'NONE', #2693, #850 ) ;
#2138 = CARTESIAN_POINT ( 'NONE',  ( 0.000000000000000000, 0.000000000000000000, -301.0000000000000568 ) ) ;
#2139 = ADVANCED_FACE ( 'NONE', ( #467 ), #3893, .F. ) ;
#2140 = DIRECTION ( 'NONE',  ( 0.6376332662165034026, -0.7703400663434777362, 0.000000000000000000 ) ) ;
#2141 = MECHANICAL_DESIGN_GEOMETRIC_PRESENTATION_REPRESENTATION (  '', ( #3681 ), #2434 ) ;
#2142 = SURFACE_STYLE_USAGE ( .BOTH. , #404 ) ;
#2143 = CIRCLE ( 'NONE', #3412, 135.0000000000000000 ) ;
#2144 =( NAMED_UNIT ( * ) SI_UNIT ( $, .STERADIAN. ) SOLID_ANGLE_UNIT ( ) );
#2145 = CARTESIAN_POINT ( 'NONE',  ( 0.000000000000000000, 0.000000000000000000, -300.0000000000000000 ) ) ;
#2146 = DIRECTION ( 'NONE',  ( 1.000000000000000000, 0.000000000000000000, 0.000000000000000000 ) ) ;
#2147 = ORIENTED_EDGE ( 'NONE', *, *, #4363, .T. ) ;
#2148 = DIRECTION ( 'NONE',  ( -1.000000000000000000, 0.000000000000000000, 0.000000000000000000 ) ) ;
#2149 = ORIENTED_EDGE ( 'NONE', *, *, #2885, .T. ) ;
#2150 = ADVANCED_FACE ( 'NONE', ( #3446 ), #3653, .F. ) ;
#2151 = EDGE_CURVE ( 'NONE', #3656, #4661, #190, .T. ) ;
#2152 = PRESENTATION_STYLE_ASSIGNMENT (( #2773 ) ) ;
#2153 = DIRECTION ( 'NONE',  ( -1.000000000000000000, 0.000000000000000000, 0.000000000000000000 ) ) ;
#2154 = PRESENTATION_STYLE_ASSIGNMENT (( #724 ) ) ;
#2155 = SURFACE_SIDE_STYLE ('',( #3187 ) ) ;
#2156 = PRESENTATION_LAYER_ASSIGNMENT (  '', '', ( #195 ) ) ;
#2157 = LINE ( 'NONE', #1640, #4213 ) ;
#2158 = DIRECTION ( 'NONE',  ( 1.000000000000000000, 0.000000000000000000, 0.000000000000000000 ) ) ;
#2159 = UNCERTAINTY_MEASURE_WITH_UNIT (LENGTH_MEASURE( 1.000000000000000082E-05 ), #4, 'distance_accuracy_value', 'NONE');
#2160 = DIRECTION ( 'NONE',  ( 1.000000000000000000, 0.000000000000000000, -0.000000000000000000 ) ) ;
#2161 = LINE ( 'NONE', #4294, #403 ) ;
#2162 = CARTESIAN_POINT ( 'NONE',  ( 17.56018885414567521, 19.24254134127670213, -300.0000000000000000 ) ) ;
#2163 = CARTESIAN_POINT ( 'NONE',  ( 0.000000000000000000, -49.02021348074790552, -300.0000000000000000 ) ) ;
#2164 = CARTESIAN_POINT ( 'NONE',  ( 806.2118054896012609, 1.217749339177641439E-13, 300.0000000000000000 ) ) ;
#2165 = ORIENTED_EDGE ( 'NONE', *, *, #953, .T. ) ;
#2166 = PRESENTATION_LAYER_ASSIGNMENT (  '', '', ( #1692 ) ) ;
#2167 = EDGE_LOOP ( 'NONE', ( #4939, #2684, #4170, #2505 ) ) ;
#2168 = LINE ( 'NONE', #3033, #205 ) ;
#2169 = DIRECTION ( 'NONE',  ( 1.000000000000000000, 0.000000000000000000, 0.000000000000000000 ) ) ;
#2170 = COLOUR_RGB ( '',1.000000000000000000, 1.000000000000000000, 0.000000000000000000 ) ;
#2171 = DIRECTION ( 'NONE',  ( -0.000000000000000000, -0.000000000000000000, -1.000000000000000000 ) ) ;
#2172 = ORIENTED_EDGE ( 'NONE', *, *, #4376, .F. ) ;
#2173 = STYLED_ITEM ( 'NONE', ( #4566 ), #1178 ) ;
#2174 = VECTOR ( 'NONE', #3122, 1000.000000000000114 ) ;
#2175 = ADVANCED_FACE ( 'NONE', ( #4403 ), #3221, .F. ) ;
#2176 = CARTESIAN_POINT ( 'NONE',  ( 763.1330439721396033, 91.61245815494616807, -24.55957348493365089 ) ) ;
#2177 = CARTESIAN_POINT ( 'NONE',  ( 907.0854269245697878, 91.61245815494616807, -175.8942926348141498 ) ) ;
#2178 = CARTESIAN_POINT ( 'NONE',  ( 1500.000000000000000, 0.000000000000000000, -380.0000000000000000 ) ) ;
#2179 = ORIENTED_EDGE ( 'NONE', *, *, #4474, .F. ) ;
#2180 = STYLED_ITEM ( 'NONE', ( #3577 ), #2206 ) ;
#2181 = PLANE ( 'NONE',  #352 ) ;
#2182 = VECTOR ( 'NONE', #2501, 1000.000000000000114 ) ;
#2183 = DIRECTION ( 'NONE',  ( -0.000000000000000000, -0.000000000000000000, 1.000000000000000000 ) ) ;
#2184 = EDGE_CURVE ( 'NONE', #2896, #3442, #2426, .T. ) ;
#2185 =( NAMED_UNIT ( * ) PLANE_ANGLE_UNIT ( ) SI_UNIT ( $, .RADIAN. ) );
#2186 = AXIS2_PLACEMENT_3D ( 'NONE', #2511, #4492, #4886 ) ;
#2187 = CARTESIAN_POINT ( 'NONE',  ( 1540.807565298936424, -49.02021348074790552, 380.0000000000000000 ) ) ;
#2188 = EDGE_CURVE ( 'NONE', #1119, #3084, #5066, .T. ) ;
#2189 = CARTESIAN_POINT ( 'NONE',  ( 0.000000000000000000, -161.3648997254208268, 45.29195697192869829 ) ) ;
#2190 = EDGE_LOOP ( 'NONE', ( #1398, #4687, #1434, #948 ) ) ;
#2191 = EDGE_CURVE ( 'NONE', #4747, #5447, #4920, .T. ) ;
#2192 = UNCERTAINTY_MEASURE_WITH_UNIT (LENGTH_MEASURE( 1.000000000000000082E-05 ), #3266, 'distance_accuracy_value', 'NONE');
#2193 = VECTOR ( 'NONE', #2290, 1000.000000000000000 ) ;
#2194 = STYLED_ITEM ( 'NONE', ( #4287 ), #4206 ) ;
#2195 = CARTESIAN_POINT ( 'NONE',  ( 715.9415165299158161, 91.61245815494616807, -24.55957348493365089 ) ) ;
#2196 = PRESENTATION_STYLE_ASSIGNMENT (( #49 ) ) ;
#2197 = CIRCLE ( 'NONE', #4464, 100.0000000000000000 ) ;
#2198 = FILL_AREA_STYLE_COLOUR ( '', #3530 ) ;
#2199 = DIRECTION ( 'NONE',  ( -1.000000000000000000, 0.000000000000000000, 0.000000000000000000 ) ) ;
#2200 = ORIENTED_EDGE ( 'NONE', *, *, #4860, .F. ) ;
#2201 = SURFACE_STYLE_USAGE ( .BOTH. , #926 ) ;
#2202 = VERTEX_POINT ( 'NONE', #4078 ) ;
#2203 = DIRECTION ( 'NONE',  ( -0.000000000000000000, -0.000000000000000000, -1.000000000000000000 ) ) ;
#2204 = VECTOR ( 'NONE', #3348, 1000.000000000000000 ) ;
#2205 =( LENGTH_UNIT ( ) NAMED_UNIT ( * ) SI_UNIT ( .MILLI., .METRE. ) );
#2206 = ADVANCED_FACE ( 'NONE', ( #22 ), #3615, .F. ) ;
#2207 = ORIENTED_EDGE ( 'NONE', *, *, #1306, .T. ) ;
#2208 = STYLED_ITEM ( 'NONE', ( #3726 ), #954 ) ;
#2209 = CARTESIAN_POINT ( 'NONE',  ( 17.56018885414577468, 19.24254134127681581, -320.0000000000000000 ) ) ;
#2210 = LINE ( 'NONE', #3818, #4327 ) ;
#2211 = FILL_AREA_STYLE_COLOUR ( '', #3523 ) ;
#2212 = VERTEX_POINT ( 'NONE', #238 ) ;
#2213 = CARTESIAN_POINT ( 'NONE',  ( 619.2314678319289669, 89.61245815494616807, 123.7175590866630159 ) ) ;
#2214 = CARTESIAN_POINT ( 'NONE',  ( -14.99999999999991118, -1.836970198721018939E-15, -450.0000000000000000 ) ) ;
#2215 = EDGE_CURVE ( 'NONE', #3198, #5413, #4663, .T. ) ;
#2216 = DIRECTION ( 'NONE',  ( 0.000000000000000000, -1.000000000000000000, 0.000000000000000000 ) ) ;
#2217 = CARTESIAN_POINT ( 'NONE',  ( 1540.807565298936424, 0.000000000000000000, -320.0000000000000000 ) ) ;
#2218 = ORIENTED_EDGE ( 'NONE', *, *, #4937, .F. ) ;
#2219 = DIRECTION ( 'NONE',  ( -0.7703400663434777362, -0.6376332662165034026, -0.000000000000000000 ) ) ;
#2220 = CARTESIAN_POINT ( 'NONE',  ( 0.000000000000000000, 0.000000000000000000, -280.0000000000000000 ) ) ;
#2221 = STYLED_ITEM ( 'NONE', ( #774 ), #2761 ) ;
#2222 = LINE ( 'NONE', #1092, #1939 ) ;
#2223 = CARTESIAN_POINT ( 'NONE',  ( 279.6301667379776745, 70.00000000000000000, -300.0000000000000000 ) ) ;
#2224 = CARTESIAN_POINT ( 'NONE',  ( 1600.000000000000000, 0.000000000000000000, -300.0000000000000000 ) ) ;
#2225 = ORIENTED_EDGE ( 'NONE', *, *, #1035, .F. ) ;
#2226 = EDGE_CURVE ( 'NONE', #5344, #362, #1409, .T. ) ;
#2227 = EDGE_CURVE ( 'NONE', #134, #50, #4288, .T. ) ;
#2228 = LINE ( 'NONE', #2846, #3772 ) ;
#2229 = CARTESIAN_POINT ( 'NONE',  ( 0.000000000000000000, -161.3648997254208268, -45.29195697192869829 ) ) ;
#2230 = DIRECTION ( 'NONE',  ( 1.000000000000000000, 0.000000000000000000, -0.000000000000000000 ) ) ;
#2231 = STYLED_ITEM ( 'NONE', ( #3068 ), #3841 ) ;
#2232 = MANIFOLD_SOLID_BREP ( 'LPattern1', #3063 ) ;
#2233 = DIRECTION ( 'NONE',  ( 0.000000000000000000, 1.000000000000000000, 0.000000000000000000 ) ) ;
#2234 = VERTEX_POINT ( 'NONE', #593 ) ;
#2235 = ORIENTED_EDGE ( 'NONE', *, *, #3734, .F. ) ;
#2236 = ADVANCED_FACE ( 'NONE', ( #3192 ), #1192, .T. ) ;
#2237 = FILL_AREA_STYLE_COLOUR ( '', #5100 ) ;
#2238 = DIRECTION ( 'NONE',  ( -0.000000000000000000, -0.000000000000000000, -1.000000000000000000 ) ) ;
#2239 = ORIENTED_EDGE ( 'NONE', *, *, #2717, .F. ) ;
#2240 = CARTESIAN_POINT ( 'NONE',  ( 691.5777327430830610, -15.26077213197396532, 45.29195697192869829 ) ) ;
#2241 = LINE ( 'NONE', #4278, #5265 ) ;
#2242 = ORIENTED_EDGE ( 'NONE', *, *, #4414, .T. ) ;
#2243 = LINE ( 'NONE', #1914, #3253 ) ;
#2244 = STYLED_ITEM ( 'NONE', ( #1379 ), #1612 ) ;
#2245 = CARTESIAN_POINT ( 'NONE',  ( 571.9891335774856316, 91.61245815494616807, 123.7175590866630159 ) ) ;
#2246 = CARTESIAN_POINT ( 'NONE',  ( 691.5777327430830610, 2.883083876115375998E-13, -448.3351875541625304 ) ) ;
#2247 = ORIENTED_EDGE ( 'NONE', *, *, #1167, .T. ) ;
#2248 = SURFACE_STYLE_USAGE ( .BOTH. , #995 ) ;
#2249 = FACE_OUTER_BOUND ( 'NONE', #2056, .T. ) ;
#2250 = AXIS2_PLACEMENT_3D ( 'NONE', #3306, #237, #626 ) ;
#2251 = ORIENTED_EDGE ( 'NONE', *, *, #4542, .T. ) ;
#2252 = DIRECTION ( 'NONE',  ( 0.000000000000000000, 0.000000000000000000, 1.000000000000000000 ) ) ;
#2253 =( NAMED_UNIT ( * ) SI_UNIT ( $, .STERADIAN. ) SOLID_ANGLE_UNIT ( ) );
#2254 =( NAMED_UNIT ( * ) PLANE_ANGLE_UNIT ( ) SI_UNIT ( $, .RADIAN. ) );
#2255 = ORIENTED_EDGE ( 'NONE', *, *, #5087, .F. ) ;
#2256 = ORIENTED_EDGE ( 'NONE', *, *, #5397, .T. ) ;
#2257 = COLOUR_RGB ( '',0.2509803921568627416, 0.2509803921568627416, 0.2509803921568627416 ) ;
#2258 =( NAMED_UNIT ( * ) PLANE_ANGLE_UNIT ( ) SI_UNIT ( $, .RADIAN. ) );
#2259 = FILL_AREA_STYLE_COLOUR ( '', #3953 ) ;
#2260 = DIRECTION ( 'NONE',  ( 1.000000000000000000, 0.000000000000000000, 0.000000000000000000 ) ) ;
#2261 = AXIS2_PLACEMENT_3D ( 'NONE', #4413, #4394, #3552 ) ;
#2262 = ORIENTED_EDGE ( 'NONE', *, *, #1889, .T. ) ;
#2263 = DIRECTION ( 'NONE',  ( -0.000000000000000000, -0.000000000000000000, 1.000000000000000000 ) ) ;
#2264 = FACE_OUTER_BOUND ( 'NONE', #790, .T. ) ;
#2265 = EDGE_CURVE ( 'NONE', #5403, #4416, #2996, .T. ) ;
#2266 = PLANE ( 'NONE',  #1322 ) ;
#2267 = ORIENTED_EDGE ( 'NONE', *, *, #722, .F. ) ;
#2268 = ADVANCED_FACE ( 'NONE', ( #800 ), #3702, .F. ) ;
#2269 = UNCERTAINTY_MEASURE_WITH_UNIT (LENGTH_MEASURE( 1.000000000000000082E-05 ), #2452, 'distance_accuracy_value', 'NONE');
#2270 = PRESENTATION_LAYER_ASSIGNMENT (  '', '', ( #1088 ) ) ;
#2271 = FACE_OUTER_BOUND ( 'NONE', #801, .T. ) ;
#2272 = DIRECTION ( 'NONE',  ( 0.7386591800803946617, 0.6740790871128988782, 0.000000000000000000 ) ) ;
#2273 = VERTEX_POINT ( 'NONE', #3341 ) ;
#2274 = DIRECTION ( 'NONE',  ( 0.000000000000000000, -1.000000000000000000, 0.000000000000000000 ) ) ;
#2275 = AXIS2_PLACEMENT_3D ( 'NONE', #4302, #2644, #2169 ) ;
#2276 = ORIENTED_EDGE ( 'NONE', *, *, #5231, .T. ) ;
#2277 = CARTESIAN_POINT ( 'NONE',  ( 806.2118054896012609, -15.26077213197413762, 45.29195697192869829 ) ) ;
#2278 = CARTESIAN_POINT ( 'NONE',  ( 859.8430926701264525, 89.61245815494616807, -123.7175590866629449 ) ) ;
#2279 = VECTOR ( 'NONE', #2730, 1000.000000000000000 ) ;
#2280 = EDGE_CURVE ( 'NONE', #959, #1745, #4087, .T. ) ;
#2281 = ORIENTED_EDGE ( 'NONE', *, *, #5388, .F. ) ;
#2282 = FACE_OUTER_BOUND ( 'NONE', #4856, .T. ) ;
#2283 = DIRECTION ( 'NONE',  ( 1.000000000000000000, 0.000000000000000000, 0.000000000000000000 ) ) ;
#2284 = EDGE_LOOP ( 'NONE', ( #622, #2207, #5384, #2785 ) ) ;
#2285 = MECHANICAL_DESIGN_GEOMETRIC_PRESENTATION_REPRESENTATION (  '', ( #5493 ), #4631 ) ;
#2286 =( GEOMETRIC_REPRESENTATION_CONTEXT ( 3 ) GLOBAL_UNCERTAINTY_ASSIGNED_CONTEXT ( ( #179 ) ) GLOBAL_UNIT_ASSIGNED_CONTEXT ( ( #2052, #2865, #2008 ) ) REPRESENTATION_CONTEXT ( 'NONE', 'WORKASPACE' ) );
#2287 = ORIENTED_EDGE ( 'NONE', *, *, #2485, .T. ) ;
#2288 = CIRCLE ( 'NONE', #1706, 16.00000000000001421 ) ;
#2289 = EDGE_LOOP ( 'NONE', ( #1262, #492 ) ) ;
#2290 = DIRECTION ( 'NONE',  ( -0.000000000000000000, -0.000000000000000000, 1.000000000000000000 ) ) ;
#2291 = VECTOR ( 'NONE', #2510, 1000.000000000000114 ) ;
#2292 = EDGE_CURVE ( 'NONE', #2871, #1558, #5070, .T. ) ;
#2293 = DIRECTION ( 'NONE',  ( -0.000000000000000000, -1.000000000000000000, -0.000000000000000000 ) ) ;
#2294 = EDGE_LOOP ( 'NONE', ( #4150, #546, #4366, #1705 ) ) ;
#2295 = PLANE ( 'NONE',  #4752 ) ;
#2296 = MECHANICAL_DESIGN_GEOMETRIC_PRESENTATION_REPRESENTATION (  '', ( #1990 ), #3176 ) ;
#2297 = ORIENTED_EDGE ( 'NONE', *, *, #1822, .T. ) ;
#2298 = VECTOR ( 'NONE', #2731, 1000.000000000000000 ) ;
#2299 = CARTESIAN_POINT ( 'NONE',  ( 0.000000000000000000, 135.0000000000000000, -301.0000000000000568 ) ) ;
#2300 = EDGE_CURVE ( 'NONE', #2386, #4942, #4925, .T. ) ;
#2301 = EDGE_LOOP ( 'NONE', ( #1618, #2919, #3148, #3208 ) ) ;
#2302 = VECTOR ( 'NONE', #776, 1000.000000000000000 ) ;
#2303 = EDGE_CURVE ( 'NONE', #3084, #257, #2783, .T. ) ;
#2304 = ORIENTED_EDGE ( 'NONE', *, *, #3661, .T. ) ;
#2305 = CARTESIAN_POINT ( 'NONE',  ( 0.000000000000000000, 135.0000000000000000, -301.0000000000000568 ) ) ;
#2306 = ORIENTED_EDGE ( 'NONE', *, *, #1888, .F. ) ;
#2307 = AXIS2_PLACEMENT_3D ( 'NONE', #4202, #5001, #2502 ) ;
#2308 = AXIS2_PLACEMENT_3D ( 'NONE', #166, #536, #4003 ) ;
#2309 = FILL_AREA_STYLE ('',( #1847 ) ) ;
#2310 = ORIENTED_EDGE ( 'NONE', *, *, #982, .T. ) ;
#2311 = DIRECTION ( 'NONE',  ( -1.000000000000000000, 0.000000000000000000, 0.000000000000000000 ) ) ;
#2312 = DIRECTION ( 'NONE',  ( -0.000000000000000000, -1.000000000000000000, -0.000000000000000000 ) ) ;
#2313 =( LENGTH_UNIT ( ) NAMED_UNIT ( * ) SI_UNIT ( .MILLI., .METRE. ) );
#2314 = ORIENTED_EDGE ( 'NONE', *, *, #522, .F. ) ;
#2315 = PRESENTATION_LAYER_ASSIGNMENT (  '', '', ( #573 ) ) ;
#2316 = CARTESIAN_POINT ( 'NONE',  ( 0.000000000000000000, 0.000000000000000000, -450.0000000000000000 ) ) ;
#2317 = SURFACE_STYLE_USAGE ( .BOTH. , #1074 ) ;
#2318 = EDGE_CURVE ( 'NONE', #1014, #2866, #405, .T. ) ;
#2319 =( NAMED_UNIT ( * ) PLANE_ANGLE_UNIT ( ) SI_UNIT ( $, .RADIAN. ) );
#2320 = COLOUR_RGB ( '',0.9098039215686274384, 0.4431372549019607643, 0.03137254901960784270 ) ;
#2321 = PRESENTATION_LAYER_ASSIGNMENT (  '', '', ( #1482 ) ) ;
#2322 = EDGE_CURVE ( 'NONE', #1621, #865, #4788, .T. ) ;
#2323 = MANIFOLD_SOLID_BREP ( 'Boss-Extrude20[1]', #355 ) ;
#2324 = VECTOR ( 'NONE', #3854, 1000.000000000000000 ) ;
#2325 = VECTOR ( 'NONE', #4039, 1000.000000000000000 ) ;
#2326 =( LENGTH_UNIT ( ) NAMED_UNIT ( * ) SI_UNIT ( .MILLI., .METRE. ) );
#2327 = AXIS2_PLACEMENT_3D ( 'NONE', #4330, #1472, #1453 ) ;
#2328 = CARTESIAN_POINT ( 'NONE',  ( 619.2314678319289669, 91.61245815494616807, 123.7175590866630159 ) ) ;
#2329 = ORIENTED_EDGE ( 'NONE', *, *, #2534, .T. ) ;
#2330 = SURFACE_SIDE_STYLE ('',( #4612 ) ) ;
#2331 = FILL_AREA_STYLE ('',( #639 ) ) ;
#2332 = SURFACE_STYLE_USAGE ( .BOTH. , #2354 ) ;
#2333 = CARTESIAN_POINT ( 'NONE',  ( 0.000000000000000000, 91.61245815494616807, 0.000000000000000000 ) ) ;
#2334 = FACE_OUTER_BOUND ( 'NONE', #2827, .T. ) ;
#2335 = LINE ( 'NONE', #2713, #520 ) ;
#2336 = SURFACE_STYLE_FILL_AREA ( #1260 ) ;
#2337 = CARTESIAN_POINT ( 'NONE',  ( 1540.807565298936424, 0.000000000000000000, 320.0000000000000000 ) ) ;
#2338 = DIRECTION ( 'NONE',  ( -0.000000000000000000, -0.000000000000000000, -1.000000000000000000 ) ) ;
#2339 = COLOUR_RGB ( '',0.2509803921568627416, 0.2509803921568627416, 0.2509803921568627416 ) ;
#2340 = AXIS2_PLACEMENT_3D ( 'NONE', #675, #2370, #4114 ) ;
#2341 = LINE ( 'NONE', #1926, #4638 ) ;
#2342 = FILL_AREA_STYLE ('',( #4897 ) ) ;
#2343 = DIRECTION ( 'NONE',  ( 1.000000000000000000, 0.000000000000000000, -0.000000000000000000 ) ) ;
#2344 = CARTESIAN_POINT ( 'NONE',  ( 1461.353739672122629, -49.02021348074790552, -380.0000000000000000 ) ) ;
#2345 = VECTOR ( 'NONE', #3407, 1000.000000000000000 ) ;
#2346 = EDGE_LOOP ( 'NONE', ( #1854, #1635 ) ) ;
#2347 = SURFACE_SIDE_STYLE ('',( #5211 ) ) ;
#2348 = LINE ( 'NONE', #2187, #3373 ) ;
#2349 = PLANE ( 'NONE',  #4898 ) ;
#2350 = CARTESIAN_POINT ( 'NONE',  ( 1500.000000000000000, 0.000000000000000000, 301.0000000000000568 ) ) ;
#2351 = VECTOR ( 'NONE', #5416, 1000.000000000000000 ) ;
#2352 = CARTESIAN_POINT ( 'NONE',  ( 1461.353739672122629, -49.02021348074790552, -380.0000000000000000 ) ) ;
#2353 = ORIENTED_EDGE ( 'NONE', *, *, #1306, .F. ) ;
#2354 = SURFACE_SIDE_STYLE ('',( #2372 ) ) ;
#2355 = DIRECTION ( 'NONE',  ( 0.000000000000000000, -1.000000000000000000, 0.000000000000000000 ) ) ;
#2356 = LINE ( 'NONE', #618, #83 ) ;
#2357 = ORIENTED_EDGE ( 'NONE', *, *, #2884, .T. ) ;
#2358 = UNCERTAINTY_MEASURE_WITH_UNIT (LENGTH_MEASURE( 1.000000000000000082E-05 ), #2313, 'distance_accuracy_value', 'NONE');
#2359 = DIRECTION ( 'NONE',  ( 0.000000000000000000, 0.000000000000000000, 1.000000000000000000 ) ) ;
#2360 = DIRECTION ( 'NONE',  ( 0.000000000000000000, 0.000000000000000000, -1.000000000000000000 ) ) ;
#2361 = EDGE_LOOP ( 'NONE', ( #2539, #3203, #2745, #792 ) ) ;
#2362 = EDGE_CURVE ( 'NONE', #4428, #2535, #1469, .T. ) ;
#2363 = COLOUR_RGB ( '',0.7921568627450980005, 0.8196078431372548767, 0.9333333333333333481 ) ;
#2364 = VERTEX_POINT ( 'NONE', #293 ) ;
#2365 = AXIS2_PLACEMENT_3D ( 'NONE', #3276, #666, #1970 ) ;
#2366 = SURFACE_STYLE_FILL_AREA ( #3364 ) ;
#2367 = ORIENTED_EDGE ( 'NONE', *, *, #1194, .T. ) ;
#2368 = FACE_OUTER_BOUND ( 'NONE', #438, .T. ) ;
#2369 = VECTOR ( 'NONE', #3113, 1000.000000000000227 ) ;
#2370 = DIRECTION ( 'NONE',  ( 0.000000000000000000, -0.000000000000000000, -1.000000000000000000 ) ) ;
#2371 = ORIENTED_EDGE ( 'NONE', *, *, #558, .F. ) ;
#2372 = SURFACE_STYLE_FILL_AREA ( #5337 ) ;
#2373 = CARTESIAN_POINT ( 'NONE',  ( 1500.000000000000000, 0.000000000000000000, 280.0000000000000000 ) ) ;
#2374 = CARTESIAN_POINT ( 'NONE',  ( 1485.000000000000000, 0.000000000000000000, 450.0000000000000000 ) ) ;
#2375 = DIRECTION ( 'NONE',  ( -0.000000000000000000, -0.000000000000000000, 1.000000000000000000 ) ) ;
#2376 = EDGE_LOOP ( 'NONE', ( #213, #4064, #3199, #750 ) ) ;
#2377 = PRESENTATION_LAYER_ASSIGNMENT (  '', '', ( #2194 ) ) ;
#2378 = DIRECTION ( 'NONE',  ( -0.000000000000000000, -0.000000000000000000, 1.000000000000000000 ) ) ;
#2379 = ORIENTED_EDGE ( 'NONE', *, *, #2719, .F. ) ;
#2380 = ORIENTED_EDGE ( 'NONE', *, *, #522, .T. ) ;
#2381 = ORIENTED_EDGE ( 'NONE', *, *, #4937, .T. ) ;
#2382 = AXIS2_PLACEMENT_3D ( 'NONE', #1978, #194, #4054 ) ;
#2383 = CARTESIAN_POINT ( 'NONE',  ( 17.56018885414577468, 19.24254134127681581, 320.0000000000000000 ) ) ;
#2384 =( NAMED_UNIT ( * ) PLANE_ANGLE_UNIT ( ) SI_UNIT ( $, .RADIAN. ) );
#2385 = PRESENTATION_STYLE_ASSIGNMENT (( #63 ) ) ;
#2386 = VERTEX_POINT ( 'NONE', #5411 ) ;
#2387 = DIRECTION ( 'NONE',  ( -0.000000000000000000, -0.000000000000000000, -1.000000000000000000 ) ) ;
#2388 = ORIENTED_EDGE ( 'NONE', *, *, #3080, .T. ) ;
#2389 =( NAMED_UNIT ( * ) PLANE_ANGLE_UNIT ( ) SI_UNIT ( $, .RADIAN. ) );
#2390 = CARTESIAN_POINT ( 'NONE',  ( 818.8953879297326921, -49.02021348074790552, 300.0000000000000000 ) ) ;
#2391 = AXIS2_PLACEMENT_3D ( 'NONE', #5177, #1319, #5216 ) ;
#2392 = FILL_AREA_STYLE ('',( #5293 ) ) ;
#2393 =( LENGTH_UNIT ( ) NAMED_UNIT ( * ) SI_UNIT ( .MILLI., .METRE. ) );
#2394 =( NAMED_UNIT ( * ) SI_UNIT ( $, .STERADIAN. ) SOLID_ANGLE_UNIT ( ) );
#2395 = SURFACE_SIDE_STYLE ('',( #1327 ) ) ;
#2396 = DIRECTION ( 'NONE',  ( -0.9999999997119088935, 2.400379267199284695E-05, 0.000000000000000000 ) ) ;
#2397 = ORIENTED_EDGE ( 'NONE', *, *, #1238, .F. ) ;
#2398 = CARTESIAN_POINT ( 'NONE',  ( 571.9891335774856316, 91.61245815494616807, 175.8942926348142066 ) ) ;
#2399 = VERTEX_POINT ( 'NONE', #3724 ) ;
#2400 = DIRECTION ( 'NONE',  ( -0.000000000000000000, 1.000000000000000000, -0.000000000000000000 ) ) ;
#2401 = FILL_AREA_STYLE ('',( #239 ) ) ;
#2402 = PRESENTATION_STYLE_ASSIGNMENT (( #3016 ) ) ;
#2403 = SURFACE_SIDE_STYLE ('',( #595 ) ) ;
#2404 = ORIENTED_EDGE ( 'NONE', *, *, #846, .F. ) ;
#2405 =( LENGTH_UNIT ( ) NAMED_UNIT ( * ) SI_UNIT ( .MILLI., .METRE. ) );
#2406 = MANIFOLD_SOLID_BREP ( 'Boss-Extrude2[1]', #3682 ) ;
#2407 = VECTOR ( 'NONE', #4127, 1000.000000000000000 ) ;
#2408 = LINE ( 'NONE', #5286, #1245 ) ;
#2409 = CARTESIAN_POINT ( 'NONE',  ( 1503.120971213320217, -134.9639193958356600, -301.0000000000000568 ) ) ;
#2410 = EDGE_CURVE ( 'NONE', #3393, #3489, #2849, .T. ) ;
#2411 = DIRECTION ( 'NONE',  ( 1.000000000000000000, 0.000000000000000000, 0.000000000000000000 ) ) ;
#2412 =( GEOMETRIC_REPRESENTATION_CONTEXT ( 3 ) GLOBAL_UNCERTAINTY_ASSIGNED_CONTEXT ( ( #5294 ) ) GLOBAL_UNIT_ASSIGNED_CONTEXT ( ( #4639, #2938, #2589 ) ) REPRESENTATION_CONTEXT ( 'NONE', 'WORKASPACE' ) );
#2413 =( LENGTH_UNIT ( ) NAMED_UNIT ( * ) SI_UNIT ( .MILLI., .METRE. ) );
#2414 = AXIS2_PLACEMENT_3D ( 'NONE', #855, #4257, #5117 ) ;
#2415 = DIRECTION ( 'NONE',  ( -0.000000000000000000, -0.000000000000000000, -1.000000000000000000 ) ) ;
#2416 = SURFACE_STYLE_USAGE ( .BOTH. , #4537 ) ;
#2417 = LINE ( 'NONE', #1468, #318 ) ;
#2418 = CARTESIAN_POINT ( 'NONE',  ( 1500.000000000000000, 0.000000000000000000, 450.0000000000000000 ) ) ;
#2419 = SHAPE_DEFINITION_REPRESENTATION ( #125, #501 ) ;
#2420 = FILL_AREA_STYLE ('',( #4526 ) ) ;
#2421 = CARTESIAN_POINT ( 'NONE',  ( 1461.353739672122629, 2.220446049250313081E-13, -380.0000000000000000 ) ) ;
#2422 = FACE_OUTER_BOUND ( 'NONE', #354, .T. ) ;
#2423 = PRESENTATION_STYLE_ASSIGNMENT (( #5335 ) ) ;
#2424 = ORIENTED_EDGE ( 'NONE', *, *, #1125, .T. ) ;
#2425 = STYLED_ITEM ( 'NONE', ( #2385 ), #448 ) ;
#2426 = LINE ( 'NONE', #1080, #2503 ) ;
#2427 = ORIENTED_EDGE ( 'NONE', *, *, #4429, .T. ) ;
#2428 =( NAMED_UNIT ( * ) PLANE_ANGLE_UNIT ( ) SI_UNIT ( $, .RADIAN. ) );
#2429 = LINE ( 'NONE', #4025, #5380 ) ;
#2430 = FILL_AREA_STYLE_COLOUR ( '', #988 ) ;
#2431 = SURFACE_STYLE_FILL_AREA ( #4510 ) ;
#2432 = LINE ( 'NONE', #2245, #1058 ) ;
#2433 = CARTESIAN_POINT ( 'NONE',  ( 0.000000000000000000, 100.0000000000000000, -280.0000000000000000 ) ) ;
#2434 =( GEOMETRIC_REPRESENTATION_CONTEXT ( 3 ) GLOBAL_UNCERTAINTY_ASSIGNED_CONTEXT ( ( #4060 ) ) GLOBAL_UNIT_ASSIGNED_CONTEXT ( ( #3018, #1313, #3499 ) ) REPRESENTATION_CONTEXT ( 'NONE', 'WORKASPACE' ) );
#2435 = VECTOR ( 'NONE', #2183, 1000.000000000000000 ) ;
#2436 = VECTOR ( 'NONE', #3290, 1000.000000000000000 ) ;
#2437 = FACE_OUTER_BOUND ( 'NONE', #1573, .T. ) ;
#2438 = UNCERTAINTY_MEASURE_WITH_UNIT (LENGTH_MEASURE( 1.000000000000000082E-05 ), #221, 'distance_accuracy_value', 'NONE');
#2439 = CARTESIAN_POINT ( 'NONE',  ( 1485.000000000000000, 0.000000000000000000, 450.0000000000000000 ) ) ;
#2440 = ADVANCED_FACE ( 'NONE', ( #2437 ), #718, .F. ) ;
#2441 =( GEOMETRIC_REPRESENTATION_CONTEXT ( 3 ) GLOBAL_UNCERTAINTY_ASSIGNED_CONTEXT ( ( #4885 ) ) GLOBAL_UNIT_ASSIGNED_CONTEXT ( ( #5006, #2464, #2506 ) ) REPRESENTATION_CONTEXT ( 'NONE', 'WORKASPACE' ) );
#2442 = ORIENTED_EDGE ( 'NONE', *, *, #4784, .F. ) ;
#2443 = CARTESIAN_POINT ( 'NONE',  ( 619.2314678319288532, 91.61245815494616807, 175.8942926348141782 ) ) ;
#2444 = VECTOR ( 'NONE', #1033, 1000.000000000000114 ) ;
#2445 = CARTESIAN_POINT ( 'NONE',  ( 17.56018885414567521, 19.24254134127670213, 320.0000000000000000 ) ) ;
#2446 = CARTESIAN_POINT ( 'NONE',  ( 763.1330439721396033, 91.61245815494616807, -24.55957348493365089 ) ) ;
#2447 = EDGE_CURVE ( 'NONE', #2364, #2099, #479, .T. ) ;
#2448 = DIRECTION ( 'NONE',  ( -0.000000000000000000, -0.000000000000000000, -1.000000000000000000 ) ) ;
#2449 = PRESENTATION_STYLE_ASSIGNMENT (( #534 ) ) ;
#2450 = CLOSED_SHELL ( 'NONE', ( #2900, #1235, #3783, #2440, #366, #4290, #1746, #3017, #4338, #5454, #1663, #1250, #4252, #1604 ) ) ;
#2451 = AXIS2_PLACEMENT_3D ( 'NONE', #435, #59, #3896 ) ;
#2452 =( LENGTH_UNIT ( ) NAMED_UNIT ( * ) SI_UNIT ( .MILLI., .METRE. ) );
#2453 = DIRECTION ( 'NONE',  ( 1.000000000000000000, -0.000000000000000000, -5.875149069929465970E-16 ) ) ;
#2454 = VERTEX_POINT ( 'NONE', #4226 ) ;
#2455 = CARTESIAN_POINT ( 'NONE',  ( 0.000000000000000000, -100.0000000000000000, 280.0000000000000000 ) ) ;
#2456 = VECTOR ( 'NONE', #3011, 1000.000000000000000 ) ;
#2457 = LINE ( 'NONE', #4952, #4671 ) ;
#2458 =( NAMED_UNIT ( * ) SI_UNIT ( $, .STERADIAN. ) SOLID_ANGLE_UNIT ( ) );
#2459 = VERTEX_POINT ( 'NONE', #634 ) ;
#2460 = ORIENTED_EDGE ( 'NONE', *, *, #2191, .T. ) ;
#2461 = ORIENTED_EDGE ( 'NONE', *, *, #4825, .F. ) ;
#2462 = CARTESIAN_POINT ( 'NONE',  ( 0.000000000000000000, 100.0000000000000000, 280.0000000000000000 ) ) ;
#2463 = LINE ( 'NONE', #233, #1903 ) ;
#2464 =( NAMED_UNIT ( * ) PLANE_ANGLE_UNIT ( ) SI_UNIT ( $, .RADIAN. ) );
#2465 = ADVANCED_FACE ( 'NONE', ( #4472 ), #4275, .F. ) ;
#2466 = ORIENTED_EDGE ( 'NONE', *, *, #1015, .F. ) ;
#2467 = DIRECTION ( 'NONE',  ( -0.000000000000000000, -0.000000000000000000, -1.000000000000000000 ) ) ;
#2468 = CLOSED_SHELL ( 'NONE', ( #5467, #5412, #3449, #4760 ) ) ;
#2469 = PRESENTATION_LAYER_ASSIGNMENT (  '', '', ( #1179 ) ) ;
#2470 = CARTESIAN_POINT ( 'NONE',  ( 470.5255302723741124, 89.61245815494616807, -280.0000000000000000 ) ) ;
#2471 = VECTOR ( 'NONE', #225, 1000.000000000000000 ) ;
#2472 = LINE ( 'NONE', #4839, #1967 ) ;
#2473 = FILL_AREA_STYLE_COLOUR ( '', #4166 ) ;
#2474 = VECTOR ( 'NONE', #1427, 1000.000000000000000 ) ;
#2475 = ADVANCED_FACE ( 'NONE', ( #3250 ), #4222, .F. ) ;
#2476 = CARTESIAN_POINT ( 'NONE',  ( 1500.000000000000000, 0.000000000000000000, 450.0000000000000000 ) ) ;
#2477 = AXIS2_PLACEMENT_3D ( 'NONE', #4142, #2016, #1614 ) ;
#2478 = SURFACE_STYLE_USAGE ( .BOTH. , #4158 ) ;
#2479 = ORIENTED_EDGE ( 'NONE', *, *, #3838, .T. ) ;
#2480 = ORIENTED_EDGE ( 'NONE', *, *, #5325, .T. ) ;
#2481 = VECTOR ( 'NONE', #809, 1000.000000000000000 ) ;
#2482 = CARTESIAN_POINT ( 'NONE',  ( 1515.000000000000000, 1.836970198721020123E-15, -450.0000000000000000 ) ) ;
#2483 = DIRECTION ( 'NONE',  ( -0.7703400663434765150, 0.6376332662165049570, -0.000000000000000000 ) ) ;
#2484 = SURFACE_STYLE_USAGE ( .BOTH. , #2044 ) ;
#2485 = EDGE_CURVE ( 'NONE', #4661, #2459, #3640, .T. ) ;
#2486 = FACE_OUTER_BOUND ( 'NONE', #1757, .T. ) ;
#2487 =( NAMED_UNIT ( * ) SI_UNIT ( $, .STERADIAN. ) SOLID_ANGLE_UNIT ( ) );
#2488 = DIRECTION ( 'NONE',  ( 0.000000000000000000, -1.000000000000000000, 0.000000000000000000 ) ) ;
#2489 = DIRECTION ( 'NONE',  ( -0.000000000000000000, -0.000000000000000000, -1.000000000000000000 ) ) ;
#2490 = ORIENTED_EDGE ( 'NONE', *, *, #1416, .T. ) ;
#2491 =( GEOMETRIC_REPRESENTATION_CONTEXT ( 3 ) GLOBAL_UNCERTAINTY_ASSIGNED_CONTEXT ( ( #3943 ) ) GLOBAL_UNIT_ASSIGNED_CONTEXT ( ( #297, #1180, #3363 ) ) REPRESENTATION_CONTEXT ( 'NONE', 'WORKASPACE' ) );
#2492 = CARTESIAN_POINT ( 'NONE',  ( 1540.807565298936424, 0.000000000000000000, 320.0000000000000000 ) ) ;
#2493 = EDGE_CURVE ( 'NONE', #4494, #2737, #1753, .T. ) ;
#2494 = EDGE_CURVE ( 'NONE', #1093, #537, #2013, .T. ) ;
#2495 = ADVANCED_FACE ( 'NONE', ( #4853 ), #3047, .F. ) ;
#2496 = CARTESIAN_POINT ( 'NONE',  ( 859.8430926701265662, 91.61245815494616807, 175.8942926348142066 ) ) ;
#2497 =( GEOMETRIC_REPRESENTATION_CONTEXT ( 3 ) GLOBAL_UNCERTAINTY_ASSIGNED_CONTEXT ( ( #3508 ) ) GLOBAL_UNIT_ASSIGNED_CONTEXT ( ( #3680, #4948, #2458 ) ) REPRESENTATION_CONTEXT ( 'NONE', 'WORKASPACE' ) );
#2498 = FILL_AREA_STYLE ('',( #1632 ) ) ;
#2499 = AXIS2_PLACEMENT_3D ( 'NONE', #4121, #4103, #4513 ) ;
#2500 = COLOUR_RGB ( '',0.7921568627450980005, 0.8196078431372548767, 0.9333333333333333481 ) ;
#2501 = DIRECTION ( 'NONE',  ( -0.7703400663434765150, 0.6376332662165049570, -0.000000000000000000 ) ) ;
#2502 = DIRECTION ( 'NONE',  ( 1.000000000000000000, 0.000000000000000000, 0.000000000000000000 ) ) ;
#2503 = VECTOR ( 'NONE', #201, 1000.000000000000000 ) ;
#2504 = FILL_AREA_STYLE_COLOUR ( '', #3202 ) ;
#2505 = ORIENTED_EDGE ( 'NONE', *, *, #2967, .F. ) ;
#2506 =( NAMED_UNIT ( * ) SI_UNIT ( $, .STERADIAN. ) SOLID_ANGLE_UNIT ( ) );
#2507 = ORIENTED_EDGE ( 'NONE', *, *, #1116, .T. ) ;
#2508 = ADVANCED_FACE ( 'NONE', ( #20 ), #3030, .F. ) ;
#2509 = CYLINDRICAL_SURFACE ( 'NONE', #1722, 16.00000000000001421 ) ;
#2510 = DIRECTION ( 'NONE',  ( 0.7703400663434777362, -0.6376332662165034026, 0.000000000000000000 ) ) ;
#2511 = CARTESIAN_POINT ( 'NONE',  ( 619.2314678319289669, 91.61245815494616807, -123.7175590866629449 ) ) ;
#2512 = FACE_OUTER_BOUND ( 'NONE', #529, .T. ) ;
#2513 = FILL_AREA_STYLE ('',( #1991 ) ) ;
#2514 =( GEOMETRIC_REPRESENTATION_CONTEXT ( 3 ) GLOBAL_UNCERTAINTY_ASSIGNED_CONTEXT ( ( #3409 ) ) GLOBAL_UNIT_ASSIGNED_CONTEXT ( ( #839, #4678, #1732 ) ) REPRESENTATION_CONTEXT ( 'NONE', 'WORKASPACE' ) );
#2515 = VERTEX_POINT ( 'NONE', #31 ) ;
#2516 =( LENGTH_UNIT ( ) NAMED_UNIT ( * ) SI_UNIT ( .MILLI., .METRE. ) );
#2517 = LINE ( 'NONE', #2568, #2017 ) ;
#2518 = SURFACE_STYLE_USAGE ( .BOTH. , #2891 ) ;
#2519 = ORIENTED_EDGE ( 'NONE', *, *, #4973, .F. ) ;
#2520 = UNCERTAINTY_MEASURE_WITH_UNIT (LENGTH_MEASURE( 1.000000000000000082E-05 ), #3929, 'distance_accuracy_value', 'NONE');
#2521 =( NAMED_UNIT ( * ) PLANE_ANGLE_UNIT ( ) SI_UNIT ( $, .RADIAN. ) );
#2522 = ORIENTED_EDGE ( 'NONE', *, *, #2113, .T. ) ;
#2523 = EDGE_CURVE ( 'NONE', #1476, #3252, #1875, .T. ) ;
#2524 = LINE ( 'NONE', #4351, #2369 ) ;
#2525 = VERTEX_POINT ( 'NONE', #3800 ) ;
#2526 = ADVANCED_FACE ( 'NONE', ( #4408 ), #3400, .T. ) ;
#2527 =( GEOMETRIC_REPRESENTATION_CONTEXT ( 3 ) GLOBAL_UNCERTAINTY_ASSIGNED_CONTEXT ( ( #1419 ) ) GLOBAL_UNIT_ASSIGNED_CONTEXT ( ( #481, #3549, #2692 ) ) REPRESENTATION_CONTEXT ( 'NONE', 'WORKASPACE' ) );
#2528 = ORIENTED_EDGE ( 'NONE', *, *, #2885, .F. ) ;
#2529 = CARTESIAN_POINT ( 'NONE',  ( 14.99999999999991118, 0.000000000000000000, 450.0000000000000000 ) ) ;
#2530 = FACE_OUTER_BOUND ( 'NONE', #1769, .T. ) ;
#2531 = FILL_AREA_STYLE ('',( #2030 ) ) ;
#2532 = EDGE_CURVE ( 'NONE', #2525, #3474, #3059, .T. ) ;
#2533 = SURFACE_SIDE_STYLE ('',( #2366 ) ) ;
#2534 = EDGE_CURVE ( 'NONE', #4874, #4718, #1471, .T. ) ;
#2535 = VERTEX_POINT ( 'NONE', #3434 ) ;
#2536 = ORIENTED_EDGE ( 'NONE', *, *, #3459, .T. ) ;
#2537 = DIRECTION ( 'NONE',  ( 1.000000000000000000, 0.000000000000000000, 0.000000000000000000 ) ) ;
#2538 = EDGE_LOOP ( 'NONE', ( #2551, #4215, #2281, #365, #4736 ) ) ;
#2539 = ORIENTED_EDGE ( 'NONE', *, *, #5270, .F. ) ;
#2540 = CYLINDRICAL_SURFACE ( 'NONE', #4249, 135.0000000000000000 ) ;
#2541 =( GEOMETRIC_REPRESENTATION_CONTEXT ( 3 ) GLOBAL_UNCERTAINTY_ASSIGNED_CONTEXT ( ( #5434 ) ) GLOBAL_UNIT_ASSIGNED_CONTEXT ( ( #2650, #2254, #5202 ) ) REPRESENTATION_CONTEXT ( 'NONE', 'WORKASPACE' ) );
#2542 = ADVANCED_FACE ( 'NONE', ( #147, #2921 ), #1763, .F. ) ;
#2543 = CARTESIAN_POINT ( 'NONE',  ( 429.6301667379777314, 70.00000000000000000, 300.0000000000000000 ) ) ;
#2544 = FILL_AREA_STYLE_COLOUR ( '', #2892 ) ;
#2545 = ORIENTED_EDGE ( 'NONE', *, *, #898, .F. ) ;
#2546 = ORIENTED_EDGE ( 'NONE', *, *, #3550, .F. ) ;
#2547 = DIRECTION ( 'NONE',  ( -1.000000000000000000, -0.000000000000000000, -0.000000000000000000 ) ) ;
#2548 = SURFACE_STYLE_FILL_AREA ( #2531 ) ;
#2549 = DIRECTION ( 'NONE',  ( 0.000000000000000000, 0.000000000000000000, 1.000000000000000000 ) ) ;
#2550 = CARTESIAN_POINT ( 'NONE',  ( 0.000000000000000000, 0.000000000000000000, 280.0000000000000000 ) ) ;
#2551 = ORIENTED_EDGE ( 'NONE', *, *, #1603, .F. ) ;
#2552 = PRESENTATION_LAYER_ASSIGNMENT (  '', '', ( #1653 ) ) ;
#2553 = CARTESIAN_POINT ( 'NONE',  ( 1500.000000000000000, 100.0000000000000000, -280.0000000000000000 ) ) ;
#2554 = ORIENTED_EDGE ( 'NONE', *, *, #552, .T. ) ;
#2555 = PRESENTATION_STYLE_ASSIGNMENT (( #2970 ) ) ;
#2556 = CARTESIAN_POINT ( 'NONE',  ( 626.4556573824339694, 756.8361285989955149, -300.0000000000000000 ) ) ;
#2557 = PRESENTATION_LAYER_ASSIGNMENT (  '', '', ( #1356 ) ) ;
#2558 = ORIENTED_EDGE ( 'NONE', *, *, #2226, .T. ) ;
#2559 =( LENGTH_UNIT ( ) NAMED_UNIT ( * ) SI_UNIT ( .MILLI., .METRE. ) );
#2560 = VECTOR ( 'NONE', #439, 1000.000000000000000 ) ;
#2561 = DIRECTION ( 'NONE',  ( -0.7386591800803956609, -0.6740790871128977679, -0.000000000000000000 ) ) ;
#2562 = EDGE_LOOP ( 'NONE', ( #3090, #2255, #3974, #468 ) ) ;
#2563 = CARTESIAN_POINT ( 'NONE',  ( 1008.549030229681307, 74.99947420548846821, -280.0000000000000000 ) ) ;
#2564 = ADVANCED_FACE ( 'NONE', ( #597 ), #5140, .T. ) ;
#2565 = CARTESIAN_POINT ( 'NONE',  ( 1484.000000000000000, 0.000000000000000000, 380.0000000000000000 ) ) ;
#2566 = MECHANICAL_DESIGN_GEOMETRIC_PRESENTATION_REPRESENTATION (  '', ( #5350 ), #1362 ) ;
#2567 = FACE_OUTER_BOUND ( 'NONE', #1008, .T. ) ;
#2568 = CARTESIAN_POINT ( 'NONE',  ( 859.8430926701265662, 91.61245815494616807, -175.8942926348141498 ) ) ;
#2569 = VERTEX_POINT ( 'NONE', #2641 ) ;
#2570 = FILL_AREA_STYLE ('',( #3359 ) ) ;
#2571 = AXIS2_PLACEMENT_3D ( 'NONE', #873, #3539, #490 ) ;
#2572 = CIRCLE ( 'NONE', #1510, 100.0000000000000000 ) ;
#2573 = LINE ( 'NONE', #4768, #5436 ) ;
#2574 = SURFACE_STYLE_USAGE ( .BOTH. , #412 ) ;
#2575 = COLOUR_RGB ( '',0.7921568627450980005, 0.8196078431372548767, 0.9333333333333333481 ) ;
#2576 = ADVANCED_FACE ( 'NONE', ( #819 ), #521, .F. ) ;
#2577 = EDGE_CURVE ( 'NONE', #956, #1141, #2656, .T. ) ;
#2578 =( LENGTH_UNIT ( ) NAMED_UNIT ( * ) SI_UNIT ( .MILLI., .METRE. ) );
#2579 = AXIS2_PLACEMENT_3D ( 'NONE', #2798, #4044, #4449 ) ;
#2580 = VECTOR ( 'NONE', #1110, 1000.000000000000000 ) ;
#2581 = CARTESIAN_POINT ( 'NONE',  ( -100.0000000000000000, 0.000000000000000000, 280.0000000000000000 ) ) ;
#2582 = DIRECTION ( 'NONE',  ( 1.000000000000000000, 0.000000000000000000, -0.000000000000000000 ) ) ;
#2583 = FILL_AREA_STYLE_COLOUR ( '', #775 ) ;
#2584 = VECTOR ( 'NONE', #262, 1000.000000000000000 ) ;
#2585 = ORIENTED_EDGE ( 'NONE', *, *, #4376, .T. ) ;
#2586 = DIRECTION ( 'NONE',  ( 0.000000000000000000, 0.000000000000000000, -1.000000000000000000 ) ) ;
#2587 = DIRECTION ( 'NONE',  ( 0.000000000000000000, 1.000000000000000000, 0.000000000000000000 ) ) ;
#2588 = VECTOR ( 'NONE', #3007, 1000.000000000000000 ) ;
#2589 =( NAMED_UNIT ( * ) SI_UNIT ( $, .STERADIAN. ) SOLID_ANGLE_UNIT ( ) );
#2590 = CARTESIAN_POINT ( 'NONE',  ( 1500.000000000000000, 0.000000000000000000, -300.0000000000000000 ) ) ;
#2591 = EDGE_CURVE ( 'NONE', #4450, #1144, #3422, .T. ) ;
#2592 = CIRCLE ( 'NONE', #5134, 135.0000000000000000 ) ;
#2593 = CARTESIAN_POINT ( 'NONE',  ( 907.0854269245697878, 91.61245815494616807, -175.8942926348141498 ) ) ;
#2594 = ORIENTED_EDGE ( 'NONE', *, *, #4282, .T. ) ;
#2595 = CARTESIAN_POINT ( 'NONE',  ( 1008.549030229681307, 74.99947420548846821, 280.0000000000000000 ) ) ;
#2596 = VECTOR ( 'NONE', #180, 1000.000000000000000 ) ;
#2597 = ORIENTED_EDGE ( 'NONE', *, *, #5213, .T. ) ;
#2598 = ADVANCED_FACE ( 'NONE', ( #2422 ), #4691, .F. ) ;
#2599 = UNCERTAINTY_MEASURE_WITH_UNIT (LENGTH_MEASURE( 1.000000000000000082E-05 ), #3863, 'distance_accuracy_value', 'NONE');
#2600 = CARTESIAN_POINT ( 'NONE',  ( -100.0000000000000000, 1.224646799147353217E-14, -300.0000000000000000 ) ) ;
#2601 = EDGE_LOOP ( 'NONE', ( #1006, #5428, #2225, #1341 ) ) ;
#2602 = VECTOR ( 'NONE', #34, 1000.000000000000000 ) ;
#2603 = MECHANICAL_DESIGN_GEOMETRIC_PRESENTATION_REPRESENTATION (  '', ( #4272 ), #3903 ) ;
#2604 = COLOUR_RGB ( '',0.2509803921568627416, 0.2509803921568627416, 0.2509803921568627416 ) ;
#2605 =( LENGTH_UNIT ( ) NAMED_UNIT ( * ) SI_UNIT ( .MILLI., .METRE. ) );
#2606 = DIRECTION ( 'NONE',  ( -1.000000000000000000, 0.000000000000000000, 0.000000000000000000 ) ) ;
#2607 = DIRECTION ( 'NONE',  ( -1.000000000000000000, 0.000000000000000000, 0.000000000000000000 ) ) ;
#2608 = EDGE_CURVE ( 'NONE', #1355, #4965, #377, .T. ) ;
#2609 = ORIENTED_EDGE ( 'NONE', *, *, #191, .T. ) ;
#2610 = FILL_AREA_STYLE_COLOUR ( '', #4862 ) ;
#2611 = LINE ( 'NONE', #5475, #4944 ) ;
#2612 = MECHANICAL_DESIGN_GEOMETRIC_PRESENTATION_REPRESENTATION (  '', ( #2807 ), #4482 ) ;
#2613 = ORIENTED_EDGE ( 'NONE', *, *, #1634, .T. ) ;
#2614 = CARTESIAN_POINT ( 'NONE',  ( 907.0854269245697878, 91.61245815494616807, 123.7175590866630017 ) ) ;
#2615 = ORIENTED_EDGE ( 'NONE', *, *, #4825, .T. ) ;
#2616 = EDGE_CURVE ( 'NONE', #1650, #2202, #342, .T. ) ;
#2617 = EDGE_CURVE ( 'NONE', #1747, #1325, #2335, .T. ) ;
#2618 = AXIS2_PLACEMENT_3D ( 'NONE', #816, #1211, #2105 ) ;
#2619 = EDGE_LOOP ( 'NONE', ( #2125, #4180 ) ) ;
#2620 = AXIS2_PLACEMENT_3D ( 'NONE', #3728, #1544, #5319 ) ;
#2621 = CYLINDRICAL_SURFACE ( 'NONE', #3464, 135.0000000000000000 ) ;
#2622 = DIRECTION ( 'NONE',  ( -2.260265279660158334E-15, -0.000000000000000000, -1.000000000000000000 ) ) ;
#2623 = CARTESIAN_POINT ( 'NONE',  ( -40.80756529893636753, -49.02021348074790552, -320.0000000000000000 ) ) ;
#2624 = ORIENTED_EDGE ( 'NONE', *, *, #1532, .F. ) ;
#2625 = DIRECTION ( 'NONE',  ( 1.000000000000000000, 0.000000000000000000, 0.000000000000000000 ) ) ;
#2626 = DIRECTION ( 'NONE',  ( 0.000000000000000000, -1.000000000000000000, 0.000000000000000000 ) ) ;
#2627 = SURFACE_SIDE_STYLE ('',( #415 ) ) ;
#2628 = EDGE_LOOP ( 'NONE', ( #4086, #4930, #2165, #3910 ) ) ;
#2629 = ADVANCED_FACE ( 'NONE', ( #1252 ), #584, .T. ) ;
#2630 = LINE ( 'NONE', #4430, #4051 ) ;
#2631 = LINE ( 'NONE', #1044, #3351 ) ;
#2632 = CARTESIAN_POINT ( 'NONE',  ( 0.000000000000000000, 135.0000000000000000, 301.0000000000000568 ) ) ;
#2633 = UNCERTAINTY_MEASURE_WITH_UNIT (LENGTH_MEASURE( 1.000000000000000082E-05 ), #5426, 'distance_accuracy_value', 'NONE');
#2634 = CARTESIAN_POINT ( 'NONE',  ( 0.000000000000000000, 89.61245815494616807, 0.000000000000000000 ) ) ;
#2635 = VECTOR ( 'NONE', #3041, 1000.000000000000000 ) ;
#2636 = CARTESIAN_POINT ( 'NONE',  ( 626.4556573824339694, 756.8361285989955149, 320.0000000000000000 ) ) ;
#2637 = EDGE_CURVE ( 'NONE', #2202, #1650, #1656, .T. ) ;
#2638 = VECTOR ( 'NONE', #1028, 1000.000000000000000 ) ;
#2639 = SURFACE_STYLE_USAGE ( .BOTH. , #5039 ) ;
#2640 = VECTOR ( 'NONE', #5017, 1000.000000000000000 ) ;
#2641 = CARTESIAN_POINT ( 'NONE',  ( 14.99999999999991118, 0.000000000000000000, -450.0000000000000000 ) ) ;
#2642 = CARTESIAN_POINT ( 'NONE',  ( 763.1330439721396033, 89.61245815494616807, -24.55957348493365089 ) ) ;
#2643 = EDGE_CURVE ( 'NONE', #4164, #4321, #2755, .T. ) ;
#2644 = DIRECTION ( 'NONE',  ( 0.000000000000000000, 0.000000000000000000, 1.000000000000000000 ) ) ;
#2645 = VECTOR ( 'NONE', #4669, 1000.000000000000000 ) ;
#2646 = DIRECTION ( 'NONE',  ( -1.000000000000000000, 0.000000000000000000, 0.000000000000000000 ) ) ;
#2647 = ORIENTED_EDGE ( 'NONE', *, *, #2227, .T. ) ;
#2648 = VERTEX_POINT ( 'NONE', #1882 ) ;
#2649 = LINE ( 'NONE', #5107, #1462 ) ;
#2650 =( LENGTH_UNIT ( ) NAMED_UNIT ( * ) SI_UNIT ( .MILLI., .METRE. ) );
#2651 = ADVANCED_FACE ( 'NONE', ( #3813 ), #2295, .F. ) ;
#2652 = VERTEX_POINT ( 'NONE', #1011 ) ;
#2653 = CARTESIAN_POINT ( 'NONE',  ( -40.80756529893636753, 0.000000000000000000, -300.0000000000000000 ) ) ;
#2654 = FILL_AREA_STYLE ('',( #2198 ) ) ;
#2655 = DIRECTION ( 'NONE',  ( -2.400379267199285034E-05, 0.9999999997119090045, 0.000000000000000000 ) ) ;
#2656 = LINE ( 'NONE', #1372, #5326 ) ;
#2657 = DIRECTION ( 'NONE',  ( 1.000000000000000000, -1.452739571261823934E-15, 0.000000000000000000 ) ) ;
#2658 = EDGE_LOOP ( 'NONE', ( #4030, #1470, #2427, #476 ) ) ;
#2659 = PRESENTATION_STYLE_ASSIGNMENT (( #4244 ) ) ;
#2660 = EDGE_CURVE ( 'NONE', #5389, #878, #1918, .T. ) ;
#2661 = COLOUR_RGB ( '',0.7921568627450980005, 0.8196078431372548767, 0.9333333333333333481 ) ;
#2662 =( LENGTH_UNIT ( ) NAMED_UNIT ( * ) SI_UNIT ( .MILLI., .METRE. ) );
#2663 = SURFACE_SIDE_STYLE ('',( #4221 ) ) ;
#2664 = ORIENTED_EDGE ( 'NONE', *, *, #4824, .F. ) ;
#2665 = MANIFOLD_SOLID_BREP ( 'Boss-Extrude3', #4135 ) ;
#2666 = DIRECTION ( 'NONE',  ( 0.000000000000000000, 0.000000000000000000, -1.000000000000000000 ) ) ;
#2667 = EDGE_LOOP ( 'NONE', ( #3526, #204, #2597, #442 ) ) ;
#2668 = CIRCLE ( 'NONE', #4820, 14.99999999999991118 ) ;
#2669 = ORIENTED_EDGE ( 'NONE', *, *, #5255, .F. ) ;
#2670 = DIRECTION ( 'NONE',  ( -1.000000000000000000, 0.000000000000000000, 0.000000000000000000 ) ) ;
#2671 = CARTESIAN_POINT ( 'NONE',  ( 0.000000000000000000, 0.000000000000000000, 280.0000000000000000 ) ) ;
#2672 = DIRECTION ( 'NONE',  ( 1.000000000000000000, 0.000000000000000000, -0.000000000000000000 ) ) ;
#2673 = ORIENTED_EDGE ( 'NONE', *, *, #732, .T. ) ;
#2674 = STYLED_ITEM ( 'NONE', ( #731 ), #2406 ) ;
#2675 = ORIENTED_EDGE ( 'NONE', *, *, #4363, .F. ) ;
#2676 = DIRECTION ( 'NONE',  ( 1.000000000000000000, 0.000000000000000000, 0.000000000000000000 ) ) ;
#2677 = CYLINDRICAL_SURFACE ( 'NONE', #5474, 100.0000000000000853 ) ;
#2678 = FILL_AREA_STYLE_COLOUR ( '', #3367 ) ;
#2679 = SURFACE_STYLE_USAGE ( .BOTH. , #3071 ) ;
#2680 = FACE_OUTER_BOUND ( 'NONE', #2667, .T. ) ;
#2681 = EDGE_CURVE ( 'NONE', #940, #3889, #1374, .T. ) ;
#2682 = ORIENTED_EDGE ( 'NONE', *, *, #2184, .T. ) ;
#2683 = SURFACE_SIDE_STYLE ('',( #241 ) ) ;
#2684 = ORIENTED_EDGE ( 'NONE', *, *, #3344, .T. ) ;
#2685 = DIRECTION ( 'NONE',  ( -0.000000000000000000, -1.000000000000000000, -0.000000000000000000 ) ) ;
#2686 = ADVANCED_FACE ( 'NONE', ( #1726 ), #5227, .T. ) ;
#2687 = AXIS2_PLACEMENT_3D ( 'NONE', #700, #2007, #3729 ) ;
#2688 = CARTESIAN_POINT ( 'NONE',  ( 1482.439811145854264, 19.24254134127678739, -380.0000000000000000 ) ) ;
#2689 = CARTESIAN_POINT ( 'NONE',  ( 715.9415165299158161, 91.61245815494616807, 24.55957348493370418 ) ) ;
#2690 = ORIENTED_EDGE ( 'NONE', *, *, #4310, .F. ) ;
#2691 = ORIENTED_EDGE ( 'NONE', *, *, #5358, .F. ) ;
#2692 =( NAMED_UNIT ( * ) SI_UNIT ( $, .STERADIAN. ) SOLID_ANGLE_UNIT ( ) );
#2693 = CARTESIAN_POINT ( 'NONE',  ( 1461.353739672122629, -49.02021348074790552, -330.0000000000000000 ) ) ;
#2694 = LINE ( 'NONE', #3410, #2560 ) ;
#2695 = LINE ( 'NONE', #1554, #3941 ) ;
#2696 = DIRECTION ( 'NONE',  ( 1.000000000000000000, 0.000000000000000000, 0.000000000000000000 ) ) ;
#2697 = CARTESIAN_POINT ( 'NONE',  ( 1461.353739672122629, 2.220446049250313081E-13, -380.0000000000000000 ) ) ;
#2698 = EDGE_CURVE ( 'NONE', #4321, #3046, #4821, .T. ) ;
#2699 = CARTESIAN_POINT ( 'NONE',  ( 0.000000000000000000, 0.000000000000000000, 450.0000000000000000 ) ) ;
#2700 = LINE ( 'NONE', #2470, #2204 ) ;
#2701 = DIRECTION ( 'NONE',  ( 1.000000000000000000, 0.000000000000000000, 0.000000000000000000 ) ) ;
#2702 = FILL_AREA_STYLE_COLOUR ( '', #2093 ) ;
#2703 = AXIS2_PLACEMENT_3D ( 'NONE', #942, #1367, #4762 ) ;
#2704 = UNCERTAINTY_MEASURE_WITH_UNIT (LENGTH_MEASURE( 1.000000000000000082E-05 ), #2405, 'distance_accuracy_value', 'NONE');
#2705 = CARTESIAN_POINT ( 'NONE',  ( 1540.807565298936424, 0.000000000000000000, 320.0000000000000000 ) ) ;
#2706 = AXIS2_PLACEMENT_3D ( 'NONE', #4623, #1712, #5065 ) ;
#2707 = LINE ( 'NONE', #130, #3677 ) ;
#2708 = SURFACE_SIDE_STYLE ('',( #885 ) ) ;
#2709 = FILL_AREA_STYLE_COLOUR ( '', #2819 ) ;
#2710 = LINE ( 'NONE', #662, #2580 ) ;
#2711 = CARTESIAN_POINT ( 'NONE',  ( 859.8430926701265662, 91.61245815494616807, -175.8942926348141498 ) ) ;
#2712 = EDGE_LOOP ( 'NONE', ( #309, #2774, #1278, #1571 ) ) ;
#2713 = CARTESIAN_POINT ( 'NONE',  ( -17.56018885414611930, 19.24254134127670213, -300.0000000000000000 ) ) ;
#2714 = ORIENTED_EDGE ( 'NONE', *, *, #4552, .F. ) ;
#2715 = VECTOR ( 'NONE', #3035, 1000.000000000000000 ) ;
#2716 = FILL_AREA_STYLE ('',( #5162 ) ) ;
#2717 = EDGE_CURVE ( 'NONE', #3393, #3767, #4626, .T. ) ;
#2718 = ORIENTED_EDGE ( 'NONE', *, *, #3620, .T. ) ;
#2719 = EDGE_CURVE ( 'NONE', #3570, #3186, #3160, .T. ) ;
#2720 = CLOSED_SHELL ( 'NONE', ( #2508, #2495, #4734, #2027, #2526, #4543, #3320, #5494, #2966, #4575, #1339, #360 ) ) ;
#2721 = FACE_OUTER_BOUND ( 'NONE', #663, .T. ) ;
#2722 = LINE ( 'NONE', #4770, #3839 ) ;
#2723 = CARTESIAN_POINT ( 'NONE',  ( -17.56018885414601982, 19.24254134127659199, -320.0000000000000000 ) ) ;
#2724 = AXIS2_PLACEMENT_3D ( 'NONE', #5484, #5040, #2065 ) ;
#2725 = ORIENTED_EDGE ( 'NONE', *, *, #2534, .F. ) ;
#2726 = CARTESIAN_POINT ( 'NONE',  ( 1100.369833262022439, 70.00000000000000000, -300.0000000000000000 ) ) ;
#2727 = VERTEX_POINT ( 'NONE', #4996 ) ;
#2728 = COLOUR_RGB ( '',1.000000000000000000, 1.000000000000000000, 0.000000000000000000 ) ;
#2729 = VERTEX_POINT ( 'NONE', #1185 ) ;
#2730 = DIRECTION ( 'NONE',  ( -0.000000000000000000, -0.000000000000000000, -1.000000000000000000 ) ) ;
#2731 = DIRECTION ( 'NONE',  ( -0.000000000000000000, 1.000000000000000000, -0.000000000000000000 ) ) ;
#2732 = SURFACE_STYLE_USAGE ( .BOTH. , #1389 ) ;
#2733 = ORIENTED_EDGE ( 'NONE', *, *, #165, .T. ) ;
#2734 = SURFACE_SIDE_STYLE ('',( #1315 ) ) ;
#2735 = CIRCLE ( 'NONE', #4230, 26.05063588214331460 ) ;
#2736 = ORIENTED_EDGE ( 'NONE', *, *, #170, .F. ) ;
#2737 = VERTEX_POINT ( 'NONE', #1575 ) ;
#2738 = LINE ( 'NONE', #2581, #1896 ) ;
#2739 = FACE_OUTER_BOUND ( 'NONE', #75, .T. ) ;
#2740 = DIRECTION ( 'NONE',  ( 0.000000000000000000, 1.000000000000000000, 0.000000000000000000 ) ) ;
#2741 = ORIENTED_EDGE ( 'NONE', *, *, #1237, .T. ) ;
#2742 = EDGE_LOOP ( 'NONE', ( #1541, #3536, #4102, #4090 ) ) ;
#2743 = LINE ( 'NONE', #4415, #560 ) ;
#2744 = CARTESIAN_POINT ( 'NONE',  ( 0.000000000000000000, 135.0000000000000000, 280.0000000000000000 ) ) ;
#2745 = ORIENTED_EDGE ( 'NONE', *, *, #2616, .T. ) ;
#2746 =( LENGTH_UNIT ( ) NAMED_UNIT ( * ) SI_UNIT ( .MILLI., .METRE. ) );
#2747 = LINE ( 'NONE', #4104, #4680 ) ;
#2748 = PRODUCT_CONTEXT ( 'NONE', #981, 'mechanical' ) ;
#2749 = EDGE_CURVE ( 'NONE', #3543, #5142, #1517, .T. ) ;
#2750 = DIRECTION ( 'NONE',  ( 0.000000000000000000, 0.000000000000000000, 1.000000000000000000 ) ) ;
#2751 = VERTEX_POINT ( 'NONE', #347 ) ;
#2752 = AXIS2_PLACEMENT_3D ( 'NONE', #1522, #2802, #2818 ) ;
#2753 = ORIENTED_EDGE ( 'NONE', *, *, #586, .F. ) ;
#2754 =( LENGTH_UNIT ( ) NAMED_UNIT ( * ) SI_UNIT ( .MILLI., .METRE. ) );
#2755 = LINE ( 'NONE', #133, #572 ) ;
#2756 = CARTESIAN_POINT ( 'NONE',  ( 38.64626032787765553, 0.000000000000000000, -300.0000000000000000 ) ) ;
#2757 = SURFACE_STYLE_USAGE ( .BOTH. , #3605 ) ;
#2758 = DIRECTION ( 'NONE',  ( 1.000000000000000000, 0.000000000000000000, 0.000000000000000000 ) ) ;
#2759 = PRESENTATION_STYLE_ASSIGNMENT (( #2518 ) ) ;
#2760 = AXIS2_PLACEMENT_3D ( 'NONE', #248, #2870, #4943 ) ;
#2761 = MANIFOLD_SOLID_BREP ( 'Boss-Extrude1', #3347 ) ;
#2762 = DIRECTION ( 'NONE',  ( -1.000000000000000000, 0.000000000000000000, 0.000000000000000000 ) ) ;
#2763 = EDGE_LOOP ( 'NONE', ( #1275, #1163, #4982, #1328, #1394, #4419, #2675, #4346, #3894, #569, #2624, #4729 ) ) ;
#2764 = CARTESIAN_POINT ( 'NONE',  ( 1500.000000000000000, 0.000000000000000000, 320.0000000000000000 ) ) ;
#2765 = SURFACE_STYLE_FILL_AREA ( #408 ) ;
#2766 = MECHANICAL_DESIGN_GEOMETRIC_PRESENTATION_REPRESENTATION (  '', ( #2180 ), #3584 ) ;
#2767 = EDGE_LOOP ( 'NONE', ( #3255, #3119, #5458, #4163 ) ) ;
#2768 = FACE_OUTER_BOUND ( 'NONE', #4550, .T. ) ;
#2769 = DIRECTION ( 'NONE',  ( 0.000000000000000000, 1.000000000000000000, 0.000000000000000000 ) ) ;
#2770 = CARTESIAN_POINT ( 'NONE',  ( 0.000000000000000000, 0.000000000000000000, -301.0000000000000568 ) ) ;
#2771 = EDGE_CURVE ( 'NONE', #956, #3656, #2060, .T. ) ;
#2772 = DIRECTION ( 'NONE',  ( -0.000000000000000000, 0.000000000000000000, 1.000000000000000000 ) ) ;
#2773 = SURFACE_STYLE_USAGE ( .BOTH. , #5346 ) ;
#2774 = ORIENTED_EDGE ( 'NONE', *, *, #1993, .F. ) ;
#2775 = PRESENTATION_STYLE_ASSIGNMENT (( #1083 ) ) ;
#2776 = DIRECTION ( 'NONE',  ( 0.000000000000000000, 0.000000000000000000, 1.000000000000000000 ) ) ;
#2777 = EDGE_CURVE ( 'NONE', #1503, #4530, #2968, .T. ) ;
#2778 = EDGE_CURVE ( 'NONE', #2535, #2861, #2630, .T. ) ;
#2779 = CARTESIAN_POINT ( 'NONE',  ( 859.8430926701265662, 89.61245815494616807, -175.8942926348141498 ) ) ;
#2780 = SURFACE_SIDE_STYLE ('',( #1965 ) ) ;
#2781 = STYLED_ITEM ( 'NONE', ( #3232 ), #5429 ) ;
#2782 = ORIENTED_EDGE ( 'NONE', *, *, #1820, .T. ) ;
#2783 = LINE ( 'NONE', #2899, #543 ) ;
#2784 = DIRECTION ( 'NONE',  ( -1.000000000000000000, 0.000000000000000000, -0.000000000000000000 ) ) ;
#2785 = ORIENTED_EDGE ( 'NONE', *, *, #3072, .F. ) ;
#2786 = VECTOR ( 'NONE', #2355, 1000.000000000000000 ) ;
#2787 = UNCERTAINTY_MEASURE_WITH_UNIT (LENGTH_MEASURE( 1.000000000000000082E-05 ), #3957, 'distance_accuracy_value', 'NONE');
#2788 = CARTESIAN_POINT ( 'NONE',  ( 0.000000000000000000, 0.000000000000000000, 301.0000000000000568 ) ) ;
#2789 = CARTESIAN_POINT ( 'NONE',  ( 0.000000000000000000, 0.000000000000000000, -300.0000000000000000 ) ) ;
#2790 = FACE_OUTER_BOUND ( 'NONE', #1968, .T. ) ;
#2791 = ORIENTED_EDGE ( 'NONE', *, *, #4316, .T. ) ;
#2792 = EDGE_LOOP ( 'NONE', ( #2507, #2381, #1883, #725, #3060 ) ) ;
#2793 =( GEOMETRIC_REPRESENTATION_CONTEXT ( 3 ) GLOBAL_UNCERTAINTY_ASSIGNED_CONTEXT ( ( #2599 ) ) GLOBAL_UNIT_ASSIGNED_CONTEXT ( ( #3863, #4224, #1672 ) ) REPRESENTATION_CONTEXT ( 'NONE', 'WORKASPACE' ) );
#2794 = CARTESIAN_POINT ( 'NONE',  ( -40.80756529893636753, 0.000000000000000000, 320.0000000000000000 ) ) ;
#2795 = VECTOR ( 'NONE', #4435, 1000.000000000000000 ) ;
#2796 = FILL_AREA_STYLE_COLOUR ( '', #5004 ) ;
#2797 = PRESENTATION_STYLE_ASSIGNMENT (( #3701 ) ) ;
#2798 = CARTESIAN_POINT ( 'NONE',  ( 1500.000000000000000, 0.000000000000000000, 380.0000000000000000 ) ) ;
#2799 = FILL_AREA_STYLE ('',( #89 ) ) ;
#2800 = CARTESIAN_POINT ( 'NONE',  ( 1540.807565298936424, 0.000000000000000000, -300.0000000000000000 ) ) ;
#2801 = CARTESIAN_POINT ( 'NONE',  ( 806.2118054896012609, -161.3648997254208268, 0.000000000000000000 ) ) ;
#2802 = DIRECTION ( 'NONE',  ( 0.000000000000000000, 0.000000000000000000, 1.000000000000000000 ) ) ;
#2803 = EDGE_CURVE ( 'NONE', #2459, #2729, #1915, .T. ) ;
#2804 = DIRECTION ( 'NONE',  ( 0.000000000000000000, 0.000000000000000000, 1.000000000000000000 ) ) ;
#2805 = DIRECTION ( 'NONE',  ( 1.000000000000000000, 0.000000000000000000, 0.000000000000000000 ) ) ;
#2806 = SURFACE_STYLE_FILL_AREA ( #4761 ) ;
#2807 = STYLED_ITEM ( 'NONE', ( #1091 ), #3100 ) ;
#2808 = EDGE_CURVE ( 'NONE', #3442, #1054, #116, .T. ) ;
#2809 = EDGE_CURVE ( 'NONE', #2861, #4775, #2810, .T. ) ;
#2810 = LINE ( 'NONE', #2078, #4438 ) ;
#2811 = PLANE ( 'NONE',  #155 ) ;
#2812 = CARTESIAN_POINT ( 'NONE',  ( 1482.439811145854264, 19.24254134127678739, 300.0000000000000000 ) ) ;
#2813 = AXIS2_PLACEMENT_3D ( 'NONE', #2764, #4437, #3152 ) ;
#2814 = DIRECTION ( 'NONE',  ( -1.000000000000000000, 0.000000000000000000, 0.000000000000000000 ) ) ;
#2815 = DIRECTION ( 'NONE',  ( -2.400379267199285034E-05, -0.9999999997119090045, 0.000000000000000000 ) ) ;
#2816 =( NAMED_UNIT ( * ) PLANE_ANGLE_UNIT ( ) SI_UNIT ( $, .RADIAN. ) );
#2817 = DIRECTION ( 'NONE',  ( 0.000000000000000000, 1.000000000000000000, 0.000000000000000000 ) ) ;
#2818 = DIRECTION ( 'NONE',  ( 1.000000000000000000, 0.000000000000000000, 0.000000000000000000 ) ) ;
#2819 = COLOUR_RGB ( '',1.000000000000000000, 1.000000000000000000, 0.000000000000000000 ) ;
#2820 = MECHANICAL_DESIGN_GEOMETRIC_PRESENTATION_REPRESENTATION (  '', ( #1653 ), #3127 ) ;
#2821 = CARTESIAN_POINT ( 'NONE',  ( 1008.549030229681307, 89.61245815494616807, 280.0000000000000000 ) ) ;
#2822 = LINE ( 'NONE', #3797, #4448 ) ;
#2823 = CARTESIAN_POINT ( 'NONE',  ( 0.000000000000000000, 0.000000000000000000, 280.0000000000000000 ) ) ;
#2824 = CARTESIAN_POINT ( 'NONE',  ( 1600.000000000000000, 0.000000000000000000, -300.0000000000000000 ) ) ;
#2825 = PRESENTATION_LAYER_ASSIGNMENT (  '', '', ( #1841 ) ) ;
#2826 = CARTESIAN_POINT ( 'NONE',  ( 619.2314678319288532, 91.61245815494616807, 175.8942926348141782 ) ) ;
#2827 = EDGE_LOOP ( 'NONE', ( #3703, #4616, #544, #2104 ) ) ;
#2828 = SURFACE_SIDE_STYLE ('',( #2986 ) ) ;
#2829 = ORIENTED_EDGE ( 'NONE', *, *, #4310, .T. ) ;
#2830 = PRESENTATION_STYLE_ASSIGNMENT (( #393 ) ) ;
#2831 = SURFACE_STYLE_FILL_AREA ( #2342 ) ;
#2832 = CARTESIAN_POINT ( 'NONE',  ( 279.6301667379776745, 70.00000000000000000, -300.0000000000000000 ) ) ;
#2833 = CARTESIAN_POINT ( 'NONE',  ( -110.0000000000000000, 0.000000000000000000, -280.0000000000000000 ) ) ;
#2834 = CARTESIAN_POINT ( 'NONE',  ( 664.0137346702906598, -727.6295173529550766, 320.0000000000000000 ) ) ;
#2835 = VECTOR ( 'NONE', #1719, 1000.000000000000000 ) ;
#2836 = DIRECTION ( 'NONE',  ( -0.000000000000000000, -0.000000000000000000, 1.000000000000000000 ) ) ;
#2837 = CARTESIAN_POINT ( 'NONE',  ( -17.56018885414611930, 19.24254134127670213, 300.0000000000000000 ) ) ;
#2838 = ORIENTED_EDGE ( 'NONE', *, *, #1099, .F. ) ;
#2839 =( GEOMETRIC_REPRESENTATION_CONTEXT ( 3 ) GLOBAL_UNCERTAINTY_ASSIGNED_CONTEXT ( ( #999 ) ) GLOBAL_UNIT_ASSIGNED_CONTEXT ( ( #977, #1456, #3782 ) ) REPRESENTATION_CONTEXT ( 'NONE', 'WORKASPACE' ) );
#2840 = LINE ( 'NONE', #4384, #3444 ) ;
#2841 =( NAMED_UNIT ( * ) SI_UNIT ( $, .STERADIAN. ) SOLID_ANGLE_UNIT ( ) );
#2842 = CARTESIAN_POINT ( 'NONE',  ( 0.000000000000000000, -49.02021348074790552, -320.0000000000000000 ) ) ;
#2843 = CARTESIAN_POINT ( 'NONE',  ( 619.2314678319288532, 89.61245815494616807, -175.8942926348141498 ) ) ;
#2844 = EDGE_CURVE ( 'NONE', #1288, #134, #4506, .T. ) ;
#2845 = ORIENTED_EDGE ( 'NONE', *, *, #5255, .T. ) ;
#2846 = CARTESIAN_POINT ( 'NONE',  ( -40.80756529893636753, 0.000000000000000000, 300.0000000000000000 ) ) ;
#2847 = VECTOR ( 'NONE', #3748, 1000.000000000000000 ) ;
#2848 = ORIENTED_EDGE ( 'NONE', *, *, #2913, .F. ) ;
#2849 = LINE ( 'NONE', #2439, #3515 ) ;
#2850 = ORIENTED_EDGE ( 'NONE', *, *, #5288, .F. ) ;
#2851 = SURFACE_STYLE_USAGE ( .BOTH. , #1105 ) ;
#2852 = DIRECTION ( 'NONE',  ( 1.000000000000000000, 0.000000000000000000, 0.000000000000000000 ) ) ;
#2853 = CARTESIAN_POINT ( 'NONE',  ( 0.000000000000000000, -110.0000000000000000, -280.0000000000000000 ) ) ;
#2854 = DIRECTION ( 'NONE',  ( 1.000000000000000000, 0.000000000000000000, -0.000000000000000000 ) ) ;
#2855 = CARTESIAN_POINT ( 'NONE',  ( 1517.560188854146190, 19.24254134127678739, -330.0000000000000000 ) ) ;
#2856 = ORIENTED_EDGE ( 'NONE', *, *, #315, .T. ) ;
#2857 = STYLED_ITEM ( 'NONE', ( #2830 ), #4700 ) ;
#2858 = PLANE ( 'NONE',  #4303 ) ;
#2859 = UNCERTAINTY_MEASURE_WITH_UNIT (LENGTH_MEASURE( 1.000000000000000082E-05 ), #702, 'distance_accuracy_value', 'NONE');
#2860 = CARTESIAN_POINT ( 'NONE',  ( 17.56018885414567521, 19.24254134127670213, -320.0000000000000000 ) ) ;
#2861 = VERTEX_POINT ( 'NONE', #4976 ) ;
#2862 = DIRECTION ( 'NONE',  ( -0.7386591800803945507, -0.6740790871128988782, 0.000000000000000000 ) ) ;
#2863 = EDGE_CURVE ( 'NONE', #5024, #4852, #1304, .T. ) ;
#2864 = SURFACE_STYLE_USAGE ( .BOTH. , #1504 ) ;
#2865 =( NAMED_UNIT ( * ) PLANE_ANGLE_UNIT ( ) SI_UNIT ( $, .RADIAN. ) );
#2866 = VERTEX_POINT ( 'NONE', #3355 ) ;
#2867 = ORIENTED_EDGE ( 'NONE', *, *, #2049, .T. ) ;
#2868 = ADVANCED_FACE ( 'NONE', ( #4757 ), #324, .F. ) ;
#2869 =( GEOMETRIC_REPRESENTATION_CONTEXT ( 3 ) GLOBAL_UNCERTAINTY_ASSIGNED_CONTEXT ( ( #972 ) ) GLOBAL_UNIT_ASSIGNED_CONTEXT ( ( #4573, #373, #4967 ) ) REPRESENTATION_CONTEXT ( 'NONE', 'WORKASPACE' ) );
#2870 = DIRECTION ( 'NONE',  ( 0.000000000000000000, 0.000000000000000000, 1.000000000000000000 ) ) ;
#2871 = VERTEX_POINT ( 'NONE', #2058 ) ;
#2872 = FILL_AREA_STYLE_COLOUR ( '', #2500 ) ;
#2873 = AXIS2_PLACEMENT_3D ( 'NONE', #186, #3224, #3277 ) ;
#2874 = DIRECTION ( 'NONE',  ( 2.127812435020657618E-15, 0.000000000000000000, 1.000000000000000000 ) ) ;
#2875 = ORIENTED_EDGE ( 'NONE', *, *, #3770, .F. ) ;
#2876 = FILL_AREA_STYLE_COLOUR ( '', #18 ) ;
#2877 = EDGE_CURVE ( 'NONE', #4852, #5059, #3415, .T. ) ;
#2878 = CARTESIAN_POINT ( 'NONE',  ( 1482.439811145854264, 19.24254134127678739, 380.0000000000000000 ) ) ;
#2879 =( NAMED_UNIT ( * ) SI_UNIT ( $, .STERADIAN. ) SOLID_ANGLE_UNIT ( ) );
#2880 = ORIENTED_EDGE ( 'NONE', *, *, #4212, .F. ) ;
#2881 = PRESENTATION_LAYER_ASSIGNMENT (  '', '', ( #2221 ) ) ;
#2882 = COLOUR_RGB ( '',0.7921568627450980005, 0.8196078431372548767, 0.9333333333333333481 ) ;
#2883 = PLANE ( 'NONE',  #5394 ) ;
#2884 = EDGE_CURVE ( 'NONE', #4884, #3668, #4250, .T. ) ;
#2885 = EDGE_CURVE ( 'NONE', #4958, #1814, #3094, .T. ) ;
#2886 = ORIENTED_EDGE ( 'NONE', *, *, #289, .F. ) ;
#2887 = ADVANCED_FACE ( 'NONE', ( #3544 ), #3939, .T. ) ;
#2888 = CARTESIAN_POINT ( 'NONE',  ( 17.56018885414577468, 19.24254134127681581, 320.0000000000000000 ) ) ;
#2889 =( GEOMETRIC_REPRESENTATION_CONTEXT ( 3 ) GLOBAL_UNCERTAINTY_ASSIGNED_CONTEXT ( ( #3774 ) ) GLOBAL_UNIT_ASSIGNED_CONTEXT ( ( #3689, #2389, #5327 ) ) REPRESENTATION_CONTEXT ( 'NONE', 'WORKASPACE' ) );
#2890 = LINE ( 'NONE', #4340, #1597 ) ;
#2891 = SURFACE_SIDE_STYLE ('',( #4129 ) ) ;
#2892 = COLOUR_RGB ( '',1.000000000000000000, 1.000000000000000000, 0.000000000000000000 ) ;
#2893 = STYLED_ITEM ( 'NONE', ( #1264 ), #4653 ) ;
#2894 = ORIENTED_EDGE ( 'NONE', *, *, #2948, .T. ) ;
#2895 = CARTESIAN_POINT ( 'NONE',  ( 1516.000000000000000, 1.959434878635755665E-15, 380.0000000000000000 ) ) ;
#2896 = VERTEX_POINT ( 'NONE', #401 ) ;
#2897 = FACE_OUTER_BOUND ( 'NONE', #1521, .T. ) ;
#2898 = CARTESIAN_POINT ( 'NONE',  ( 0.000000000000000000, -49.02021348074790552, -320.0000000000000000 ) ) ;
#2899 = CARTESIAN_POINT ( 'NONE',  ( 1503.120971213320217, 134.9639193958356884, -280.0000000000000000 ) ) ;
#2900 = ADVANCED_FACE ( 'NONE', ( #5290 ), #4268, .F. ) ;
#2901 = SURFACE_STYLE_USAGE ( .BOTH. , #4544 ) ;
#2902 = ORIENTED_EDGE ( 'NONE', *, *, #4966, .T. ) ;
#2903 = SURFACE_SIDE_STYLE ('',( #3723 ) ) ;
#2904 = CARTESIAN_POINT ( 'NONE',  ( 1461.353739672122629, 2.220446049250313081E-13, 330.0000000000000000 ) ) ;
#2905 = ORIENTED_EDGE ( 'NONE', *, *, #1993, .T. ) ;
#2906 = MECHANICAL_DESIGN_GEOMETRIC_PRESENTATION_REPRESENTATION (  '', ( #2425 ), #4769 ) ;
#2907 = SURFACE_SIDE_STYLE ('',( #5036 ) ) ;
#2908 = FILL_AREA_STYLE_COLOUR ( '', #1601 ) ;
#2909 = DIRECTION ( 'NONE',  ( 0.000000000000000000, -1.000000000000000000, 0.000000000000000000 ) ) ;
#2910 = ORIENTED_EDGE ( 'NONE', *, *, #2071, .F. ) ;
#2911 = ORIENTED_EDGE ( 'NONE', *, *, #3158, .F. ) ;
#2912 = LINE ( 'NONE', #4896, #2011 ) ;
#2913 = EDGE_CURVE ( 'NONE', #5024, #2043, #5033, .T. ) ;
#2914 = DIRECTION ( 'NONE',  ( 1.000000000000000000, 0.000000000000000000, 0.000000000000000000 ) ) ;
#2915 = DIRECTION ( 'NONE',  ( 1.000000000000000000, 0.000000000000000000, 0.000000000000000000 ) ) ;
#2916 = PRESENTATION_STYLE_ASSIGNMENT (( #3935 ) ) ;
#2917 = ORIENTED_EDGE ( 'NONE', *, *, #5049, .T. ) ;
#2918 = STYLED_ITEM ( 'NONE', ( #2196 ), #2887 ) ;
#2919 = ORIENTED_EDGE ( 'NONE', *, *, #3597, .F. ) ;
#2920 = DIRECTION ( 'NONE',  ( -1.000000000000000000, 0.000000000000000000, 0.000000000000000000 ) ) ;
#2921 = FACE_BOUND ( 'NONE', #2289, .T. ) ;
#2922 = DIRECTION ( 'NONE',  ( 1.000000000000000000, 0.000000000000000000, 0.000000000000000000 ) ) ;
#2923 = EDGE_LOOP ( 'NONE', ( #2106, #3850, #2519, #3968 ) ) ;
#2924 = EDGE_CURVE ( 'NONE', #1418, #4793, #1438, .T. ) ;
#2925 = VECTOR ( 'NONE', #1830, 1000.000000000000000 ) ;
#2926 = ORIENTED_EDGE ( 'NONE', *, *, #2844, .T. ) ;
#2927 = AXIS2_PLACEMENT_3D ( 'NONE', #3616, #4848, #1024 ) ;
#2928 = ADVANCED_FACE ( 'NONE', ( #231 ), #3283, .F. ) ;
#2929 = DIRECTION ( 'NONE',  ( -0.000000000000000000, -0.000000000000000000, 1.000000000000000000 ) ) ;
#2930 = PLANE ( 'NONE',  #4336 ) ;
#2931 = EDGE_LOOP ( 'NONE', ( #971, #3440 ) ) ;
#2932 = CARTESIAN_POINT ( 'NONE',  ( 678.8941503029516298, -49.02021348074768525, 300.0000000000000000 ) ) ;
#2933 = PRESENTATION_STYLE_ASSIGNMENT (( #3762 ) ) ;
#2934 = LINE ( 'NONE', #3688, #676 ) ;
#2935 = CIRCLE ( 'NONE', #5149, 100.0000000000000853 ) ;
#2936 = EDGE_LOOP ( 'NONE', ( #3740, #323, #5221, #428 ) ) ;
#2937 = UNCERTAINTY_MEASURE_WITH_UNIT (LENGTH_MEASURE( 1.000000000000000082E-05 ), #2326, 'distance_accuracy_value', 'NONE');
#2938 =( NAMED_UNIT ( * ) PLANE_ANGLE_UNIT ( ) SI_UNIT ( $, .RADIAN. ) );
#2939 = ORIENTED_EDGE ( 'NONE', *, *, #2749, .F. ) ;
#2940 = VERTEX_POINT ( 'NONE', #828 ) ;
#2941 = ORIENTED_EDGE ( 'NONE', *, *, #4109, .F. ) ;
#2942 = STYLED_ITEM ( 'NONE', ( #4073 ), #4846 ) ;
#2943 =( NAMED_UNIT ( * ) SI_UNIT ( $, .STERADIAN. ) SOLID_ANGLE_UNIT ( ) );
#2944 = FACE_OUTER_BOUND ( 'NONE', #2167, .T. ) ;
#2945 = FILL_AREA_STYLE ('',( #4148 ) ) ;
#2946 = VERTEX_POINT ( 'NONE', #2563 ) ;
#2947 = PLANE ( 'NONE',  #3358 ) ;
#2948 = EDGE_CURVE ( 'NONE', #2946, #4357, #2694, .T. ) ;
#2949 =( NAMED_UNIT ( * ) PLANE_ANGLE_UNIT ( ) SI_UNIT ( $, .RADIAN. ) );
#2950 = CARTESIAN_POINT ( 'NONE',  ( 907.0854269245697878, 89.61245815494616807, -175.8942926348141498 ) ) ;
#2951 = DIRECTION ( 'NONE',  ( 0.000000000000000000, 0.000000000000000000, 1.000000000000000000 ) ) ;
#2952 = ORIENTED_EDGE ( 'NONE', *, *, #5487, .F. ) ;
#2953 = ORIENTED_EDGE ( 'NONE', *, *, #1523, .T. ) ;
#2954 = SURFACE_STYLE_FILL_AREA ( #3898 ) ;
#2955 = DIRECTION ( 'NONE',  ( -0.000000000000000000, -0.000000000000000000, -1.000000000000000000 ) ) ;
#2956 = DIRECTION ( 'NONE',  ( -0.000000000000000000, -0.000000000000000000, -1.000000000000000000 ) ) ;
#2957 = AXIS2_PLACEMENT_3D ( 'NONE', #708, #3298, #673 ) ;
#2958 = PLANE ( 'NONE',  #1147 ) ;
#2959 =( NAMED_UNIT ( * ) PLANE_ANGLE_UNIT ( ) SI_UNIT ( $, .RADIAN. ) );
#2960 = VECTOR ( 'NONE', #1202, 1000.000000000000000 ) ;
#2961 = COLOUR_RGB ( '',0.7921568627450980005, 0.8196078431372548767, 0.9333333333333333481 ) ;
#2962 = STYLED_ITEM ( 'NONE', ( #947 ), #2232 ) ;
#2963 = SURFACE_SIDE_STYLE ('',( #4098 ) ) ;
#2964 = DIRECTION ( 'NONE',  ( -0.000000000000000000, -0.000000000000000000, -1.000000000000000000 ) ) ;
#2965 = ORIENTED_EDGE ( 'NONE', *, *, #4037, .T. ) ;
#2966 = ADVANCED_FACE ( 'NONE', ( #1097 ), #5056, .T. ) ;
#2967 = EDGE_CURVE ( 'NONE', #2535, #515, #5490, .T. ) ;
#2968 = LINE ( 'NONE', #3736, #2054 ) ;
#2969 = DIRECTION ( 'NONE',  ( 0.000000000000000000, 0.000000000000000000, 1.000000000000000000 ) ) ;
#2970 = SURFACE_STYLE_USAGE ( .BOTH. , #1642 ) ;
#2971 = DIRECTION ( 'NONE',  ( -0.000000000000000000, -0.000000000000000000, 1.000000000000000000 ) ) ;
#2972 = ORIENTED_EDGE ( 'NONE', *, *, #454, .F. ) ;
#2973 = AXIS2_PLACEMENT_3D ( 'NONE', #1196, #5029, #4593 ) ;
#2974 = CARTESIAN_POINT ( 'NONE',  ( 0.000000000000000000, -135.0000000000000000, -280.0000000000000000 ) ) ;
#2975 = COLOUR_RGB ( '',0.7921568627450980005, 0.8196078431372548767, 0.9333333333333333481 ) ;
#2976 = CYLINDRICAL_SURFACE ( 'NONE', #547, 30.00000000000002842 ) ;
#2977 = LINE ( 'NONE', #2344, #2640 ) ;
#2978 = SURFACE_STYLE_FILL_AREA ( #3588 ) ;
#2979 = CARTESIAN_POINT ( 'NONE',  ( 818.8953879297326921, -49.02021348074790552, -448.3351875541625304 ) ) ;
#2980 = CARTESIAN_POINT ( 'NONE',  ( 715.9415165299158161, 89.61245815494616807, 24.55957348493370418 ) ) ;
#2981 =( GEOMETRIC_REPRESENTATION_CONTEXT ( 3 ) GLOBAL_UNCERTAINTY_ASSIGNED_CONTEXT ( ( #2004 ) ) GLOBAL_UNIT_ASSIGNED_CONTEXT ( ( #646, #4501, #2841 ) ) REPRESENTATION_CONTEXT ( 'NONE', 'WORKASPACE' ) );
#2982 = VECTOR ( 'NONE', #5499, 1000.000000000000000 ) ;
#2983 = DIRECTION ( 'NONE',  ( 1.000000000000000000, 0.000000000000000000, 0.000000000000000000 ) ) ;
#2984 = FILL_AREA_STYLE_COLOUR ( '', #2101 ) ;
#2985 = EDGE_CURVE ( 'NONE', #4370, #4530, #3609, .T. ) ;
#2986 = SURFACE_STYLE_FILL_AREA ( #4072 ) ;
#2987 = ADVANCED_FACE ( 'NONE', ( #5422 ), #3665, .T. ) ;
#2988 = DIRECTION ( 'NONE',  ( -1.000000000000000000, 0.000000000000000000, 0.000000000000000000 ) ) ;
#2989 = DIRECTION ( 'NONE',  ( 0.000000000000000000, 0.000000000000000000, 1.000000000000000000 ) ) ;
#2990 = MECHANICAL_DESIGN_GEOMETRIC_PRESENTATION_REPRESENTATION (  '', ( #91 ), #1977 ) ;
#2991 = ADVANCED_FACE ( 'NONE', ( #1168 ), #887, .F. ) ;
#2992 = CARTESIAN_POINT ( 'NONE',  ( 0.000000000000000000, 0.000000000000000000, 280.0000000000000000 ) ) ;
#2993 = LINE ( 'NONE', #2224, #5143 ) ;
#2994 = DIRECTION ( 'NONE',  ( -0.000000000000000000, -0.000000000000000000, 1.000000000000000000 ) ) ;
#2995 = MECHANICAL_DESIGN_GEOMETRIC_PRESENTATION_REPRESENTATION (  '', ( #4703 ), #370 ) ;
#2996 = CIRCLE ( 'NONE', #4243, 30.00000000000002842 ) ;
#2997 = ORIENTED_EDGE ( 'NONE', *, *, #1007, .T. ) ;
#2998 = LINE ( 'NONE', #2209, #1823 ) ;
#2999 = DIRECTION ( 'NONE',  ( 1.000000000000000000, 0.000000000000000000, 0.000000000000000000 ) ) ;
#3000 = DIRECTION ( 'NONE',  ( 1.000000000000000000, 0.000000000000000000, 0.000000000000000000 ) ) ;
#3001 = EDGE_CURVE ( 'NONE', #7, #3919, #3220, .T. ) ;
#3002 = ORIENTED_EDGE ( 'NONE', *, *, #146, .T. ) ;
#3003 = VERTEX_POINT ( 'NONE', #4323 ) ;
#3004 = COLOUR_RGB ( '',1.000000000000000000, 1.000000000000000000, 0.000000000000000000 ) ;
#3005 = AXIS2_PLACEMENT_3D ( 'NONE', #5094, #422, #3448 ) ;
#3006 = ORIENTED_EDGE ( 'NONE', *, *, #171, .F. ) ;
#3007 = DIRECTION ( 'NONE',  ( -0.000000000000000000, -0.000000000000000000, -1.000000000000000000 ) ) ;
#3008 = LINE ( 'NONE', #3578, #2925 ) ;
#3009 = EDGE_CURVE ( 'NONE', #2234, #2118, #5419, .T. ) ;
#3010 = EDGE_CURVE ( 'NONE', #4560, #2234, #1910, .T. ) ;
#3011 = DIRECTION ( 'NONE',  ( -0.000000000000000000, -1.000000000000000000, -0.000000000000000000 ) ) ;
#3012 = STYLED_ITEM ( 'NONE', ( #4196 ), #5488 ) ;
#3013 = ORIENTED_EDGE ( 'NONE', *, *, #912, .T. ) ;
#3014 = AXIS2_PLACEMENT_3D ( 'NONE', #3686, #224, #1098 ) ;
#3015 = MANIFOLD_SOLID_BREP ( 'Boss-Extrude8', #154 ) ;
#3016 = SURFACE_STYLE_USAGE ( .BOTH. , #4291 ) ;
#3017 = ADVANCED_FACE ( 'NONE', ( #1783 ), #907, .F. ) ;
#3018 =( LENGTH_UNIT ( ) NAMED_UNIT ( * ) SI_UNIT ( .MILLI., .METRE. ) );
#3019 = ORIENTED_EDGE ( 'NONE', *, *, #372, .F. ) ;
#3020 = CIRCLE ( 'NONE', #3384, 16.00000000000001421 ) ;
#3021 = ADVANCED_FACE ( 'NONE', ( #4120 ), #3969, .T. ) ;
#3022 = PLANE ( 'NONE',  #3044 ) ;
#3023 = AXIS2_PLACEMENT_3D ( 'NONE', #4726, #2216, #84 ) ;
#3024 = CARTESIAN_POINT ( 'NONE',  ( -135.0000000000000000, 0.000000000000000000, 280.0000000000000000 ) ) ;
#3025 = ORIENTED_EDGE ( 'NONE', *, *, #3493, .F. ) ;
#3026 = CARTESIAN_POINT ( 'NONE',  ( 571.9891335774856316, 91.61245815494616807, -175.8942926348141498 ) ) ;
#3027 = CARTESIAN_POINT ( 'NONE',  ( -40.80756529893636753, 0.000000000000000000, -320.0000000000000000 ) ) ;
#3028 = DIRECTION ( 'NONE',  ( -0.000000000000000000, -0.000000000000000000, -1.000000000000000000 ) ) ;
#3029 = ORIENTED_EDGE ( 'NONE', *, *, #1017, .F. ) ;
#3030 = PLANE ( 'NONE',  #1266 ) ;
#3031 = CARTESIAN_POINT ( 'NONE',  ( 1008.549030229681307, 74.99947420548846821, 280.0000000000000000 ) ) ;
#3032 = MECHANICAL_DESIGN_GEOMETRIC_PRESENTATION_REPRESENTATION (  '', ( #2674 ), #2441 ) ;
#3033 = CARTESIAN_POINT ( 'NONE',  ( 17.56018885414567521, 19.24254134127670213, 300.0000000000000000 ) ) ;
#3034 = EDGE_CURVE ( 'NONE', #4852, #937, #3735, .T. ) ;
#3035 = DIRECTION ( 'NONE',  ( -0.000000000000000000, -1.000000000000000000, -0.000000000000000000 ) ) ;
#3036 = DIRECTION ( 'NONE',  ( 1.000000000000000000, 0.000000000000000000, -0.000000000000000000 ) ) ;
#3037 = UNCERTAINTY_MEASURE_WITH_UNIT (LENGTH_MEASURE( 1.000000000000000082E-05 ), #5061, 'distance_accuracy_value', 'NONE');
#3038 =( GEOMETRIC_REPRESENTATION_CONTEXT ( 3 ) GLOBAL_UNCERTAINTY_ASSIGNED_CONTEXT ( ( #4232 ) ) GLOBAL_UNIT_ASSIGNED_CONTEXT ( ( #5263, #173, #5247 ) ) REPRESENTATION_CONTEXT ( 'NONE', 'WORKASPACE' ) );
#3039 = ADVANCED_FACE ( 'NONE', ( #3157, #3936 ), #456, .T. ) ;
#3040 =( NAMED_UNIT ( * ) SI_UNIT ( $, .STERADIAN. ) SOLID_ANGLE_UNIT ( ) );
#3041 = DIRECTION ( 'NONE',  ( 1.000000000000000000, 0.000000000000000000, 0.000000000000000000 ) ) ;
#3042 = CIRCLE ( 'NONE', #3738, 135.0000000000000000 ) ;
#3043 = PLANE ( 'NONE',  #4125 ) ;
#3044 = AXIS2_PLACEMENT_3D ( 'NONE', #4666, #3056, #2153 ) ;
#3045 = CARTESIAN_POINT ( 'NONE',  ( 691.5777327430830610, -49.02021348074768525, 300.0000000000000000 ) ) ;
#3046 = VERTEX_POINT ( 'NONE', #4701 ) ;
#3047 = PLANE ( 'NONE',  #331 ) ;
#3048 = ORIENTED_EDGE ( 'NONE', *, *, #3001, .F. ) ;
#3049 =( LENGTH_UNIT ( ) NAMED_UNIT ( * ) SI_UNIT ( .MILLI., .METRE. ) );
#3050 = PRESENTATION_STYLE_ASSIGNMENT (( #4810 ) ) ;
#3051 = EDGE_CURVE ( 'NONE', #1762, #698, #1300, .T. ) ;
#3052 = LINE ( 'NONE', #2632, #1134 ) ;
#3053 = ORIENTED_EDGE ( 'NONE', *, *, #3237, .F. ) ;
#3054 = ORIENTED_EDGE ( 'NONE', *, *, #5507, .T. ) ;
#3055 = VECTOR ( 'NONE', #2862, 1000.000000000000114 ) ;
#3056 = DIRECTION ( 'NONE',  ( 0.000000000000000000, 0.000000000000000000, 1.000000000000000000 ) ) ;
#3057 = DIRECTION ( 'NONE',  ( 0.000000000000000000, 0.000000000000000000, 1.000000000000000000 ) ) ;
#3058 = ORIENTED_EDGE ( 'NONE', *, *, #1879, .F. ) ;
#3059 = LINE ( 'NONE', #835, #4992 ) ;
#3060 = ORIENTED_EDGE ( 'NONE', *, *, #3217, .T. ) ;
#3061 = FACE_OUTER_BOUND ( 'NONE', #3153, .T. ) ;
#3062 = ORIENTED_EDGE ( 'NONE', *, *, #1994, .F. ) ;
#3063 = CLOSED_SHELL ( 'NONE', ( #3725, #3749, #421, #3890 ) ) ;
#3064 = DIRECTION ( 'NONE',  ( 1.000000000000000000, 0.000000000000000000, -0.000000000000000000 ) ) ;
#3065 = DIRECTION ( 'NONE',  ( 1.000000000000000000, 0.000000000000000000, 0.000000000000000000 ) ) ;
#3066 = ORIENTED_EDGE ( 'NONE', *, *, #3009, .T. ) ;
#3067 = AXIS2_PLACEMENT_3D ( 'NONE', #2789, #299, #4955 ) ;
#3068 = PRESENTATION_STYLE_ASSIGNMENT (( #1457 ) ) ;
#3069 = VERTEX_POINT ( 'NONE', #502 ) ;
#3070 = ORIENTED_EDGE ( 'NONE', *, *, #3051, .F. ) ;
#3071 = SURFACE_SIDE_STYLE ('',( #4132 ) ) ;
#3072 = EDGE_CURVE ( 'NONE', #3789, #4370, #3606, .T. ) ;
#3073 = DIRECTION ( 'NONE',  ( -1.000000000000000000, 0.000000000000000000, 0.000000000000000000 ) ) ;
#3074 = ADVANCED_FACE ( 'NONE', ( #1506 ), #4390, .F. ) ;
#3075 = ORIENTED_EDGE ( 'NONE', *, *, #912, .F. ) ;
#3076 = PRESENTATION_LAYER_ASSIGNMENT (  '', '', ( #525 ) ) ;
#3077 = ORIENTED_EDGE ( 'NONE', *, *, #495, .T. ) ;
#3078 = VERTEX_POINT ( 'NONE', #129 ) ;
#3079 = EDGE_CURVE ( 'NONE', #3668, #1325, #1027, .T. ) ;
#3080 = EDGE_CURVE ( 'NONE', #4922, #3889, #434, .T. ) ;
#3081 = FACE_OUTER_BOUND ( 'NONE', #1253, .T. ) ;
#3082 = UNCERTAINTY_MEASURE_WITH_UNIT (LENGTH_MEASURE( 1.000000000000000082E-05 ), #1070, 'distance_accuracy_value', 'NONE');
#3083 = PRESENTATION_LAYER_ASSIGNMENT (  '', '', ( #2781 ) ) ;
#3084 = VERTEX_POINT ( 'NONE', #4011 ) ;
#3085 =( GEOMETRIC_REPRESENTATION_CONTEXT ( 3 ) GLOBAL_UNCERTAINTY_ASSIGNED_CONTEXT ( ( #30 ) ) GLOBAL_UNIT_ASSIGNED_CONTEXT ( ( #2578, #4561, #1626 ) ) REPRESENTATION_CONTEXT ( 'NONE', 'WORKASPACE' ) );
#3086 = SURFACE_STYLE_FILL_AREA ( #2073 ) ;
#3087 = DIRECTION ( 'NONE',  ( 0.000000000000000000, 0.000000000000000000, 1.000000000000000000 ) ) ;
#3088 = SURFACE_SIDE_STYLE ('',( #450 ) ) ;
#3089 =( LENGTH_UNIT ( ) NAMED_UNIT ( * ) SI_UNIT ( .MILLI., .METRE. ) );
#3090 = ORIENTED_EDGE ( 'NONE', *, *, #2303, .F. ) ;
#3091 = DIRECTION ( 'NONE',  ( 0.000000000000000000, 0.000000000000000000, 1.000000000000000000 ) ) ;
#3092 = ORIENTED_EDGE ( 'NONE', *, *, #381, .T. ) ;
#3093 = DIRECTION ( 'NONE',  ( 0.000000000000000000, -1.000000000000000000, 0.000000000000000000 ) ) ;
#3094 = LINE ( 'NONE', #2176, #1511 ) ;
#3095 = CARTESIAN_POINT ( 'NONE',  ( 806.2118054896012609, 1.217749339177641439E-13, -300.0000000000000000 ) ) ;
#3096 = AXIS2_PLACEMENT_3D ( 'NONE', #5274, #1467, #556 ) ;
#3097 = CARTESIAN_POINT ( 'NONE',  ( 1220.369833262022212, 70.00000000000000000, 300.0000000000000000 ) ) ;
#3098 = ORIENTED_EDGE ( 'NONE', *, *, #107, .F. ) ;
#3099 = EDGE_LOOP ( 'NONE', ( #4433, #608, #4713, #215 ) ) ;
#3100 = ADVANCED_FACE ( 'NONE', ( #167 ), #2621, .T. ) ;
#3101 = DIRECTION ( 'NONE',  ( 1.000000000000000000, 0.000000000000000000, -0.000000000000000000 ) ) ;
#3102 = ORIENTED_EDGE ( 'NONE', *, *, #2863, .F. ) ;
#3103 =( NAMED_UNIT ( * ) SI_UNIT ( $, .STERADIAN. ) SOLID_ANGLE_UNIT ( ) );
#3104 = EDGE_CURVE ( 'NONE', #3155, #4874, #688, .T. ) ;
#3105 = CARTESIAN_POINT ( 'NONE',  ( 626.4556573824339694, 756.8361285989955149, -320.0000000000000000 ) ) ;
#3106 = VECTOR ( 'NONE', #1798, 1000.000000000000000 ) ;
#3107 = CARTESIAN_POINT ( 'NONE',  ( 0.000000000000000000, 0.000000000000000000, -280.0000000000000000 ) ) ;
#3108 = LINE ( 'NONE', #286, #1795 ) ;
#3109 = LINE ( 'NONE', #2163, #780 ) ;
#3110 = DIRECTION ( 'NONE',  ( -0.000000000000000000, 0.000000000000000000, 1.000000000000000000 ) ) ;
#3111 = PRESENTATION_LAYER_ASSIGNMENT (  '', '', ( #2807 ) ) ;
#3112 =( NAMED_UNIT ( * ) PLANE_ANGLE_UNIT ( ) SI_UNIT ( $, .RADIAN. ) );
#3113 = DIRECTION ( 'NONE',  ( 0.9999999997119088935, 2.400379267199284695E-05, 0.000000000000000000 ) ) ;
#3114 = EDGE_CURVE ( 'NONE', #1759, #1476, #5228, .T. ) ;
#3115 = EDGE_CURVE ( 'NONE', #2010, #5210, #3020, .T. ) ;
#3116 = UNCERTAINTY_MEASURE_WITH_UNIT (LENGTH_MEASURE( 1.000000000000000082E-05 ), #2605, 'distance_accuracy_value', 'NONE');
#3117 = LINE ( 'NONE', #2855, #1867 ) ;
#3118 = CARTESIAN_POINT ( 'NONE',  ( 0.000000000000000000, 110.0000000000000000, 280.0000000000000000 ) ) ;
#3119 = ORIENTED_EDGE ( 'NONE', *, *, #4525, .F. ) ;
#3120 = VECTOR ( 'NONE', #5010, 1000.000000000000000 ) ;
#3121 = AXIS2_PLACEMENT_3D ( 'NONE', #5169, #4741, #3882 ) ;
#3122 = DIRECTION ( 'NONE',  ( -0.7386591800803956609, -0.6740790871128977679, -0.000000000000000000 ) ) ;
#3124 = LINE ( 'NONE', #701, #5128 ) ;
#3123 = PRODUCT_DEFINITION_CONTEXT ( 'detailed design', #3540, 'design' ) ;
#3125 = CARTESIAN_POINT ( 'NONE',  ( 571.9891335774856316, 89.61245815494616807, 175.8942926348142066 ) ) ;
#3126 = CYLINDRICAL_SURFACE ( 'NONE', #176, 135.0000000000000000 ) ;
#3127 =( GEOMETRIC_REPRESENTATION_CONTEXT ( 3 ) GLOBAL_UNCERTAINTY_ASSIGNED_CONTEXT ( ( #5361 ) ) GLOBAL_UNIT_ASSIGNED_CONTEXT ( ( #3212, #4443, #5321 ) ) REPRESENTATION_CONTEXT ( 'NONE', 'WORKASPACE' ) );
#3128 = CARTESIAN_POINT ( 'NONE',  ( 1540.807565298936424, 0.000000000000000000, 380.0000000000000000 ) ) ;
#3129 = ORIENTED_EDGE ( 'NONE', *, *, #3158, .T. ) ;
#3130 = ORIENTED_EDGE ( 'NONE', *, *, #269, .F. ) ;
#3131 = SURFACE_STYLE_USAGE ( .BOTH. , #2734 ) ;
#3132 = CARTESIAN_POINT ( 'NONE',  ( 907.0854269245697878, 91.61245815494616807, -175.8942926348141498 ) ) ;
#3133 = VERTEX_POINT ( 'NONE', #550 ) ;
#3134 = ADVANCED_FACE ( 'NONE', ( #1166 ), #4815, .F. ) ;
#3135 = VERTEX_POINT ( 'NONE', #5267 ) ;
#3136 = CIRCLE ( 'NONE', #2752, 30.00000000000002842 ) ;
#3137 = ORIENTED_EDGE ( 'NONE', *, *, #2948, .F. ) ;
#3138 = MECHANICAL_DESIGN_GEOMETRIC_PRESENTATION_REPRESENTATION (  '', ( #3796 ), #4057 ) ;
#3139 = VECTOR ( 'NONE', #5282, 1000.000000000000000 ) ;
#3140 = SURFACE_STYLE_USAGE ( .BOTH. , #4000 ) ;
#3141 = ORIENTED_EDGE ( 'NONE', *, *, #1853, .T. ) ;
#3142 = AXIS2_PLACEMENT_3D ( 'NONE', #3764, #3361, #5352 ) ;
#3143 = ORIENTED_EDGE ( 'NONE', *, *, #578, .T. ) ;
#3144 = DIRECTION ( 'NONE',  ( 0.000000000000000000, 0.000000000000000000, 1.000000000000000000 ) ) ;
#3145 = SURFACE_STYLE_FILL_AREA ( #1782 ) ;
#3146 = LINE ( 'NONE', #3652, #3985 ) ;
#3147 = EDGE_CURVE ( 'NONE', #3641, #5385, #47, .T. ) ;
#3148 = ORIENTED_EDGE ( 'NONE', *, *, #4348, .F. ) ;
#3149 = PLANE ( 'NONE',  #2391 ) ;
#3150 = ORIENTED_EDGE ( 'NONE', *, *, #1446, .T. ) ;
#3151 = AXIS2_PLACEMENT_3D ( 'NONE', #2823, #4892, #4084 ) ;
#3152 = DIRECTION ( 'NONE',  ( 1.000000000000000000, 0.000000000000000000, 0.000000000000000000 ) ) ;
#3153 = EDGE_LOOP ( 'NONE', ( #5018, #4589, #4461, #2953 ) ) ;
#3154 = PRESENTATION_LAYER_ASSIGNMENT (  '', '', ( #4076 ) ) ;
#3155 = VERTEX_POINT ( 'NONE', #4031 ) ;
#3156 = DIRECTION ( 'NONE',  ( 0.000000000000000000, 1.000000000000000000, 0.000000000000000000 ) ) ;
#3157 = FACE_OUTER_BOUND ( 'NONE', #1376, .T. ) ;
#3158 = EDGE_CURVE ( 'NONE', #5344, #1685, #565, .T. ) ;
#3159 = CLOSED_SHELL ( 'NONE', ( #4235, #2987, #2236, #1226 ) ) ;
#3160 = LINE ( 'NONE', #3713, #2407 ) ;
#3161 = FACE_OUTER_BOUND ( 'NONE', #1755, .T. ) ;
#3162 = CARTESIAN_POINT ( 'NONE',  ( 0.000000000000000000, 0.000000000000000000, 280.0000000000000000 ) ) ;
#3163 = VERTEX_POINT ( 'NONE', #2756 ) ;
#3164 = CARTESIAN_POINT ( 'NONE',  ( -17.56018885414611930, 19.24254134127670213, 320.0000000000000000 ) ) ;
#3165 = LINE ( 'NONE', #2177, #1524 ) ;
#3166 = LINE ( 'NONE', #3431, #5038 ) ;
#3167 = PLANE ( 'NONE',  #590 ) ;
#3168 = AXIS2_PLACEMENT_3D ( 'NONE', #5030, #2114, #4231 ) ;
#3169 = LINE ( 'NONE', #4585, #854 ) ;
#3170 = FILL_AREA_STYLE_COLOUR ( '', #3482 ) ;
#3171 = DIRECTION ( 'NONE',  ( 0.000000000000000000, 0.000000000000000000, 1.000000000000000000 ) ) ;
#3172 = EDGE_CURVE ( 'NONE', #655, #4428, #1360, .T. ) ;
#3173 = CARTESIAN_POINT ( 'NONE',  ( 619.2314678319288532, 91.61245815494616807, -175.8942926348141498 ) ) ;
#3174 = CYLINDRICAL_SURFACE ( 'NONE', #2340, 14.99999999999991118 ) ;
#3175 = MANIFOLD_SOLID_BREP ( 'Mirror2[1]', #1742 ) ;
#3176 =( GEOMETRIC_REPRESENTATION_CONTEXT ( 3 ) GLOBAL_UNCERTAINTY_ASSIGNED_CONTEXT ( ( #1490 ) ) GLOBAL_UNIT_ASSIGNED_CONTEXT ( ( #1461, #1876, #4854 ) ) REPRESENTATION_CONTEXT ( 'NONE', 'WORKASPACE' ) );
#3177 = ORIENTED_EDGE ( 'NONE', *, *, #2637, .T. ) ;
#3178 = EDGE_CURVE ( 'NONE', #1935, #2896, #5348, .T. ) ;
#3179 = COLOUR_RGB ( '',0.7921568627450980005, 0.8196078431372548767, 0.9333333333333333481 ) ;
#3180 = DIRECTION ( 'NONE',  ( 0.000000000000000000, -1.000000000000000000, 0.000000000000000000 ) ) ;
#3181 = PRESENTATION_LAYER_ASSIGNMENT (  '', '', ( #4113 ) ) ;
#3182 = MECHANICAL_DESIGN_GEOMETRIC_PRESENTATION_REPRESENTATION (  '', ( #2893 ), #3561 ) ;
#3183 =( NAMED_UNIT ( * ) SI_UNIT ( $, .STERADIAN. ) SOLID_ANGLE_UNIT ( ) );
#3184 = VECTOR ( 'NONE', #1087, 1000.000000000000000 ) ;
#3185 = COLOUR_RGB ( '',0.7921568627450980005, 0.8196078431372548767, 0.9333333333333333481 ) ;
#3186 = VERTEX_POINT ( 'NONE', #686 ) ;
#3187 = SURFACE_STYLE_FILL_AREA ( #453 ) ;
#3188 =( NAMED_UNIT ( * ) SI_UNIT ( $, .STERADIAN. ) SOLID_ANGLE_UNIT ( ) );
#3189 = ORIENTED_EDGE ( 'NONE', *, *, #2532, .F. ) ;
#3190 = COLOUR_RGB ( '',1.000000000000000000, 1.000000000000000000, 0.000000000000000000 ) ;
#3191 = CARTESIAN_POINT ( 'NONE',  ( 619.2314678319289669, 89.61245815494616807, -123.7175590866629449 ) ) ;
#3192 = FACE_OUTER_BOUND ( 'NONE', #3385, .T. ) ;
#3193 = DIRECTION ( 'NONE',  ( 0.000000000000000000, 0.000000000000000000, 1.000000000000000000 ) ) ;
#3194 = COLOUR_RGB ( '',1.000000000000000000, 1.000000000000000000, 0.000000000000000000 ) ;
#3195 = CARTESIAN_POINT ( 'NONE',  ( 1516.000000000000000, 1.959434878635755665E-15, 330.0000000000000000 ) ) ;
#3196 = FACE_BOUND ( 'NONE', #2792, .T. ) ;
#3197 = CIRCLE ( 'NONE', #2813, 26.05063588214328973 ) ;
#3198 = VERTEX_POINT ( 'NONE', #1118 ) ;
#3199 = ORIENTED_EDGE ( 'NONE', *, *, #2771, .F. ) ;
#3200 = FACE_OUTER_BOUND ( 'NONE', #345, .T. ) ;
#3201 = VECTOR ( 'NONE', #3278, 1000.000000000000000 ) ;
#3202 = COLOUR_RGB ( '',0.7921568627450980005, 0.8196078431372548767, 0.9333333333333333481 ) ;
#3203 = ORIENTED_EDGE ( 'NONE', *, *, #1969, .T. ) ;
#3204 = DIRECTION ( 'NONE',  ( 0.000000000000000000, -0.000000000000000000, -1.000000000000000000 ) ) ;
#3205 = DIRECTION ( 'NONE',  ( 0.000000000000000000, -0.000000000000000000, 1.000000000000000000 ) ) ;
#3206 = EDGE_CURVE ( 'NONE', #1135, #884, #1578, .T. ) ;
#3207 = ORIENTED_EDGE ( 'NONE', *, *, #2809, .F. ) ;
#3208 = ORIENTED_EDGE ( 'NONE', *, *, #2660, .T. ) ;
#3209 = PRESENTATION_STYLE_ASSIGNMENT (( #1181 ) ) ;
#3210 = UNCERTAINTY_MEASURE_WITH_UNIT (LENGTH_MEASURE( 1.000000000000000082E-05 ), #2393, 'distance_accuracy_value', 'NONE');
#3211 = FILL_AREA_STYLE ('',( #3170 ) ) ;
#3212 =( LENGTH_UNIT ( ) NAMED_UNIT ( * ) SI_UNIT ( .MILLI., .METRE. ) );
#3213 = AXIS2_PLACEMENT_3D ( 'NONE', #4688, #1702, #5478 ) ;
#3214 = ORIENTED_EDGE ( 'NONE', *, *, #1675, .F. ) ;
#3215 = DIRECTION ( 'NONE',  ( 0.000000000000000000, 1.000000000000000000, 0.000000000000000000 ) ) ;
#3216 = LINE ( 'NONE', #2383, #4174 ) ;
#3217 = EDGE_CURVE ( 'NONE', #698, #5357, #2747, .T. ) ;
#3218 = ORIENTED_EDGE ( 'NONE', *, *, #3506, .F. ) ;
#3219 = MECHANICAL_DESIGN_GEOMETRIC_PRESENTATION_REPRESENTATION (  '', ( #418 ), #385 ) ;
#3220 = CIRCLE ( 'NONE', #3843, 30.00000000000002842 ) ;
#3221 = PLANE ( 'NONE',  #3834 ) ;
#3222 = DIRECTION ( 'NONE',  ( 1.000000000000000000, -0.000000000000000000, -0.000000000000000000 ) ) ;
#3223 = DIRECTION ( 'NONE',  ( 1.000000000000000000, -1.452739571261823934E-15, 0.000000000000000000 ) ) ;
#3224 = DIRECTION ( 'NONE',  ( -0.000000000000000000, -0.000000000000000000, -1.000000000000000000 ) ) ;
#3225 = EDGE_CURVE ( 'NONE', #786, #2090, #5093, .T. ) ;
#3226 = VERTEX_POINT ( 'NONE', #1954 ) ;
#3227 = SURFACE_SIDE_STYLE ('',( #1628 ) ) ;
#3228 = CARTESIAN_POINT ( 'NONE',  ( 1503.120971213320217, 134.9639193958356884, 301.0000000000000568 ) ) ;
#3229 =( NAMED_UNIT ( * ) SI_UNIT ( $, .STERADIAN. ) SOLID_ANGLE_UNIT ( ) );
#3230 = EDGE_LOOP ( 'NONE', ( #187, #5104, #2242, #1220 ) ) ;
#3231 = CARTESIAN_POINT ( 'NONE',  ( 1482.439811145854264, 19.24254134127678739, -380.0000000000000000 ) ) ;
#3232 = PRESENTATION_STYLE_ASSIGNMENT (( #1652 ) ) ;
#3233 = STYLED_ITEM ( 'NONE', ( #802 ), #2465 ) ;
#3234 = LINE ( 'NONE', #845, #1884 ) ;
#3235 = FILL_AREA_STYLE ('',( #2259 ) ) ;
#3236 = FACE_OUTER_BOUND ( 'NONE', #3099, .T. ) ;
#3237 = EDGE_CURVE ( 'NONE', #5089, #611, #288, .T. ) ;
#3238 = COLOUR_RGB ( '',0.7921568627450980005, 0.8196078431372548767, 0.9333333333333333481 ) ;
#3239 = PRESENTATION_LAYER_ASSIGNMENT (  '', '', ( #2075 ) ) ;
#3240 = ORIENTED_EDGE ( 'NONE', *, *, #3951, .T. ) ;
#3241 = LINE ( 'NONE', #2529, #932 ) ;
#3242 = SURFACE_STYLE_USAGE ( .BOTH. , #272 ) ;
#3243 = CIRCLE ( 'NONE', #2275, 100.0000000000000000 ) ;
#3244 = PLANE ( 'NONE',  #5103 ) ;
#3245 = CARTESIAN_POINT ( 'NONE',  ( 1482.439811145854264, 19.24254134127678739, 380.0000000000000000 ) ) ;
#3246 = VERTEX_POINT ( 'NONE', #1588 ) ;
#3247 = CYLINDRICAL_SURFACE ( 'NONE', #137, 110.0000000000000995 ) ;
#3248 =( GEOMETRIC_REPRESENTATION_CONTEXT ( 3 ) GLOBAL_UNCERTAINTY_ASSIGNED_CONTEXT ( ( #3603 ) ) GLOBAL_UNIT_ASSIGNED_CONTEXT ( ( #2662, #1695, #4645 ) ) REPRESENTATION_CONTEXT ( 'NONE', 'WORKASPACE' ) );
#3249 = SURFACE_SIDE_STYLE ('',( #3930 ) ) ;
#3250 = FACE_OUTER_BOUND ( 'NONE', #4664, .T. ) ;
#3251 =( NAMED_UNIT ( * ) PLANE_ANGLE_UNIT ( ) SI_UNIT ( $, .RADIAN. ) );
#3252 = VERTEX_POINT ( 'NONE', #1936 ) ;
#3253 = VECTOR ( 'NONE', #4873, 1000.000000000000000 ) ;
#3254 = CARTESIAN_POINT ( 'NONE',  ( 0.000000000000000000, 0.000000000000000000, -320.0000000000000000 ) ) ;
#3255 = ORIENTED_EDGE ( 'NONE', *, *, #5156, .T. ) ;
#3256 = EDGE_CURVE ( 'NONE', #1135, #1685, #3216, .T. ) ;
#3257 = DIRECTION ( 'NONE',  ( -0.000000000000000000, -0.000000000000000000, -1.000000000000000000 ) ) ;
#3258 = CARTESIAN_POINT ( 'NONE',  ( 1220.369833262022212, 70.00000000000000000, -300.0000000000000000 ) ) ;
#3259 = FACE_BOUND ( 'NONE', #3720, .T. ) ;
#3260 = PRESENTATION_STYLE_ASSIGNMENT (( #4797 ) ) ;
#3261 = DIRECTION ( 'NONE',  ( -5.875149069929465970E-16, 0.000000000000000000, -1.000000000000000000 ) ) ;
#3262 = CARTESIAN_POINT ( 'NONE',  ( 691.5777327430830610, 74.99947420548846821, -0.000000000000000000 ) ) ;
#3263 = FACE_OUTER_BOUND ( 'NONE', #2035, .T. ) ;
#3264 = FILL_AREA_STYLE_COLOUR ( '', #3190 ) ;
#3265 = DIRECTION ( 'NONE',  ( 1.000000000000000000, 0.000000000000000000, 0.000000000000000000 ) ) ;
#3266 =( LENGTH_UNIT ( ) NAMED_UNIT ( * ) SI_UNIT ( .MILLI., .METRE. ) );
#3267 = CARTESIAN_POINT ( 'NONE',  ( 806.2118054896012609, -15.26077213197414650, 300.0000000000000000 ) ) ;
#3268 = STYLED_ITEM ( 'NONE', ( #4712 ), #2175 ) ;
#3269 = ORIENTED_EDGE ( 'NONE', *, *, #5193, .T. ) ;
#3270 = PLANE ( 'NONE',  #3294 ) ;
#3271 = UNCERTAINTY_MEASURE_WITH_UNIT (LENGTH_MEASURE( 1.000000000000000082E-05 ), #1038, 'distance_accuracy_value', 'NONE');
#3272 = DIRECTION ( 'NONE',  ( -2.400379267199285034E-05, -0.9999999997119090045, 0.000000000000000000 ) ) ;
#3273 = EDGE_CURVE ( 'NONE', #2737, #4494, #3599, .T. ) ;
#3274 = FILL_AREA_STYLE_COLOUR ( '', #398 ) ;
#3275 = ORIENTED_EDGE ( 'NONE', *, *, #4209, .F. ) ;
#3276 = CARTESIAN_POINT ( 'NONE',  ( 0.000000000000000000, 0.000000000000000000, 280.0000000000000000 ) ) ;
#3277 = DIRECTION ( 'NONE',  ( -1.000000000000000000, 0.000000000000000000, 0.000000000000000000 ) ) ;
#3278 = DIRECTION ( 'NONE',  ( -0.000000000000000000, -1.000000000000000000, -0.000000000000000000 ) ) ;
#3279 = ORIENTED_EDGE ( 'NONE', *, *, #5225, .F. ) ;
#3280 = EDGE_CURVE ( 'NONE', #1935, #1054, #4812, .T. ) ;
#3281 = ORIENTED_EDGE ( 'NONE', *, *, #1007, .F. ) ;
#3282 = EDGE_CURVE ( 'NONE', #1955, #515, #113, .T. ) ;
#3283 = CYLINDRICAL_SURFACE ( 'NONE', #3213, 100.0000000000000000 ) ;
#3284 = FILL_AREA_STYLE_COLOUR ( '', #2961 ) ;
#3285 = AXIS2_PLACEMENT_3D ( 'NONE', #4709, #2203, #874 ) ;
#3286 = PRESENTATION_LAYER_ASSIGNMENT (  '', '', ( #2893 ) ) ;
#3287 = FILL_AREA_STYLE_COLOUR ( '', #2257 ) ;
#3288 =( NAMED_UNIT ( * ) PLANE_ANGLE_UNIT ( ) SI_UNIT ( $, .RADIAN. ) );
#3289 =( LENGTH_UNIT ( ) NAMED_UNIT ( * ) SI_UNIT ( .MILLI., .METRE. ) );
#3290 = DIRECTION ( 'NONE',  ( 0.000000000000000000, 0.000000000000000000, 1.000000000000000000 ) ) ;
#3291 = VECTOR ( 'NONE', #2238, 1000.000000000000000 ) ;
#3292 = FACE_OUTER_BOUND ( 'NONE', #3230, .T. ) ;
#3293 = FILL_AREA_STYLE_COLOUR ( '', #2882 ) ;
#3294 = AXIS2_PLACEMENT_3D ( 'NONE', #2352, #2817, #1519 ) ;
#3295 = PRESENTATION_STYLE_ASSIGNMENT (( #4092 ) ) ;
#3296 = CARTESIAN_POINT ( 'NONE',  ( 1500.000000000000000, 0.000000000000000000, 380.0000000000000000 ) ) ;
#3297 = CARTESIAN_POINT ( 'NONE',  ( 1540.807565298936424, -49.02021348074790552, 320.0000000000000000 ) ) ;
#3298 = DIRECTION ( 'NONE',  ( -0.000000000000000000, -0.000000000000000000, 1.000000000000000000 ) ) ;
#3299 = ORIENTED_EDGE ( 'NONE', *, *, #4577, .F. ) ;
#3300 = CARTESIAN_POINT ( 'NONE',  ( 1500.000000000000000, 0.000000000000000000, 300.0000000000000000 ) ) ;
#3301 = ORIENTED_EDGE ( 'NONE', *, *, #2617, .F. ) ;
#3302 = LINE ( 'NONE', #5310, #2001 ) ;
#3303 = LINE ( 'NONE', #1516, #77 ) ;
#3304 = CARTESIAN_POINT ( 'NONE',  ( 38.64626032787765553, 0.000000000000000000, 300.0000000000000000 ) ) ;
#3305 = EDGE_LOOP ( 'NONE', ( #4097, #1953, #3281, #3816 ) ) ;
#3306 = CARTESIAN_POINT ( 'NONE',  ( 1500.000000000000000, 0.000000000000000000, -380.0000000000000000 ) ) ;
#3307 = DIRECTION ( 'NONE',  ( 0.000000000000000000, 0.000000000000000000, 1.000000000000000000 ) ) ;
#3308 = DIRECTION ( 'NONE',  ( -0.000000000000000000, -0.000000000000000000, 1.000000000000000000 ) ) ;
#3309 = VERTEX_POINT ( 'NONE', #4933 ) ;
#3310 = COLOUR_RGB ( '',0.7921568627450980005, 0.8196078431372548767, 0.9333333333333333481 ) ;
#3311 = CARTESIAN_POINT ( 'NONE',  ( -17.56018885414601982, 19.24254134127659199, -300.0000000000000000 ) ) ;
#3312 = ORIENTED_EDGE ( 'NONE', *, *, #3079, .T. ) ;
#3313 = EDGE_CURVE ( 'NONE', #2399, #940, #899, .T. ) ;
#3314 = ORIENTED_EDGE ( 'NONE', *, *, #4111, .T. ) ;
#3315 = LINE ( 'NONE', #3567, #3379 ) ;
#3316 =( NAMED_UNIT ( * ) PLANE_ANGLE_UNIT ( ) SI_UNIT ( $, .RADIAN. ) );
#3317 = SURFACE_STYLE_FILL_AREA ( #4541 ) ;
#3318 = ORIENTED_EDGE ( 'NONE', *, *, #955, .F. ) ;
#3319 = AXIS2_PLACEMENT_3D ( 'NONE', #4063, #1931, #3671 ) ;
#3320 = ADVANCED_FACE ( 'NONE', ( #2264 ), #4502, .T. ) ;
#3321 = ORIENTED_EDGE ( 'NONE', *, *, #4245, .T. ) ;
#3322 = PRODUCT_DEFINITION ( 'UNKNOWN', '', #1459, #3123 ) ;
#3323 = CYLINDRICAL_SURFACE ( 'NONE', #1941, 14.99999999999991118 ) ;
#3324 = VERTEX_POINT ( 'NONE', #5432 ) ;
#3325 = VECTOR ( 'NONE', #1627, 1000.000000000000000 ) ;
#3326 = EDGE_CURVE ( 'NONE', #50, #5322, #2039, .T. ) ;
#3327 = FILL_AREA_STYLE_COLOUR ( '', #5164 ) ;
#3328 = DIRECTION ( 'NONE',  ( 0.000000000000000000, 0.000000000000000000, -1.000000000000000000 ) ) ;
#3329 = ORIENTED_EDGE ( 'NONE', *, *, #4168, .T. ) ;
#3330 = ORIENTED_EDGE ( 'NONE', *, *, #993, .T. ) ;
#3331 = LINE ( 'NONE', #4587, #1084 ) ;
#3332 = ADVANCED_FACE ( 'NONE', ( #1295 ), #3787, .F. ) ;
#3333 = PLANE ( 'NONE',  #1666 ) ;
#3334 = PRESENTATION_LAYER_ASSIGNMENT (  '', '', ( #1773 ) ) ;
#3335 =( NAMED_UNIT ( * ) PLANE_ANGLE_UNIT ( ) SI_UNIT ( $, .RADIAN. ) );
#3336 = ORIENTED_EDGE ( 'NONE', *, *, #3915, .F. ) ;
#3337 = MANIFOLD_SOLID_BREP ( 'Boss-Extrude9', #4994 ) ;
#3338 = SURFACE_STYLE_USAGE ( .BOTH. , #1579 ) ;
#3339 = DIRECTION ( 'NONE',  ( 1.000000000000000000, 0.000000000000000000, 0.000000000000000000 ) ) ;
#3340 = DIRECTION ( 'NONE',  ( 1.000000000000000000, -0.000000000000000000, -0.000000000000000000 ) ) ;
#3341 = CARTESIAN_POINT ( 'NONE',  ( 0.000000000000000000, -100.0000000000000000, -280.0000000000000000 ) ) ;
#3342 = SURFACE_STYLE_FILL_AREA ( #3211 ) ;
#3343 = ADVANCED_FACE ( 'NONE', ( #1357 ), #316, .F. ) ;
#3344 = EDGE_CURVE ( 'NONE', #4428, #1955, #5020, .T. ) ;
#3345 = DIRECTION ( 'NONE',  ( 0.000000000000000000, -0.000000000000000000, 1.000000000000000000 ) ) ;
#3346 = SURFACE_SIDE_STYLE ('',( #2548 ) ) ;
#3347 = CLOSED_SHELL ( 'NONE', ( #5438, #781, #2057, #392, #693, #2651, #4149, #279, #2928, #5105, #3419, #448 ) ) ;
#3348 = DIRECTION ( 'NONE',  ( 0.000000000000000000, -1.000000000000000000, 0.000000000000000000 ) ) ;
#3349 =( GEOMETRIC_REPRESENTATION_CONTEXT ( 3 ) GLOBAL_UNCERTAINTY_ASSIGNED_CONTEXT ( ( #1175 ) ) GLOBAL_UNIT_ASSIGNED_CONTEXT ( ( #4095, #1019, #2394 ) ) REPRESENTATION_CONTEXT ( 'NONE', 'WORKASPACE' ) );
#3350 = VECTOR ( 'NONE', #3430, 1000.000000000000000 ) ;
#3351 = VECTOR ( 'NONE', #4806, 1000.000000000000000 ) ;
#3352 = DIRECTION ( 'NONE',  ( 0.000000000000000000, 0.000000000000000000, 1.000000000000000000 ) ) ;
#3353 = EDGE_CURVE ( 'NONE', #5052, #1473, #284, .T. ) ;
#3354 = EDGE_CURVE ( 'NONE', #3246, #4807, #1775, .T. ) ;
#3355 = CARTESIAN_POINT ( 'NONE',  ( 1540.807565298936424, 0.000000000000000000, 330.0000000000000000 ) ) ;
#3356 = MECHANICAL_DESIGN_GEOMETRIC_PRESENTATION_REPRESENTATION (  '', ( #2781 ), #3629 ) ;
#3357 = DIRECTION ( 'NONE',  ( -1.000000000000000000, 0.000000000000000000, 0.000000000000000000 ) ) ;
#3358 = AXIS2_PLACEMENT_3D ( 'NONE', #4171, #339, #3821 ) ;
#3359 = FILL_AREA_STYLE_COLOUR ( '', #4137 ) ;
#3360 = CARTESIAN_POINT ( 'NONE',  ( 1482.439811145854264, 19.24254134127678739, -330.0000000000000000 ) ) ;
#3361 = DIRECTION ( 'NONE',  ( 0.000000000000000000, 0.000000000000000000, 1.000000000000000000 ) ) ;
#3362 = DIRECTION ( 'NONE',  ( -0.000000000000000000, -0.000000000000000000, -1.000000000000000000 ) ) ;
#3363 =( NAMED_UNIT ( * ) SI_UNIT ( $, .STERADIAN. ) SOLID_ANGLE_UNIT ( ) );
#3364 = FILL_AREA_STYLE ('',( #3869 ) ) ;
#3365 = AXIS2_PLACEMENT_3D ( 'NONE', #1280, #853, #3065 ) ;
#3366 = LINE ( 'NONE', #1249, #2982 ) ;
#3367 = COLOUR_RGB ( '',0.9098039215686274384, 0.4431372549019607643, 0.03137254901960784270 ) ;
#3368 = ORIENTED_EDGE ( 'NONE', *, *, #4756, .T. ) ;
#3369 = AXIS2_PLACEMENT_3D ( 'NONE', #1267, #2148, #2128 ) ;
#3370 = LINE ( 'NONE', #4266, #2345 ) ;
#3371 = UNCERTAINTY_MEASURE_WITH_UNIT (LENGTH_MEASURE( 1.000000000000000082E-05 ), #5023, 'distance_accuracy_value', 'NONE');
#3372 = ORIENTED_EDGE ( 'NONE', *, *, #372, .T. ) ;
#3373 = VECTOR ( 'NONE', #1272, 1000.000000000000000 ) ;
#3374 = ADVANCED_FACE ( 'NONE', ( #1842 ), #5276, .F. ) ;
#3375 = FACE_OUTER_BOUND ( 'NONE', #2601, .T. ) ;
#3376 = DIRECTION ( 'NONE',  ( -2.127812435020657618E-15, 0.000000000000000000, -1.000000000000000000 ) ) ;
#3377 = EDGE_LOOP ( 'NONE', ( #5012, #3870, #4033, #1837 ) ) ;
#3378 = DIRECTION ( 'NONE',  ( 1.000000000000000000, 0.000000000000000000, 0.000000000000000000 ) ) ;
#3379 = VECTOR ( 'NONE', #4411, 1000.000000000000000 ) ;
#3380 = DIRECTION ( 'NONE',  ( -1.000000000000000000, 0.000000000000000000, 0.000000000000000000 ) ) ;
#3381 = EDGE_CURVE ( 'NONE', #5126, #1728, #2463, .T. ) ;
#3382 = CARTESIAN_POINT ( 'NONE',  ( 0.000000000000000000, 135.0000000000000000, 301.0000000000000568 ) ) ;
#3383 = VERTEX_POINT ( 'NONE', #638 ) ;
#3384 = AXIS2_PLACEMENT_3D ( 'NONE', #5250, #4877, #1005 ) ;
#3385 = EDGE_LOOP ( 'NONE', ( #4963, #4475 ) ) ;
#3386 = FILL_AREA_STYLE_COLOUR ( '', #992 ) ;
#3387 = EDGE_CURVE ( 'NONE', #1219, #5126, #824, .T. ) ;
#3388 = CARTESIAN_POINT ( 'NONE',  ( 2.122512476796882743E-13, -15.26077213197296700, -45.29195697192869829 ) ) ;
#3389 = EDGE_CURVE ( 'NONE', #2652, #478, #4490, .T. ) ;
#3390 = ORIENTED_EDGE ( 'NONE', *, *, #2809, .T. ) ;
#3391 = DIRECTION ( 'NONE',  ( 1.000000000000000000, 0.000000000000000000, 0.000000000000000000 ) ) ;
#3392 = VECTOR ( 'NONE', #196, 1000.000000000000114 ) ;
#3393 = VERTEX_POINT ( 'NONE', #2374 ) ;
#3394 = AXIS2_PLACEMENT_3D ( 'NONE', #566, #1381, #126 ) ;
#3395 = FILL_AREA_STYLE_COLOUR ( '', #1172 ) ;
#3396 = SURFACE_SIDE_STYLE ('',( #4194 ) ) ;
#3397 = LINE ( 'NONE', #332, #3977 ) ;
#3398 = FILL_AREA_STYLE ('',( #4201 ) ) ;
#3399 = ORIENTED_EDGE ( 'NONE', *, *, #2188, .F. ) ;
#3400 = PLANE ( 'NONE',  #3876 ) ;
#3401 = DIRECTION ( 'NONE',  ( -0.000000000000000000, -0.000000000000000000, -1.000000000000000000 ) ) ;
#3402 = FILL_AREA_STYLE ('',( #3417 ) ) ;
#3403 = FACE_OUTER_BOUND ( 'NONE', #1630, .T. ) ;
#3404 = ADVANCED_FACE ( 'NONE', ( #893 ), #4509, .F. ) ;
#3405 = LINE ( 'NONE', #3105, #4043 ) ;
#3406 =( GEOMETRIC_REPRESENTATION_CONTEXT ( 3 ) GLOBAL_UNCERTAINTY_ASSIGNED_CONTEXT ( ( #3569 ) ) GLOBAL_UNIT_ASSIGNED_CONTEXT ( ( #4999, #3815, #5440 ) ) REPRESENTATION_CONTEXT ( 'NONE', 'WORKASPACE' ) );
#3407 = DIRECTION ( 'NONE',  ( -0.000000000000000000, 1.000000000000000000, -0.000000000000000000 ) ) ;
#3408 = CARTESIAN_POINT ( 'NONE',  ( -40.80756529893636753, 0.000000000000000000, -320.0000000000000000 ) ) ;
#3409 = UNCERTAINTY_MEASURE_WITH_UNIT (LENGTH_MEASURE( 1.000000000000000082E-05 ), #839, 'distance_accuracy_value', 'NONE');
#3410 = CARTESIAN_POINT ( 'NONE',  ( 1008.549030229681307, 89.61245815494616807, -280.0000000000000000 ) ) ;
#3411 = DIRECTION ( 'NONE',  ( 0.000000000000000000, 0.000000000000000000, 1.000000000000000000 ) ) ;
#3412 = AXIS2_PLACEMENT_3D ( 'NONE', #305, #735, #757 ) ;
#3413 = FILL_AREA_STYLE_COLOUR ( '', #1208 ) ;
#3414 = SURFACE_SIDE_STYLE ('',( #4719 ) ) ;
#3415 = LINE ( 'NONE', #5135, #2324 ) ;
#3416 = DIRECTION ( 'NONE',  ( -0.000000000000000000, -0.000000000000000000, 1.000000000000000000 ) ) ;
#3417 = FILL_AREA_STYLE_COLOUR ( '', #3194 ) ;
#3418 = EDGE_CURVE ( 'NONE', #2212, #4735, #4241, .T. ) ;
#3419 = ADVANCED_FACE ( 'NONE', ( #3403 ), #4424, .F. ) ;
#3420 = COLOUR_RGB ( '',0.7921568627450980005, 0.8196078431372548767, 0.9333333333333333481 ) ;
#3421 = CYLINDRICAL_SURFACE ( 'NONE', #1982, 30.00000000000002842 ) ;
#3422 = LINE ( 'NONE', #66, #2435 ) ;
#3423 = CARTESIAN_POINT ( 'NONE',  ( 399.6301667379776745, 70.00000000000000000, -300.0000000000000000 ) ) ;
#3424 = EDGE_LOOP ( 'NONE', ( #1429, #3916, #3513, #3518 ) ) ;
#3425 =( GEOMETRIC_REPRESENTATION_CONTEXT ( 3 ) GLOBAL_UNCERTAINTY_ASSIGNED_CONTEXT ( ( #4326 ) ) GLOBAL_UNIT_ASSIGNED_CONTEXT ( ( #4172, #1164, #3768 ) ) REPRESENTATION_CONTEXT ( 'NONE', 'WORKASPACE' ) );
#3426 = DIRECTION ( 'NONE',  ( -1.000000000000000000, -0.000000000000000000, -0.000000000000000000 ) ) ;
#3427 = LINE ( 'NONE', #4672, #3614 ) ;
#3428 = VECTOR ( 'NONE', #4569, 1000.000000000000000 ) ;
#3429 = ADVANCED_FACE ( 'NONE', ( #3529 ), #3476, .T. ) ;
#3430 = DIRECTION ( 'NONE',  ( 0.000000000000000000, 0.000000000000000000, 1.000000000000000000 ) ) ;
#3431 = CARTESIAN_POINT ( 'NONE',  ( 859.8430926701265662, 89.61245815494616807, -175.8942926348141498 ) ) ;
#3432 = AXIS2_PLACEMENT_3D ( 'NONE', #2229, #5312, #4045 ) ;
#3433 = VECTOR ( 'NONE', #1534, 1000.000000000000000 ) ;
#3434 = CARTESIAN_POINT ( 'NONE',  ( 0.000000000000000000, -135.0000000000000000, 301.0000000000000568 ) ) ;
#3435 = DIRECTION ( 'NONE',  ( 1.000000000000000000, 0.000000000000000000, -0.000000000000000000 ) ) ;
#3436 =( LENGTH_UNIT ( ) NAMED_UNIT ( * ) SI_UNIT ( .MILLI., .METRE. ) );
#3437 = MECHANICAL_DESIGN_GEOMETRIC_PRESENTATION_REPRESENTATION (  '', ( #1179 ), #1463 ) ;
#3438 = CARTESIAN_POINT ( 'NONE',  ( 664.0137346702906598, -727.6295173529550766, -320.0000000000000000 ) ) ;
#3439 = CARTESIAN_POINT ( 'NONE',  ( 1516.000000000000000, -1.959434878635761187E-15, -380.0000000000000000 ) ) ;
#3440 = ORIENTED_EDGE ( 'NONE', *, *, #5270, .T. ) ;
#3441 = UNCERTAINTY_MEASURE_WITH_UNIT (LENGTH_MEASURE( 1.000000000000000082E-05 ), #5190, 'distance_accuracy_value', 'NONE');
#3442 = VERTEX_POINT ( 'NONE', #4056 ) ;
#3443 = LINE ( 'NONE', #4610, #2588 ) ;
#3444 = VECTOR ( 'NONE', #3180, 1000.000000000000000 ) ;
#3445 = MECHANICAL_DESIGN_GEOMETRIC_PRESENTATION_REPRESENTATION (  '', ( #1356 ), #2869 ) ;
#3446 = FACE_OUTER_BOUND ( 'NONE', #1004, .T. ) ;
#3447 = ORIENTED_EDGE ( 'NONE', *, *, #2151, .F. ) ;
#3448 = DIRECTION ( 'NONE',  ( -0.7386591800803956609, 0.6740790871128977679, 0.000000000000000000 ) ) ;
#3449 = ADVANCED_FACE ( 'NONE', ( #4876 ), #2349, .F. ) ;
#3450 = ORIENTED_EDGE ( 'NONE', *, *, #2226, .F. ) ;
#3451 = CYLINDRICAL_SURFACE ( 'NONE', #3921, 14.99999999999990230 ) ;
#3452 = FILL_AREA_STYLE ('',( #2583 ) ) ;
#3453 = PRESENTATION_LAYER_ASSIGNMENT (  '', '', ( #4470 ) ) ;
#3454 = CARTESIAN_POINT ( 'NONE',  ( -40.80756529893636753, -49.02021348074790552, -320.0000000000000000 ) ) ;
#3455 = VECTOR ( 'NONE', #903, 1000.000000000000000 ) ;
#3456 = CARTESIAN_POINT ( 'NONE',  ( 626.4556573824339694, 756.8361285989955149, -320.0000000000000000 ) ) ;
#3457 =( LENGTH_UNIT ( ) NAMED_UNIT ( * ) SI_UNIT ( .MILLI., .METRE. ) );
#3458 = ORIENTED_EDGE ( 'NONE', *, *, #146, .F. ) ;
#3459 = EDGE_CURVE ( 'NONE', #4675, #4164, #1161, .T. ) ;
#3460 = COLOUR_RGB ( '',1.000000000000000000, 1.000000000000000000, 0.000000000000000000 ) ;
#3461 = CARTESIAN_POINT ( 'NONE',  ( 100.0000000000000000, 0.000000000000000000, -300.0000000000000000 ) ) ;
#3462 = EDGE_LOOP ( 'NONE', ( #390, #4641, #1838, #1756, #847 ) ) ;
#3463 = ADVANCED_FACE ( 'NONE', ( #357 ), #1619, .T. ) ;
#3464 = AXIS2_PLACEMENT_3D ( 'NONE', #2788, #3637, #185 ) ;
#3465 = CYLINDRICAL_SURFACE ( 'NONE', #1397, 110.0000000000000000 ) ;
#3466 = CARTESIAN_POINT ( 'NONE',  ( 1482.439811145854264, 19.24254134127678739, -380.0000000000000000 ) ) ;
#3467 = EDGE_CURVE ( 'NONE', #3474, #5269, #3331, .T. ) ;
#3468 = AXIS2_PLACEMENT_3D ( 'NONE', #2220, #3110, #1318 ) ;
#3469 = AXIS2_PLACEMENT_3D ( 'NONE', #102, #1407, #2758 ) ;
#3470 = VECTOR ( 'NONE', #2483, 1000.000000000000114 ) ;
#3471 = ORIENTED_EDGE ( 'NONE', *, *, #2215, .T. ) ;
#3472 = CARTESIAN_POINT ( 'NONE',  ( 571.9891335774856316, 91.61245815494616807, -175.8942926348141498 ) ) ;
#3473 = DIRECTION ( 'NONE',  ( 0.000000000000000000, -1.000000000000000000, 0.000000000000000000 ) ) ;
#3474 = VERTEX_POINT ( 'NONE', #714 ) ;
#3475 = DIRECTION ( 'NONE',  ( -1.000000000000000000, 0.000000000000000000, 0.000000000000000000 ) ) ;
#3476 = CYLINDRICAL_SURFACE ( 'NONE', #2579, 26.05063588214328973 ) ;
#3477 = DIRECTION ( 'NONE',  ( -0.000000000000000000, -0.000000000000000000, -1.000000000000000000 ) ) ;
#3478 = DIRECTION ( 'NONE',  ( -0.000000000000000000, -0.000000000000000000, 1.000000000000000000 ) ) ;
#3479 = CARTESIAN_POINT ( 'NONE',  ( -100.0000000000000000, 1.224646799147353217E-14, 300.0000000000000000 ) ) ;
#3480 = MECHANICAL_DESIGN_GEOMETRIC_PRESENTATION_REPRESENTATION (  '', ( #573 ), #3752 ) ;
#3481 = CARTESIAN_POINT ( 'NONE',  ( 1482.439811145854264, 19.24254134127678739, 380.0000000000000000 ) ) ;
#3482 = COLOUR_RGB ( '',0.7921568627450980005, 0.8196078431372548767, 0.9333333333333333481 ) ;
#3483 = ADVANCED_FACE ( 'NONE', ( #1016 ), #2677, .T. ) ;
#3484 = CARTESIAN_POINT ( 'NONE',  ( 1500.000000000000000, 0.000000000000000000, -300.0000000000000000 ) ) ;
#3485 = EDGE_CURVE ( 'NONE', #3767, #5260, #2108, .T. ) ;
#3486 = VECTOR ( 'NONE', #193, 1000.000000000000114 ) ;
#3487 = DIRECTION ( 'NONE',  ( 0.000000000000000000, -0.000000000000000000, 1.000000000000000000 ) ) ;
#3488 = PLANE ( 'NONE',  #1207 ) ;
#3489 = VERTEX_POINT ( 'NONE', #4947 ) ;
#3490 =( NAMED_UNIT ( * ) SI_UNIT ( $, .STERADIAN. ) SOLID_ANGLE_UNIT ( ) );
#3491 = AXIS2_PLACEMENT_3D ( 'NONE', #4307, #98, #1758 ) ;
#3492 = CARTESIAN_POINT ( 'NONE',  ( 859.8430926701264525, 91.61245815494616807, 123.7175590866630017 ) ) ;
#3493 = EDGE_CURVE ( 'NONE', #2751, #3133, #4740, .T. ) ;
#3494 =( NAMED_UNIT ( * ) SI_UNIT ( $, .STERADIAN. ) SOLID_ANGLE_UNIT ( ) );
#3495 =( NAMED_UNIT ( * ) SI_UNIT ( $, .STERADIAN. ) SOLID_ANGLE_UNIT ( ) );
#3496 = STYLED_ITEM ( 'NONE', ( #945 ), #4126 ) ;
#3497 = DIRECTION ( 'NONE',  ( 1.000000000000000000, -0.000000000000000000, 0.000000000000000000 ) ) ;
#3498 = DIRECTION ( 'NONE',  ( 1.000000000000000000, 0.000000000000000000, 0.000000000000000000 ) ) ;
#3499 =( NAMED_UNIT ( * ) SI_UNIT ( $, .STERADIAN. ) SOLID_ANGLE_UNIT ( ) );
#3500 = CYLINDRICAL_SURFACE ( 'NONE', #2618, 30.00000000000002842 ) ;
#3501 = FILL_AREA_STYLE ('',( #923 ) ) ;
#3502 = PRESENTATION_LAYER_ASSIGNMENT (  '', '', ( #2857 ) ) ;
#3503 = ORIENTED_EDGE ( 'NONE', *, *, #3225, .F. ) ;
#3504 =( NAMED_UNIT ( * ) PLANE_ANGLE_UNIT ( ) SI_UNIT ( $, .RADIAN. ) );
#3505 = CARTESIAN_POINT ( 'NONE',  ( 619.2314678319289669, 89.61245815494616807, -123.7175590866629449 ) ) ;
#3506 = EDGE_CURVE ( 'NONE', #1476, #585, #5477, .T. ) ;
#3507 = ADVANCED_FACE ( 'NONE', ( #2944 ), #2540, .T. ) ;
#3508 = UNCERTAINTY_MEASURE_WITH_UNIT (LENGTH_MEASURE( 1.000000000000000082E-05 ), #3680, 'distance_accuracy_value', 'NONE');
#3509 = VECTOR ( 'NONE', #4657, 1000.000000000000000 ) ;
#3510 = PRESENTATION_STYLE_ASSIGNMENT (( #4953 ) ) ;
#3511 = CARTESIAN_POINT ( 'NONE',  ( 0.000000000000000000, 0.000000000000000000, 280.0000000000000000 ) ) ;
#3512 =( NAMED_UNIT ( * ) SI_UNIT ( $, .STERADIAN. ) SOLID_ANGLE_UNIT ( ) );
#3513 = ORIENTED_EDGE ( 'NONE', *, *, #300, .F. ) ;
#3514 = PRESENTATION_LAYER_ASSIGNMENT (  '', '', ( #2173 ) ) ;
#3515 = VECTOR ( 'NONE', #2964, 1000.000000000000000 ) ;
#3516 = DIRECTION ( 'NONE',  ( -0.000000000000000000, -0.000000000000000000, 1.000000000000000000 ) ) ;
#3517 = MECHANICAL_DESIGN_GEOMETRIC_PRESENTATION_REPRESENTATION (  '', ( #3233 ), #2839 ) ;
#3518 = ORIENTED_EDGE ( 'NONE', *, *, #4069, .F. ) ;
#3519 = FILL_AREA_STYLE_COLOUR ( '', #3755 ) ;
#3520 = EDGE_CURVE ( 'NONE', #3919, #2212, #1291, .T. ) ;
#3521 = DIRECTION ( 'NONE',  ( 1.000000000000000000, -1.452739571261823934E-15, 0.000000000000000000 ) ) ;
#3522 = PLANE ( 'NONE',  #4581 ) ;
#3523 = COLOUR_RGB ( '',1.000000000000000000, 1.000000000000000000, 0.000000000000000000 ) ;
#3524 = MECHANICAL_DESIGN_GEOMETRIC_PRESENTATION_REPRESENTATION (  '', ( #2075 ), #3807 ) ;
#3525 = CARTESIAN_POINT ( 'NONE',  ( 0.000000000000000000, 0.000000000000000000, 300.0000000000000000 ) ) ;
#3526 = ORIENTED_EDGE ( 'NONE', *, *, #3217, .F. ) ;
#3527 = ORIENTED_EDGE ( 'NONE', *, *, #4609, .T. ) ;
#3528 = SURFACE_STYLE_USAGE ( .BOTH. , #2155 ) ;
#3529 = FACE_OUTER_BOUND ( 'NONE', #1811, .T. ) ;
#3530 = COLOUR_RGB ( '',0.7921568627450980005, 0.8196078431372548767, 0.9333333333333333481 ) ;
#3531 = AXIS2_PLACEMENT_3D ( 'NONE', #3545, #5217, #958 ) ;
#3532 = ADVANCED_FACE ( 'NONE', ( #3263 ), #5435, .T. ) ;
#3533 = CARTESIAN_POINT ( 'NONE',  ( 1500.000000000000000, 0.000000000000000000, 450.0000000000000000 ) ) ;
#3534 = DIRECTION ( 'NONE',  ( 0.000000000000000000, 0.000000000000000000, 1.000000000000000000 ) ) ;
#3535 = CARTESIAN_POINT ( 'NONE',  ( 0.000000000000000000, 0.000000000000000000, 320.0000000000000000 ) ) ;
#3536 = ORIENTED_EDGE ( 'NONE', *, *, #689, .T. ) ;
#3537 = CARTESIAN_POINT ( 'NONE',  ( 1540.807565298936424, 0.000000000000000000, -300.0000000000000000 ) ) ;
#3538 = AXIS2_PLACEMENT_3D ( 'NONE', #5368, #1907, #2852 ) ;
#3539 = DIRECTION ( 'NONE',  ( -2.400379267199285034E-05, 0.9999999997119090045, 0.000000000000000000 ) ) ;
#3540 = APPLICATION_CONTEXT ( 'automotive_design' ) ;
#3541 =( NAMED_UNIT ( * ) PLANE_ANGLE_UNIT ( ) SI_UNIT ( $, .RADIAN. ) );
#3542 =( LENGTH_UNIT ( ) NAMED_UNIT ( * ) SI_UNIT ( .MILLI., .METRE. ) );
#3543 = VERTEX_POINT ( 'NONE', #4549 ) ;
#3544 = FACE_OUTER_BOUND ( 'NONE', #1992, .T. ) ;
#3545 = CARTESIAN_POINT ( 'NONE',  ( 0.000000000000000000, 0.000000000000000000, 450.0000000000000000 ) ) ;
#3546 = STYLED_ITEM ( 'NONE', ( #1076 ), #693 ) ;
#3547 = COLOUR_RGB ( '',0.7921568627450980005, 0.8196078431372548767, 0.9333333333333333481 ) ;
#3548 = PRESENTATION_STYLE_ASSIGNMENT (( #3693 ) ) ;
#3549 =( NAMED_UNIT ( * ) PLANE_ANGLE_UNIT ( ) SI_UNIT ( $, .RADIAN. ) );
#3550 = EDGE_CURVE ( 'NONE', #3003, #4251, #4305, .T. ) ;
#3551 = SURFACE_STYLE_FILL_AREA ( #115 ) ;
#3552 = DIRECTION ( 'NONE',  ( 1.000000000000000000, 0.000000000000000000, 0.000000000000000000 ) ) ;
#3553 = MECHANICAL_DESIGN_GEOMETRIC_PRESENTATION_REPRESENTATION (  '', ( #1482 ), #5229 ) ;
#3554 =( NAMED_UNIT ( * ) SI_UNIT ( $, .STERADIAN. ) SOLID_ANGLE_UNIT ( ) );
#3555 = EDGE_CURVE ( 'NONE', #4442, #4560, #754, .T. ) ;
#3556 = ADVANCED_FACE ( 'NONE', ( #614 ), #2883, .T. ) ;
#3557 = EDGE_CURVE ( 'NONE', #4958, #5273, #4420, .T. ) ;
#3558 = VERTEX_POINT ( 'NONE', #4155 ) ;
#3559 =( GEOMETRIC_REPRESENTATION_CONTEXT ( 3 ) GLOBAL_UNCERTAINTY_ASSIGNED_CONTEXT ( ( #620 ) ) GLOBAL_UNIT_ASSIGNED_CONTEXT ( ( #571, #4432, #540 ) ) REPRESENTATION_CONTEXT ( 'NONE', 'WORKASPACE' ) );
#3560 = EDGE_LOOP ( 'NONE', ( #3301, #2371, #2357, #3312 ) ) ;
#3561 =( GEOMETRIC_REPRESENTATION_CONTEXT ( 3 ) GLOBAL_UNCERTAINTY_ASSIGNED_CONTEXT ( ( #1602 ) ) GLOBAL_UNIT_ASSIGNED_CONTEXT ( ( #5028, #4590, #378 ) ) REPRESENTATION_CONTEXT ( 'NONE', 'WORKASPACE' ) );
#3562 = EDGE_LOOP ( 'NONE', ( #3980, #4108 ) ) ;
#3563 = DIRECTION ( 'NONE',  ( -0.000000000000000000, -1.000000000000000000, -0.000000000000000000 ) ) ;
#3564 = CIRCLE ( 'NONE', #4637, 26.05063588214331460 ) ;
#3565 = ORIENTED_EDGE ( 'NONE', *, *, #3940, .T. ) ;
#3566 = SURFACE_STYLE_FILL_AREA ( #4082 ) ;
#3567 = CARTESIAN_POINT ( 'NONE',  ( 678.8941503029516298, 2.883083876115375998E-13, 300.0000000000000000 ) ) ;
#3568 = SURFACE_STYLE_USAGE ( .BOTH. , #3587 ) ;
#3569 = UNCERTAINTY_MEASURE_WITH_UNIT (LENGTH_MEASURE( 1.000000000000000082E-05 ), #4999, 'distance_accuracy_value', 'NONE');
#3570 = VERTEX_POINT ( 'NONE', #2055 ) ;
#3571 = VECTOR ( 'NONE', #1283, 1000.000000000000114 ) ;
#3572 =( NAMED_UNIT ( * ) PLANE_ANGLE_UNIT ( ) SI_UNIT ( $, .RADIAN. ) );
#3573 = AXIS2_PLACEMENT_3D ( 'NONE', #3833, #1246, #4238 ) ;
#3574 = ORIENTED_EDGE ( 'NONE', *, *, #171, .T. ) ;
#3575 = CARTESIAN_POINT ( 'NONE',  ( 691.5777327430830610, 2.883083876115375998E-13, 300.0000000000000000 ) ) ;
#3576 = LINE ( 'NONE', #3132, #411 ) ;
#3577 = PRESENTATION_STYLE_ASSIGNMENT (( #2332 ) ) ;
#3578 = CARTESIAN_POINT ( 'NONE',  ( 763.1330439721396033, 89.61245815494616807, -24.55957348493365089 ) ) ;
#3579 = CLOSED_SHELL ( 'NONE', ( #4554, #4700, #512, #1178, #1612, #1996 ) ) ;
#3580 = VECTOR ( 'NONE', #3902, 1000.000000000000000 ) ;
#3581 = LINE ( 'NONE', #4404, #1957 ) ;
#3582 = EDGE_LOOP ( 'NONE', ( #3877, #2609 ) ) ;
#3583 = DIRECTION ( 'NONE',  ( 1.000000000000000000, 0.000000000000000000, 0.000000000000000000 ) ) ;
#3584 =( GEOMETRIC_REPRESENTATION_CONTEXT ( 3 ) GLOBAL_UNCERTAINTY_ASSIGNED_CONTEXT ( ( #3670 ) ) GLOBAL_UNIT_ASSIGNED_CONTEXT ( ( #1948, #4498, #2253 ) ) REPRESENTATION_CONTEXT ( 'NONE', 'WORKASPACE' ) );
#3585 = ORIENTED_EDGE ( 'NONE', *, *, #1417, .T. ) ;
#3586 = DIRECTION ( 'NONE',  ( -2.127812435020657618E-15, -0.000000000000000000, -1.000000000000000000 ) ) ;
#3587 = SURFACE_SIDE_STYLE ('',( #4189 ) ) ;
#3588 = FILL_AREA_STYLE ('',( #3519 ) ) ;
#3589 = LINE ( 'NONE', #5005, #4421 ) ;
#3590 = EDGE_CURVE ( 'NONE', #3069, #1764, #745, .T. ) ;
#3591 = VERTEX_POINT ( 'NONE', #1103 ) ;
#3592 = DIRECTION ( 'NONE',  ( -0.000000000000000000, -0.000000000000000000, 1.000000000000000000 ) ) ;
#3593 = ORIENTED_EDGE ( 'NONE', *, *, #2280, .F. ) ;
#3594 = VECTOR ( 'NONE', #1515, 1000.000000000000000 ) ;
#3595 = PRESENTATION_LAYER_ASSIGNMENT (  '', '', ( #5363 ) ) ;
#3596 =( NAMED_UNIT ( * ) PLANE_ANGLE_UNIT ( ) SI_UNIT ( $, .RADIAN. ) );
#3597 = EDGE_CURVE ( 'NONE', #1759, #931, #2934, .T. ) ;
#3598 = ORIENTED_EDGE ( 'NONE', *, *, #2863, .T. ) ;
#3599 = CIRCLE ( 'NONE', #4444, 100.0000000000000853 ) ;
#3600 = PLANE ( 'NONE',  #3394 ) ;
#3601 = MECHANICAL_DESIGN_GEOMETRIC_PRESENTATION_REPRESENTATION (  '', ( #2942 ), #3248 ) ;
#3602 = ORIENTED_EDGE ( 'NONE', *, *, #3034, .T. ) ;
#3603 = UNCERTAINTY_MEASURE_WITH_UNIT (LENGTH_MEASURE( 1.000000000000000082E-05 ), #2662, 'distance_accuracy_value', 'NONE');
#3604 = FILL_AREA_STYLE_COLOUR ( '', #2320 ) ;
#3605 = SURFACE_SIDE_STYLE ('',( #1981 ) ) ;
#3606 = LINE ( 'NONE', #5239, #507 ) ;
#3607 =( GEOMETRIC_REPRESENTATION_CONTEXT ( 3 ) GLOBAL_UNCERTAINTY_ASSIGNED_CONTEXT ( ( #4365 ) ) GLOBAL_UNIT_ASSIGNED_CONTEXT ( ( #1205, #3335, #2062 ) ) REPRESENTATION_CONTEXT ( 'NONE', 'WORKASPACE' ) );
#3608 = DIRECTION ( 'NONE',  ( 1.000000000000000000, 0.000000000000000000, 0.000000000000000000 ) ) ;
#3609 = LINE ( 'NONE', #3871, #2481 ) ;
#3610 = VECTOR ( 'NONE', #2453, 1000.000000000000000 ) ;
#3611 = ORIENTED_EDGE ( 'NONE', *, *, #4008, .F. ) ;
#3612 = FILL_AREA_STYLE_COLOUR ( '', #528 ) ;
#3613 = PRESENTATION_LAYER_ASSIGNMENT (  '', '', ( #5350 ) ) ;
#3614 = VECTOR ( 'NONE', #4778, 1000.000000000000000 ) ;
#3615 = PLANE ( 'NONE',  #3972 ) ;
#3616 = CARTESIAN_POINT ( 'NONE',  ( 429.6301667379777314, 70.00000000000000000, 300.0000000000000000 ) ) ;
#3617 = STYLED_ITEM ( 'NONE', ( #2916 ), #2057 ) ;
#3618 =( LENGTH_UNIT ( ) NAMED_UNIT ( * ) SI_UNIT ( .MILLI., .METRE. ) );
#3619 = DIRECTION ( 'NONE',  ( 0.000000000000000000, 0.000000000000000000, 1.000000000000000000 ) ) ;
#3620 = EDGE_CURVE ( 'NONE', #1298, #2569, #2668, .T. ) ;
#3621 = AXIS2_PLACEMENT_3D ( 'NONE', #4833, #2311, #976 ) ;
#3622 = LINE ( 'NONE', #5423, #3823 ) ;
#3623 = DIRECTION ( 'NONE',  ( 0.000000000000000000, 0.000000000000000000, -1.000000000000000000 ) ) ;
#3624 = CARTESIAN_POINT ( 'NONE',  ( 1040.369833262022439, 70.00000000000000000, -300.0000000000000000 ) ) ;
#3625 = EDGE_CURVE ( 'NONE', #1141, #2946, #4299, .T. ) ;
#3626 = CARTESIAN_POINT ( 'NONE',  ( -40.80756529893636753, 0.000000000000000000, -300.0000000000000000 ) ) ;
#3627 = ORIENTED_EDGE ( 'NONE', *, *, #4101, .T. ) ;
#3628 =( NAMED_UNIT ( * ) SI_UNIT ( $, .STERADIAN. ) SOLID_ANGLE_UNIT ( ) );
#3629 =( GEOMETRIC_REPRESENTATION_CONTEXT ( 3 ) GLOBAL_UNCERTAINTY_ASSIGNED_CONTEXT ( ( #3371 ) ) GLOBAL_UNIT_ASSIGNED_CONTEXT ( ( #5023, #2521, #2087 ) ) REPRESENTATION_CONTEXT ( 'NONE', 'WORKASPACE' ) );
#3630 = STYLED_ITEM ( 'NONE', ( #1686 ), #4177 ) ;
#3631 =( NAMED_UNIT ( * ) PLANE_ANGLE_UNIT ( ) SI_UNIT ( $, .RADIAN. ) );
#3632 = VERTEX_POINT ( 'NONE', #4630 ) ;
#3633 = SURFACE_STYLE_USAGE ( .BOTH. , #184 ) ;
#3634 = CARTESIAN_POINT ( 'NONE',  ( 619.2314678319289669, 91.61245815494616807, -123.7175590866629449 ) ) ;
#3635 = ORIENTED_EDGE ( 'NONE', *, *, #3734, .T. ) ;
#3636 = FACE_OUTER_BOUND ( 'NONE', #3842, .T. ) ;
#3637 = DIRECTION ( 'NONE',  ( -0.000000000000000000, -0.000000000000000000, -1.000000000000000000 ) ) ;
#3638 = CARTESIAN_POINT ( 'NONE',  ( 691.5777327430830610, 74.99947420548846821, -45.29195697192869829 ) ) ;
#3639 = UNCERTAINTY_MEASURE_WITH_UNIT (LENGTH_MEASURE( 1.000000000000000082E-05 ), #1281, 'distance_accuracy_value', 'NONE');
#3640 = LINE ( 'NONE', #8, #4220 ) ;
#3641 = VERTEX_POINT ( 'NONE', #2136 ) ;
#3642 = LINE ( 'NONE', #3840, #2602 ) ;
#3643 = CARTESIAN_POINT ( 'NONE',  ( 1540.807565298936424, 0.000000000000000000, 380.0000000000000000 ) ) ;
#3644 = CYLINDRICAL_SURFACE ( 'NONE', #5244, 26.05063588214328973 ) ;
#3645 = LINE ( 'NONE', #4455, #2786 ) ;
#3646 = AXIS2_PLACEMENT_3D ( 'NONE', #1623, #1174, #3781 ) ;
#3647 = CARTESIAN_POINT ( 'NONE',  ( -14.99999999999991118, -1.836970198721018939E-15, 450.0000000000000000 ) ) ;
#3648 = CARTESIAN_POINT ( 'NONE',  ( 1461.353739672122629, 2.220446049250313081E-13, -330.0000000000000000 ) ) ;
#3649 = CARTESIAN_POINT ( 'NONE',  ( 1500.000000000000000, 0.000000000000000000, 280.0000000000000000 ) ) ;
#3650 = DIRECTION ( 'NONE',  ( 0.000000000000000000, 0.000000000000000000, 1.000000000000000000 ) ) ;
#3651 = VECTOR ( 'NONE', #1721, 1000.000000000000000 ) ;
#3652 = CARTESIAN_POINT ( 'NONE',  ( 818.8953879297326921, 1.217749339177641439E-13, -300.0000000000000000 ) ) ;
#3653 = PLANE ( 'NONE',  #160 ) ;
#3654 = CARTESIAN_POINT ( 'NONE',  ( 859.8430926701264525, 91.61245815494616807, -123.7175590866629449 ) ) ;
#3655 = EDGE_CURVE ( 'NONE', #4357, #2729, #606, .T. ) ;
#3656 = VERTEX_POINT ( 'NONE', #2595 ) ;
#3657 = ORIENTED_EDGE ( 'NONE', *, *, #1125, .F. ) ;
#3658 = CARTESIAN_POINT ( 'NONE',  ( 0.000000000000000000, 0.000000000000000000, 300.0000000000000000 ) ) ;
#3659 = COLOUR_RGB ( '',1.000000000000000000, 1.000000000000000000, 0.000000000000000000 ) ;
#3660 = PRESENTATION_LAYER_ASSIGNMENT (  '', '', ( #5044 ) ) ;
#3661 = EDGE_CURVE ( 'NONE', #2399, #4922, #1421, .T. ) ;
#3662 = DIRECTION ( 'NONE',  ( 1.000000000000000000, 0.000000000000000000, 0.000000000000000000 ) ) ;
#3663 = DIRECTION ( 'NONE',  ( -0.7386591800803945507, -0.6740790871128988782, -0.000000000000000000 ) ) ;
#3664 = ORIENTED_EDGE ( 'NONE', *, *, #5398, .F. ) ;
#3665 = CYLINDRICAL_SURFACE ( 'NONE', #1917, 14.99999999999990230 ) ;
#3666 = CARTESIAN_POINT ( 'NONE',  ( 859.8430926701265662, 91.61245815494616807, 175.8942926348142066 ) ) ;
#3667 = CARTESIAN_POINT ( 'NONE',  ( 1503.120971213320217, 134.9639193958356884, -301.0000000000000568 ) ) ;
#3668 = VERTEX_POINT ( 'NONE', #3408 ) ;
#3669 = SURFACE_STYLE_USAGE ( .BOTH. , #255 ) ;
#3670 = UNCERTAINTY_MEASURE_WITH_UNIT (LENGTH_MEASURE( 1.000000000000000082E-05 ), #1948, 'distance_accuracy_value', 'NONE');
#3671 = DIRECTION ( 'NONE',  ( 1.000000000000000000, 0.000000000000000000, 0.000000000000000000 ) ) ;
#3672 = FILL_AREA_STYLE ('',( #684 ) ) ;
#3673 = ORIENTED_EDGE ( 'NONE', *, *, #5193, .F. ) ;
#3674 = VECTOR ( 'NONE', #2338, 1000.000000000000000 ) ;
#3675 = ORIENTED_EDGE ( 'NONE', *, *, #846, .T. ) ;
#3676 = DIRECTION ( 'NONE',  ( 0.000000000000000000, 0.000000000000000000, 1.000000000000000000 ) ) ;
#3677 = VECTOR ( 'NONE', #533, 1000.000000000000000 ) ;
#3678 = CIRCLE ( 'NONE', #671, 110.0000000000000995 ) ;
#3679 = FILL_AREA_STYLE ('',( #3287 ) ) ;
#3680 =( LENGTH_UNIT ( ) NAMED_UNIT ( * ) SI_UNIT ( .MILLI., .METRE. ) );
#3681 = STYLED_ITEM ( 'NONE', ( #984 ), #1287 ) ;
#3682 = CLOSED_SHELL ( 'NONE', ( #4367, #1724, #4315, #3021 ) ) ;
#3683 = FILL_AREA_STYLE ('',( #683 ) ) ;
#3684 = CARTESIAN_POINT ( 'NONE',  ( 678.8941503029516298, 2.883083876115375998E-13, -300.0000000000000000 ) ) ;
#3685 = MECHANICAL_DESIGN_GEOMETRIC_PRESENTATION_REPRESENTATION (  '', ( #2962 ), #1743 ) ;
#3686 = CARTESIAN_POINT ( 'NONE',  ( 0.000000000000000000, 91.61245815494616807, 0.000000000000000000 ) ) ;
#3687 = EDGE_CURVE ( 'NONE', #5385, #2043, #1346, .T. ) ;
#3688 = CARTESIAN_POINT ( 'NONE',  ( 619.2314678319288532, 91.61245815494616807, -175.8942926348141498 ) ) ;
#3689 =( LENGTH_UNIT ( ) NAMED_UNIT ( * ) SI_UNIT ( .MILLI., .METRE. ) );
#3690 = EDGE_LOOP ( 'NONE', ( #5452, #5463, #5387, #889 ) ) ;
#3691 = AXIS2_PLACEMENT_3D ( 'NONE', #2832, #661, #2854 ) ;
#3692 = CIRCLE ( 'NONE', #1422, 30.00000000000002842 ) ;
#3693 = SURFACE_STYLE_USAGE ( .BOTH. , #5271 ) ;
#3694 = DIRECTION ( 'NONE',  ( 0.000000000000000000, 0.000000000000000000, 1.000000000000000000 ) ) ;
#3695 =( NAMED_UNIT ( * ) SI_UNIT ( $, .STERADIAN. ) SOLID_ANGLE_UNIT ( ) );
#3696 = FACE_BOUND ( 'NONE', #2931, .T. ) ;
#3697 = ORIENTED_EDGE ( 'NONE', *, *, #1123, .F. ) ;
#3698 = VECTOR ( 'NONE', #3886, 1000.000000000000000 ) ;
#3699 = DIRECTION ( 'NONE',  ( -0.000000000000000000, -0.000000000000000000, -1.000000000000000000 ) ) ;
#3700 =( GEOMETRIC_REPRESENTATION_CONTEXT ( 3 ) GLOBAL_UNCERTAINTY_ASSIGNED_CONTEXT ( ( #5139 ) ) GLOBAL_UNIT_ASSIGNED_CONTEXT ( ( #198, #2816, #3229 ) ) REPRESENTATION_CONTEXT ( 'NONE', 'WORKASPACE' ) );
#3701 = SURFACE_STYLE_USAGE ( .BOTH. , #3249 ) ;
#3702 = PLANE ( 'NONE',  #3142 ) ;
#3703 = ORIENTED_EDGE ( 'NONE', *, *, #5130, .F. ) ;
#3704 = VERTEX_POINT ( 'NONE', #2974 ) ;
#3705 = LINE ( 'NONE', #3231, #3392 ) ;
#3706 = ORIENTED_EDGE ( 'NONE', *, *, #2808, .F. ) ;
#3707 = EDGE_CURVE ( 'NONE', #940, #134, #1010, .T. ) ;
#3708 =( NAMED_UNIT ( * ) PLANE_ANGLE_UNIT ( ) SI_UNIT ( $, .RADIAN. ) );
#3709 = VERTEX_POINT ( 'NONE', #848 ) ;
#3710 = DIRECTION ( 'NONE',  ( -0.000000000000000000, -1.000000000000000000, -0.000000000000000000 ) ) ;
#3711 = ORIENTED_EDGE ( 'NONE', *, *, #4406, .F. ) ;
#3712 = ORIENTED_EDGE ( 'NONE', *, *, #3727, .F. ) ;
#3713 = CARTESIAN_POINT ( 'NONE',  ( 1190.369833262022212, 70.00000000000000000, -300.0000000000000000 ) ) ;
#3714 = CARTESIAN_POINT ( 'NONE',  ( 619.2314678319288532, 89.61245815494616807, 175.8942926348141782 ) ) ;
#3715 =( GEOMETRIC_REPRESENTATION_CONTEXT ( 3 ) GLOBAL_UNCERTAINTY_ASSIGNED_CONTEXT ( ( #5503 ) ) GLOBAL_UNIT_ASSIGNED_CONTEXT ( ( #4298, #2185, #5144 ) ) REPRESENTATION_CONTEXT ( 'NONE', 'WORKASPACE' ) );
#3716 = DIRECTION ( 'NONE',  ( 1.000000000000000000, 0.000000000000000000, -0.000000000000000000 ) ) ;
#3717 = LINE ( 'NONE', #3824, #2174 ) ;
#3718 = VECTOR ( 'NONE', #5157, 1000.000000000000000 ) ;
#3719 = AXIS2_PLACEMENT_3D ( 'NONE', #5071, #767, #4210 ) ;
#3720 = EDGE_LOOP ( 'NONE', ( #4785, #500 ) ) ;
#3721 = ORIENTED_EDGE ( 'NONE', *, *, #3387, .T. ) ;
#3722 = PLANE ( 'NONE',  #4918 ) ;
#3723 = SURFACE_STYLE_FILL_AREA ( #5393 ) ;
#3724 = CARTESIAN_POINT ( 'NONE',  ( 1517.560188854146190, 19.24254134127678739, 320.0000000000000000 ) ) ;
#3725 = ADVANCED_FACE ( 'NONE', ( #2790 ), #210, .T. ) ;
#3726 = PRESENTATION_STYLE_ASSIGNMENT (( #4822 ) ) ;
#3727 = EDGE_CURVE ( 'NONE', #1503, #3003, #494, .T. ) ;
#3728 = CARTESIAN_POINT ( 'NONE',  ( 0.000000000000000000, 0.000000000000000000, 320.0000000000000000 ) ) ;
#3729 = DIRECTION ( 'NONE',  ( 1.000000000000000000, 0.000000000000000000, 0.000000000000000000 ) ) ;
#3730 = CARTESIAN_POINT ( 'NONE',  ( 1500.000000000000000, 0.000000000000000000, 380.0000000000000000 ) ) ;
#3731 = MECHANICAL_DESIGN_GEOMETRIC_PRESENTATION_REPRESENTATION (  '', ( #803 ), #3425 ) ;
#3732 = EDGE_CURVE ( 'NONE', #274, #5126, #35, .T. ) ;
#3733 = ORIENTED_EDGE ( 'NONE', *, *, #381, .F. ) ;
#3734 = EDGE_CURVE ( 'NONE', #1558, #5091, #2611, .T. ) ;
#3735 = CIRCLE ( 'NONE', #188, 110.0000000000000000 ) ;
#3736 = CARTESIAN_POINT ( 'NONE',  ( 691.5777327430830610, -33.75944134877342151, -448.3351875541625304 ) ) ;
#3737 = FILL_AREA_STYLE ('',( #1533 ) ) ;
#3738 = AXIS2_PLACEMENT_3D ( 'NONE', #4660, #5082, #3000 ) ;
#3739 = DIRECTION ( 'NONE',  ( 1.000000000000000000, 0.000000000000000000, 0.000000000000000000 ) ) ;
#3740 = ORIENTED_EDGE ( 'NONE', *, *, #1956, .F. ) ;
#3741 =( GEOMETRIC_REPRESENTATION_CONTEXT ( 3 ) GLOBAL_UNCERTAINTY_ASSIGNED_CONTEXT ( ( #3037 ) ) GLOBAL_UNIT_ASSIGNED_CONTEXT ( ( #5061, #2959, #4621 ) ) REPRESENTATION_CONTEXT ( 'NONE', 'WORKASPACE' ) );
#3742 =( NAMED_UNIT ( * ) PLANE_ANGLE_UNIT ( ) SI_UNIT ( $, .RADIAN. ) );
#3743 = UNCERTAINTY_MEASURE_WITH_UNIT (LENGTH_MEASURE( 1.000000000000000082E-05 ), #523, 'distance_accuracy_value', 'NONE');
#3744 = SURFACE_STYLE_FILL_AREA ( #1279 ) ;
#3745 = DIRECTION ( 'NONE',  ( 0.9999999997119088935, 2.400379267199284695E-05, 0.000000000000000000 ) ) ;
#3746 = SURFACE_STYLE_FILL_AREA ( #3737 ) ;
#3747 = PLANE ( 'NONE',  #3369 ) ;
#3748 = DIRECTION ( 'NONE',  ( -0.000000000000000000, -0.000000000000000000, 1.000000000000000000 ) ) ;
#3749 = ADVANCED_FACE ( 'NONE', ( #4732 ), #4603, .T. ) ;
#3750 = SURFACE_STYLE_USAGE ( .BOTH. , #2903 ) ;
#3751 = CARTESIAN_POINT ( 'NONE',  ( 1250.369833262022439, 70.00000000000000000, -300.0000000000000000 ) ) ;
#3752 =( GEOMETRIC_REPRESENTATION_CONTEXT ( 3 ) GLOBAL_UNCERTAINTY_ASSIGNED_CONTEXT ( ( #1380 ) ) GLOBAL_UNIT_ASSIGNED_CONTEXT ( ( #1113, #1095, #1947 ) ) REPRESENTATION_CONTEXT ( 'NONE', 'WORKASPACE' ) );
#3753 = LINE ( 'NONE', #3643, #2638 ) ;
#3754 = VECTOR ( 'NONE', #307, 1000.000000000000000 ) ;
#3755 = COLOUR_RGB ( '',0.7921568627450980005, 0.8196078431372548767, 0.9333333333333333481 ) ;
#3756 = ADVANCED_FACE ( 'NONE', ( #156 ), #4545, .T. ) ;
#3757 = VECTOR ( 'NONE', #4559, 1000.000000000000000 ) ;
#3758 = DIRECTION ( 'NONE',  ( -0.000000000000000000, -0.000000000000000000, 1.000000000000000000 ) ) ;
#3759 = EDGE_CURVE ( 'NONE', #4442, #4858, #5153, .T. ) ;
#3760 = ORIENTED_EDGE ( 'NONE', *, *, #4284, .F. ) ;
#3761 = LINE ( 'NONE', #4611, #2645 ) ;
#3762 = SURFACE_STYLE_USAGE ( .BOTH. , #742 ) ;
#3763 = ORIENTED_EDGE ( 'NONE', *, *, #1439, .F. ) ;
#3764 = CARTESIAN_POINT ( 'NONE',  ( 1220.369833262022212, 70.00000000000000000, -300.0000000000000000 ) ) ;
#3765 = LINE ( 'NONE', #4844, #464 ) ;
#3766 = PLANE ( 'NONE',  #1828 ) ;
#3767 = VERTEX_POINT ( 'NONE', #399 ) ;
#3768 =( NAMED_UNIT ( * ) SI_UNIT ( $, .STERADIAN. ) SOLID_ANGLE_UNIT ( ) );
#3769 = SURFACE_SIDE_STYLE ('',( #395 ) ) ;
#3770 = EDGE_CURVE ( 'NONE', #2871, #957, #3717, .T. ) ;
#3771 = ORIENTED_EDGE ( 'NONE', *, *, #3114, .F. ) ;
#3772 = VECTOR ( 'NONE', #4460, 1000.000000000000000 ) ;
#3773 = SURFACE_SIDE_STYLE ('',( #5339 ) ) ;
#3774 = UNCERTAINTY_MEASURE_WITH_UNIT (LENGTH_MEASURE( 1.000000000000000082E-05 ), #3689, 'distance_accuracy_value', 'NONE');
#3775 = CARTESIAN_POINT ( 'NONE',  ( 1461.353739672122629, 2.220446049250313081E-13, 380.0000000000000000 ) ) ;
#3776 = ADVANCED_FACE ( 'NONE', ( #2530 ), #93, .F. ) ;
#3777 = EDGE_LOOP ( 'NONE', ( #382, #3321, #996, #3336, #4115, #2997, #41, #2690, #2875, #3905 ) ) ;
#3778 = ORIENTED_EDGE ( 'NONE', *, *, #3256, .T. ) ;
#3779 = ORIENTED_EDGE ( 'NONE', *, *, #4756, .F. ) ;
#3780 =( GEOMETRIC_REPRESENTATION_CONTEXT ( 3 ) GLOBAL_UNCERTAINTY_ASSIGNED_CONTEXT ( ( #4553 ) ) GLOBAL_UNIT_ASSIGNED_CONTEXT ( ( #2131, #1289, #3494 ) ) REPRESENTATION_CONTEXT ( 'NONE', 'WORKASPACE' ) );
#3781 = DIRECTION ( 'NONE',  ( -1.000000000000000000, 0.000000000000000000, 0.000000000000000000 ) ) ;
#3782 =( NAMED_UNIT ( * ) SI_UNIT ( $, .STERADIAN. ) SOLID_ANGLE_UNIT ( ) );
#3783 = ADVANCED_FACE ( 'NONE', ( #3864 ), #1326, .F. ) ;
#3784 = EDGE_LOOP ( 'NONE', ( #3399, #1403, #3077, #26 ) ) ;
#3785 = CARTESIAN_POINT ( 'NONE',  ( 0.000000000000000000, 0.000000000000000000, -450.0000000000000000 ) ) ;
#3786 = STYLED_ITEM ( 'NONE', ( #3295 ), #158 ) ;
#3787 = PLANE ( 'NONE',  #2973 ) ;
#3788 = CARTESIAN_POINT ( 'NONE',  ( 38.64626032787765553, 0.000000000000000000, -320.0000000000000000 ) ) ;
#3789 = VERTEX_POINT ( 'NONE', #3851 ) ;
#3790 = CARTESIAN_POINT ( 'NONE',  ( 626.4556573824339694, 756.8361285989955149, 320.0000000000000000 ) ) ;
#3791 = ORIENTED_EDGE ( 'NONE', *, *, #4382, .F. ) ;
#3792 = VECTOR ( 'NONE', #3352, 1000.000000000000000 ) ;
#3793 = CIRCLE ( 'NONE', #2250, 26.05063588214328973 ) ;
#3794 = DIRECTION ( 'NONE',  ( 0.9999999997119088935, 2.400379267199284695E-05, 0.000000000000000000 ) ) ;
#3795 = PLANE ( 'NONE',  #5079 ) ;
#3796 = STYLED_ITEM ( 'NONE', ( #4446 ), #1255 ) ;
#3797 = CARTESIAN_POINT ( 'NONE',  ( 0.000000000000000000, -110.0000000000000000, 280.0000000000000000 ) ) ;
#3798 = CLOSED_SHELL ( 'NONE', ( #4177, #5111, #4653, #808, #3332, #294 ) ) ;
#3799 = COLOUR_RGB ( '',0.7921568627450980005, 0.8196078431372548767, 0.9333333333333333481 ) ;
#3800 = CARTESIAN_POINT ( 'NONE',  ( 1540.807565298936424, -49.02021348074790552, -380.0000000000000000 ) ) ;
#3801 = AXIS2_PLACEMENT_3D ( 'NONE', #1263, #2606, #5099 ) ;
#3802 = CARTESIAN_POINT ( 'NONE',  ( 691.5777327430830610, -15.26077213197397953, -448.3351875541625304 ) ) ;
#3803 = ORIENTED_EDGE ( 'NONE', *, *, #2591, .T. ) ;
#3804 = PRESENTATION_STYLE_ASSIGNMENT (( #1330 ) ) ;
#3805 = EDGE_CURVE ( 'NONE', #611, #1677, #2738, .T. ) ;
#3806 = ADVANCED_FACE ( 'NONE', ( #3920 ), #1344, .F. ) ;
#3807 =( GEOMETRIC_REPRESENTATION_CONTEXT ( 3 ) GLOBAL_UNCERTAINTY_ASSIGNED_CONTEXT ( ( #3998 ) ) GLOBAL_UNIT_ASSIGNED_CONTEXT ( ( #624, #605, #3628 ) ) REPRESENTATION_CONTEXT ( 'NONE', 'WORKASPACE' ) );
#3808 = SURFACE_STYLE_FILL_AREA ( #232 ) ;
#3809 = DIRECTION ( 'NONE',  ( -0.000000000000000000, -0.000000000000000000, -1.000000000000000000 ) ) ;
#3810 = ORIENTED_EDGE ( 'NONE', *, *, #1956, .T. ) ;
#3811 = ADVANCED_FACE ( 'NONE', ( #2024 ), #2103, .T. ) ;
#3812 =( NAMED_UNIT ( * ) PLANE_ANGLE_UNIT ( ) SI_UNIT ( $, .RADIAN. ) );
#3813 = FACE_OUTER_BOUND ( 'NONE', #2767, .T. ) ;
#3814 = FACE_OUTER_BOUND ( 'NONE', #1025, .T. ) ;
#3815 =( NAMED_UNIT ( * ) PLANE_ANGLE_UNIT ( ) SI_UNIT ( $, .RADIAN. ) );
#3816 = ORIENTED_EDGE ( 'NONE', *, *, #558, .T. ) ;
#3817 = DIRECTION ( 'NONE',  ( -0.000000000000000000, -0.000000000000000000, -1.000000000000000000 ) ) ;
#3818 = CARTESIAN_POINT ( 'NONE',  ( 1461.353739672122629, -49.02021348074790552, -380.0000000000000000 ) ) ;
#3819 = SURFACE_STYLE_FILL_AREA ( #3235 ) ;
#3820 = CIRCLE ( 'NONE', #1029, 135.0000000000000000 ) ;
#3821 = DIRECTION ( 'NONE',  ( 0.000000000000000000, -0.000000000000000000, -1.000000000000000000 ) ) ;
#3822 = DIRECTION ( 'NONE',  ( -1.000000000000000000, 0.000000000000000000, 0.000000000000000000 ) ) ;
#3823 = VECTOR ( 'NONE', #330, 1000.000000000000000 ) ;
#3824 = CARTESIAN_POINT ( 'NONE',  ( 664.0137346702906598, -727.6295173529550766, -320.0000000000000000 ) ) ;
#3825 = EDGE_LOOP ( 'NONE', ( #2149, #5266, #542, #5421 ) ) ;
#3826 = STYLED_ITEM ( 'NONE', ( #2933 ), #721 ) ;
#3827 = ORIENTED_EDGE ( 'NONE', *, *, #982, .F. ) ;
#3828 = ORIENTED_EDGE ( 'NONE', *, *, #3661, .F. ) ;
#3829 = VECTOR ( 'NONE', #901, 1000.000000000000000 ) ;
#3830 = CARTESIAN_POINT ( 'NONE',  ( -17.56018885414611930, 19.24254134127670213, -320.0000000000000000 ) ) ;
#3831 = ADVANCED_FACE ( 'NONE', ( #1077 ), #3167, .T. ) ;
#3832 = PLANE ( 'NONE',  #1946 ) ;
#3833 = CARTESIAN_POINT ( 'NONE',  ( 1500.000000000000000, 0.000000000000000000, 380.0000000000000000 ) ) ;
#3834 = AXIS2_PLACEMENT_3D ( 'NONE', #4436, #3272, #4907 ) ;
#3835 = ORIENTED_EDGE ( 'NONE', *, *, #3878, .F. ) ;
#3836 = FACE_OUTER_BOUND ( 'NONE', #3305, .T. ) ;
#3837 = CARTESIAN_POINT ( 'NONE',  ( 470.5255302723741124, 89.61245815494616807, 280.0000000000000000 ) ) ;
#3838 = EDGE_CURVE ( 'NONE', #2399, #1288, #3197, .T. ) ;
#3839 = VECTOR ( 'NONE', #2252, 1000.000000000000000 ) ;
#3840 = CARTESIAN_POINT ( 'NONE',  ( 907.0854269245697878, 91.61245815494616807, -123.7175590866629449 ) ) ;
#3841 = ADVANCED_FACE ( 'NONE', ( #5471 ), #3600, .F. ) ;
#3842 = EDGE_LOOP ( 'NONE', ( #1229, #3240, #629, #249 ) ) ;
#3843 = AXIS2_PLACEMENT_3D ( 'NONE', #1834, #5207, #1366 ) ;
#3844 = LINE ( 'NONE', #3537, #3184 ) ;
#3845 = CARTESIAN_POINT ( 'NONE',  ( 1503.120971213320217, -134.9639193958356600, 280.0000000000000000 ) ) ;
#3846 = SURFACE_STYLE_USAGE ( .BOTH. , #2533 ) ;
#3847 = ORIENTED_EDGE ( 'NONE', *, *, #4485, .T. ) ;
#3848 = EDGE_CURVE ( 'NONE', #2525, #4211, #4229, .T. ) ;
#3849 = UNCERTAINTY_MEASURE_WITH_UNIT (LENGTH_MEASURE( 1.000000000000000082E-05 ), #643, 'distance_accuracy_value', 'NONE');
#3850 = ORIENTED_EDGE ( 'NONE', *, *, #2577, .F. ) ;
#3851 = CARTESIAN_POINT ( 'NONE',  ( 806.2118054896012609, -33.75944134877364178, -300.0000000000000000 ) ) ;
#3852 = MECHANICAL_DESIGN_GEOMETRIC_PRESENTATION_REPRESENTATION (  '', ( #1498 ), #1133 ) ;
#3853 = ORIENTED_EDGE ( 'NONE', *, *, #2844, .F. ) ;
#3854 = DIRECTION ( 'NONE',  ( -0.000000000000000000, -0.000000000000000000, -1.000000000000000000 ) ) ;
#3855 = DIRECTION ( 'NONE',  ( 1.000000000000000000, 0.000000000000000000, -0.000000000000000000 ) ) ;
#3856 = DIRECTION ( 'NONE',  ( 1.000000000000000000, 0.000000000000000000, -0.000000000000000000 ) ) ;
#3857 = CIRCLE ( 'NONE', #4091, 100.0000000000000853 ) ;
#3858 =( NAMED_UNIT ( * ) PLANE_ANGLE_UNIT ( ) SI_UNIT ( $, .RADIAN. ) );
#3859 = VERTEX_POINT ( 'NONE', #548 ) ;
#3860 = DIRECTION ( 'NONE',  ( -0.000000000000000000, 1.000000000000000000, 0.000000000000000000 ) ) ;
#3861 = ORIENTED_EDGE ( 'NONE', *, *, #1017, .T. ) ;
#3862 = ORIENTED_EDGE ( 'NONE', *, *, #3389, .T. ) ;
#3863 =( LENGTH_UNIT ( ) NAMED_UNIT ( * ) SI_UNIT ( .MILLI., .METRE. ) );
#3864 = FACE_OUTER_BOUND ( 'NONE', #2284, .T. ) ;
#3865 = CARTESIAN_POINT ( 'NONE',  ( 1500.000000000000000, -100.0000000000000000, 280.0000000000000000 ) ) ;
#3866 = ORIENTED_EDGE ( 'NONE', *, *, #3080, .F. ) ;
#3867 = VERTEX_POINT ( 'NONE', #1871 ) ;
#3868 = AXIS2_PLACEMENT_3D ( 'NONE', #5173, #517, #2672 ) ;
#3869 = FILL_AREA_STYLE_COLOUR ( '', #804 ) ;
#3870 = ORIENTED_EDGE ( 'NONE', *, *, #337, .F. ) ;
#3871 = CARTESIAN_POINT ( 'NONE',  ( 806.2118054896012609, -33.75944134877364178, 300.0000000000000000 ) ) ;
#3872 = CARTESIAN_POINT ( 'NONE',  ( 859.8430926701264525, 91.61245815494616807, -123.7175590866629449 ) ) ;
#3873 = CARTESIAN_POINT ( 'NONE',  ( 1517.560188854146190, 19.24254134127678739, -300.0000000000000000 ) ) ;
#3874 = PLANE ( 'NONE',  #2414 ) ;
#3875 = CARTESIAN_POINT ( 'NONE',  ( 1008.549030229681307, 89.61245815494616807, 280.0000000000000000 ) ) ;
#3876 = AXIS2_PLACEMENT_3D ( 'NONE', #3456, #4605, #2085 ) ;
#3877 = ORIENTED_EDGE ( 'NONE', *, *, #1718, .T. ) ;
#3878 = EDGE_CURVE ( 'NONE', #5273, #786, #3008, .T. ) ;
#3879 = FILL_AREA_STYLE_COLOUR ( '', #4459 ) ;
#3880 = CARTESIAN_POINT ( 'NONE',  ( 571.9891335774856316, 89.61245815494616807, 123.7175590866630159 ) ) ;
#3881 = PRESENTATION_LAYER_ASSIGNMENT (  '', '', ( #660 ) ) ;
#3882 = DIRECTION ( 'NONE',  ( 2.260265279660158334E-15, 0.000000000000000000, 1.000000000000000000 ) ) ;
#3883 = DIRECTION ( 'NONE',  ( 0.6376332662165034026, 0.7703400663434777362, -0.000000000000000000 ) ) ;
#3884 = SURFACE_STYLE_FILL_AREA ( #4178 ) ;
#3885 = STYLED_ITEM ( 'NONE', ( #2423 ), #5105 ) ;
#3886 = DIRECTION ( 'NONE',  ( 0.000000000000000000, -1.000000000000000000, 0.000000000000000000 ) ) ;
#3887 = ORIENTED_EDGE ( 'NONE', *, *, #107, .T. ) ;
#3888 = AXIS2_PLACEMENT_3D ( 'NONE', #5382, #1170, #1187 ) ;
#3889 = VERTEX_POINT ( 'NONE', #1424 ) ;
#3890 = ADVANCED_FACE ( 'NONE', ( #4667 ), #5219, .T. ) ;
#3891 = COLOUR_RGB ( '',0.9098039215686274384, 0.4431372549019607643, 0.03137254901960784270 ) ;
#3892 = CARTESIAN_POINT ( 'NONE',  ( 14.99999999999991118, 0.000000000000000000, 450.0000000000000000 ) ) ;
#3893 = PLANE ( 'NONE',  #5115 ) ;
#3894 = ORIENTED_EDGE ( 'NONE', *, *, #4542, .F. ) ;
#3895 = SURFACE_STYLE_FILL_AREA ( #1657 ) ;
#3896 = DIRECTION ( 'NONE',  ( -1.000000000000000000, 0.000000000000000000, 0.000000000000000000 ) ) ;
#3897 = FACE_OUTER_BOUND ( 'NONE', #2936, .T. ) ;
#3898 = FILL_AREA_STYLE ('',( #2237 ) ) ;
#3899 = CARTESIAN_POINT ( 'NONE',  ( 1461.353739672122629, -49.02021348074790552, 330.0000000000000000 ) ) ;
#3900 = ORIENTED_EDGE ( 'NONE', *, *, #37, .T. ) ;
#3901 = LINE ( 'NONE', #1530, #4146 ) ;
#3902 = DIRECTION ( 'NONE',  ( -2.127812435020657618E-15, 0.000000000000000000, 1.000000000000000000 ) ) ;
#3903 =( GEOMETRIC_REPRESENTATION_CONTEXT ( 3 ) GLOBAL_UNCERTAINTY_ASSIGNED_CONTEXT ( ( #2704 ) ) GLOBAL_UNIT_ASSIGNED_CONTEXT ( ( #2405, #3708, #1143 ) ) REPRESENTATION_CONTEXT ( 'NONE', 'WORKASPACE' ) );
#3904 = DIRECTION ( 'NONE',  ( 0.000000000000000000, -0.000000000000000000, 1.000000000000000000 ) ) ;
#3905 = ORIENTED_EDGE ( 'NONE', *, *, #414, .F. ) ;
#3906 = EDGE_CURVE ( 'NONE', #7, #4735, #3581, .T. ) ;
#3907 = DIRECTION ( 'NONE',  ( 0.000000000000000000, -0.000000000000000000, -1.000000000000000000 ) ) ;
#3908 = ORIENTED_EDGE ( 'NONE', *, *, #3381, .F. ) ;
#3909 = MECHANICAL_DESIGN_GEOMETRIC_PRESENTATION_REPRESENTATION (  '', ( #1303 ), #4175 ) ;
#3910 = ORIENTED_EDGE ( 'NONE', *, *, #1611, .F. ) ;
#3911 = DIRECTION ( 'NONE',  ( 0.6740790871128977679, -0.7386591800803956609, 0.000000000000000000 ) ) ;
#3912 = FACE_OUTER_BOUND ( 'NONE', #4477, .T. ) ;
#3913 = FACE_OUTER_BOUND ( 'NONE', #2294, .T. ) ;
#3914 = PLANE ( 'NONE',  #1518 ) ;
#3915 = EDGE_CURVE ( 'NONE', #3668, #1481, #1832, .T. ) ;
#3916 = ORIENTED_EDGE ( 'NONE', *, *, #5127, .F. ) ;
#3917 = VERTEX_POINT ( 'NONE', #973 ) ;
#3918 = STYLED_ITEM ( 'NONE', ( #3962 ), #5111 ) ;
#3919 = VERTEX_POINT ( 'NONE', #2726 ) ;
#3920 = FACE_OUTER_BOUND ( 'NONE', #553, .T. ) ;
#3921 = AXIS2_PLACEMENT_3D ( 'NONE', #4274, #3028, #3475 ) ;
#3922 = ADVANCED_FACE ( 'NONE', ( #2249 ), #4813, .F. ) ;
#3923 = DIRECTION ( 'NONE',  ( -0.000000000000000000, -1.000000000000000000, -0.000000000000000000 ) ) ;
#3924 = CARTESIAN_POINT ( 'NONE',  ( 1461.353739672122629, 2.220446049250313081E-13, 320.0000000000000000 ) ) ;
#3925 = DIRECTION ( 'NONE',  ( -1.000000000000000000, 0.000000000000000000, 0.000000000000000000 ) ) ;
#3926 = ORIENTED_EDGE ( 'NONE', *, *, #1340, .T. ) ;
#3927 = VERTEX_POINT ( 'NONE', #1949 ) ;
#3928 = CARTESIAN_POINT ( 'NONE',  ( 0.000000000000000000, 0.000000000000000000, -300.0000000000000000 ) ) ;
#3929 =( LENGTH_UNIT ( ) NAMED_UNIT ( * ) SI_UNIT ( .MILLI., .METRE. ) );
#3930 = SURFACE_STYLE_FILL_AREA ( #3683 ) ;
#3931 = ORIENTED_EDGE ( 'NONE', *, *, #5325, .F. ) ;
#3932 = CARTESIAN_POINT ( 'NONE',  ( 859.8430926701264525, 91.61245815494616807, -123.7175590866629449 ) ) ;
#3933 = PLANE ( 'NONE',  #5405 ) ;
#3934 = AXIS2_PLACEMENT_3D ( 'NONE', #1691, #796, #3073 ) ;
#3935 = SURFACE_STYLE_USAGE ( .BOTH. , #2663 ) ;
#3936 = FACE_BOUND ( 'NONE', #969, .T. ) ;
#3937 = DIRECTION ( 'NONE',  ( 1.000000000000000000, 0.000000000000000000, -0.000000000000000000 ) ) ;
#3938 = DIRECTION ( 'NONE',  ( 0.000000000000000000, 1.000000000000000000, 0.000000000000000000 ) ) ;
#3939 = CYLINDRICAL_SURFACE ( 'NONE', #4576, 135.0000000000000000 ) ;
#3940 = EDGE_CURVE ( 'NONE', #3927, #5098, #3136, .T. ) ;
#3941 = VECTOR ( 'NONE', #4507, 1000.000000000000000 ) ;
#3942 = CARTESIAN_POINT ( 'NONE',  ( 0.000000000000000000, -110.0000000000000000, 280.0000000000000000 ) ) ;
#3943 = UNCERTAINTY_MEASURE_WITH_UNIT (LENGTH_MEASURE( 1.000000000000000082E-05 ), #297, 'distance_accuracy_value', 'NONE');
#3944 = DIRECTION ( 'NONE',  ( 1.000000000000000000, 0.000000000000000000, -0.000000000000000000 ) ) ;
#3945 = DIRECTION ( 'NONE',  ( -1.452739571261823934E-15, -1.000000000000000000, 0.000000000000000000 ) ) ;
#3946 =( GEOMETRIC_REPRESENTATION_CONTEXT ( 3 ) GLOBAL_UNCERTAINTY_ASSIGNED_CONTEXT ( ( #2269 ) ) GLOBAL_UNIT_ASSIGNED_CONTEXT ( ( #2452, #5399, #1647 ) ) REPRESENTATION_CONTEXT ( 'NONE', 'WORKASPACE' ) );
#3947 = PRESENTATION_STYLE_ASSIGNMENT (( #2732 ) ) ;
#3948 = DIRECTION ( 'NONE',  ( -0.000000000000000000, -0.000000000000000000, 1.000000000000000000 ) ) ;
#3949 = EDGE_CURVE ( 'NONE', #585, #5389, #5464, .T. ) ;
#3950 = ADVANCED_FACE ( 'NONE', ( #4931 ), #203, .F. ) ;
#3951 = EDGE_CURVE ( 'NONE', #199, #2737, #5331, .T. ) ;
#3952 = DIRECTION ( 'NONE',  ( 1.000000000000000000, 0.000000000000000000, 0.000000000000000000 ) ) ;
#3953 = COLOUR_RGB ( '',0.7921568627450980005, 0.8196078431372548767, 0.9333333333333333481 ) ;
#3954 = PRESENTATION_STYLE_ASSIGNMENT (( #3131 ) ) ;
#3955 = FILL_AREA_STYLE ('',( #4697 ) ) ;
#3956 = PRESENTATION_LAYER_ASSIGNMENT (  '', '', ( #2231 ) ) ;
#3957 =( LENGTH_UNIT ( ) NAMED_UNIT ( * ) SI_UNIT ( .MILLI., .METRE. ) );
#3958 = CARTESIAN_POINT ( 'NONE',  ( 691.5777327430830610, -33.75944134877342151, -300.0000000000000000 ) ) ;
#3959 = SURFACE_SIDE_STYLE ('',( #1568 ) ) ;
#3960 = DIRECTION ( 'NONE',  ( 0.6740790871128977679, -0.7386591800803956609, 0.000000000000000000 ) ) ;
#3961 = VECTOR ( 'NONE', #860, 1000.000000000000000 ) ;
#3962 = PRESENTATION_STYLE_ASSIGNMENT (( #3338 ) ) ;
#3963 = EDGE_LOOP ( 'NONE', ( #4337, #417, #23, #1447 ) ) ;
#3964 = AXIS2_PLACEMENT_3D ( 'NONE', #888, #1704, #1228 ) ;
#3965 = DIRECTION ( 'NONE',  ( 0.000000000000000000, 0.000000000000000000, 1.000000000000000000 ) ) ;
#3966 = CLOSED_SHELL ( 'NONE', ( #5400, #2091, #707, #2139, #335, #4993, #755, #480, #3134, #1833 ) ) ;
#3967 = SURFACE_STYLE_FILL_AREA ( #3402 ) ;
#3968 = ORIENTED_EDGE ( 'NONE', *, *, #2803, .T. ) ;
#3969 = PLANE ( 'NONE',  #1120 ) ;
#3970 = CARTESIAN_POINT ( 'NONE',  ( -17.56018885414601982, 19.24254134127659199, 320.0000000000000000 ) ) ;
#3971 =( NAMED_UNIT ( * ) PLANE_ANGLE_UNIT ( ) SI_UNIT ( $, .RADIAN. ) );
#3972 = AXIS2_PLACEMENT_3D ( 'NONE', #1500, #111, #3204 ) ;
#3973 = FACE_OUTER_BOUND ( 'NONE', #3424, .T. ) ;
#3974 = ORIENTED_EDGE ( 'NONE', *, *, #2300, .T. ) ;
#3975 = EDGE_CURVE ( 'NONE', #585, #1001, #2243, .T. ) ;
#3976 = MANIFOLD_SOLID_BREP ( 'Boss-Extrude21', #2450 ) ;
#3977 = VECTOR ( 'NONE', #3340, 1000.000000000000000 ) ;
#3978 = FILL_AREA_STYLE ('',( #3413 ) ) ;
#3979 = FACE_OUTER_BOUND ( 'NONE', #5264, .T. ) ;
#3980 = ORIENTED_EDGE ( 'NONE', *, *, #37, .F. ) ;
#3981 = AXIS2_PLACEMENT_3D ( 'NONE', #2492, #4956, #267 ) ;
#3982 = ORIENTED_EDGE ( 'NONE', *, *, #1587, .F. ) ;
#3983 = ORIENTED_EDGE ( 'NONE', *, *, #451, .F. ) ;
#3984 = PRESENTATION_STYLE_ASSIGNMENT (( #499 ) ) ;
#3985 = VECTOR ( 'NONE', #4077, 1000.000000000000000 ) ;
#3986 = ORIENTED_EDGE ( 'NONE', *, *, #4515, .T. ) ;
#3987 = ORIENTED_EDGE ( 'NONE', *, *, #3838, .F. ) ;
#3988 = MECHANICAL_DESIGN_GEOMETRIC_PRESENTATION_REPRESENTATION (  '', ( #4076 ), #4521 ) ;
#3989 = CARTESIAN_POINT ( 'NONE',  ( 1500.000000000000000, 0.000000000000000000, -280.0000000000000000 ) ) ;
#3990 = CARTESIAN_POINT ( 'NONE',  ( 1517.560188854146190, 19.24254134127662752, 330.0000000000000000 ) ) ;
#3991 = AXIS2_PLACEMENT_3D ( 'NONE', #4199, #1649, #3357 ) ;
#3992 = DIRECTION ( 'NONE',  ( 0.000000000000000000, 0.000000000000000000, 1.000000000000000000 ) ) ;
#3993 = CARTESIAN_POINT ( 'NONE',  ( -17.56018885414611930, 19.24254134127670213, 320.0000000000000000 ) ) ;
#3994 = DIRECTION ( 'NONE',  ( 0.6376332662165034026, -0.7703400663434777362, 0.000000000000000000 ) ) ;
#3995 = STYLED_ITEM ( 'NONE', ( #344 ), #781 ) ;
#3996 = FACE_OUTER_BOUND ( 'NONE', #2628, .T. ) ;
#3997 = MECHANICAL_DESIGN_GEOMETRIC_PRESENTATION_REPRESENTATION (  '', ( #3617 ), #4924 ) ;
#3998 = UNCERTAINTY_MEASURE_WITH_UNIT (LENGTH_MEASURE( 1.000000000000000082E-05 ), #624, 'distance_accuracy_value', 'NONE');
#3999 = ORIENTED_EDGE ( 'NONE', *, *, #2608, .F. ) ;
#4000 = SURFACE_SIDE_STYLE ('',( #3551 ) ) ;
#4001 = EDGE_CURVE ( 'NONE', #3309, #3859, #1072, .T. ) ;
#4002 = VECTOR ( 'NONE', #423, 1000.000000000000000 ) ;
#4003 = DIRECTION ( 'NONE',  ( -0.000000000000000000, 0.000000000000000000, 1.000000000000000000 ) ) ;
#4004 =( NAMED_UNIT ( * ) PLANE_ANGLE_UNIT ( ) SI_UNIT ( $, .RADIAN. ) );
#4005 = MECHANICAL_DESIGN_GEOMETRIC_PRESENTATION_REPRESENTATION (  '', ( #4790 ), #4279 ) ;
#4006 = DIRECTION ( 'NONE',  ( -1.000000000000000000, 0.000000000000000000, 0.000000000000000000 ) ) ;
#4007 = EDGE_CURVE ( 'NONE', #1764, #1894, #3645, .T. ) ;
#4008 = EDGE_CURVE ( 'NONE', #3591, #3867, #2524, .T. ) ;
#4009 =( GEOMETRIC_REPRESENTATION_CONTEXT ( 3 ) GLOBAL_UNCERTAINTY_ASSIGNED_CONTEXT ( ( #2520 ) ) GLOBAL_UNIT_ASSIGNED_CONTEXT ( ( #3929, #3504, #1333 ) ) REPRESENTATION_CONTEXT ( 'NONE', 'WORKASPACE' ) );
#4010 = EDGE_LOOP ( 'NONE', ( #328, #5505, #3130, #4040, #3664 ) ) ;
#4011 = CARTESIAN_POINT ( 'NONE',  ( 1503.120971213320217, 134.9639193958356884, -280.0000000000000000 ) ) ;
#4012 = DIRECTION ( 'NONE',  ( 0.000000000000000000, 0.000000000000000000, 1.000000000000000000 ) ) ;
#4013 = CIRCLE ( 'NONE', #2499, 16.00000000000001421 ) ;
#4014 = LINE ( 'NONE', #4264, #657 ) ;
#4015 = CARTESIAN_POINT ( 'NONE',  ( 691.5777327430830610, -33.75944134877342151, 300.0000000000000000 ) ) ;
#4016 = ORIENTED_EDGE ( 'NONE', *, *, #600, .T. ) ;
#4017 = AXIS2_PLACEMENT_3D ( 'NONE', #2636, #3883, #830 ) ;
#4018 = VERTEX_POINT ( 'NONE', #1890 ) ;
#4019 = LINE ( 'NONE', #3191, #470 ) ;
#4020 = CARTESIAN_POINT ( 'NONE',  ( 470.5255302723741124, 74.99947420548846821, 280.0000000000000000 ) ) ;
#4021 = ORIENTED_EDGE ( 'NONE', *, *, #3009, .F. ) ;
#4022 = FILL_AREA_STYLE ('',( #2796 ) ) ;
#4023 = EDGE_LOOP ( 'NONE', ( #1831, #5453, #46, #3098 ) ) ;
#4024 = FILL_AREA_STYLE_COLOUR ( '', #3799 ) ;
#4025 = CARTESIAN_POINT ( 'NONE',  ( -40.80756529893636753, -49.02021348074790552, 320.0000000000000000 ) ) ;
#4026 = FACE_OUTER_BOUND ( 'NONE', #5002, .T. ) ;
#4027 = EDGE_LOOP ( 'NONE', ( #4929, #1870, #5008, #5343 ) ) ;
#4028 = ORIENTED_EDGE ( 'NONE', *, *, #135, .F. ) ;
#4029 = FACE_OUTER_BOUND ( 'NONE', #1063, .T. ) ;
#4030 = ORIENTED_EDGE ( 'NONE', *, *, #1194, .F. ) ;
#4031 = CARTESIAN_POINT ( 'NONE',  ( 691.5777327430830610, -15.26077213197397953, -300.0000000000000000 ) ) ;
#4032 = DIRECTION ( 'NONE',  ( -1.000000000000000000, 0.000000000000000000, 0.000000000000000000 ) ) ;
#4033 = ORIENTED_EDGE ( 'NONE', *, *, #2447, .F. ) ;
#4034 = UNCERTAINTY_MEASURE_WITH_UNIT (LENGTH_MEASURE( 1.000000000000000082E-05 ), #4187, 'distance_accuracy_value', 'NONE');
#4035 = PRESENTATION_LAYER_ASSIGNMENT (  '', '', ( #2918 ) ) ;
#4036 = PRESENTATION_STYLE_ASSIGNMENT (( #883 ) ) ;
#4037 = EDGE_CURVE ( 'NONE', #4771, #4450, #3705, .T. ) ;
#4038 = EDGE_LOOP ( 'NONE', ( #397, #3048, #5208, #719 ) ) ;
#4039 = DIRECTION ( 'NONE',  ( 1.000000000000000000, 0.000000000000000000, 0.000000000000000000 ) ) ;
#4040 = ORIENTED_EDGE ( 'NONE', *, *, #5156, .F. ) ;
#4041 = MECHANICAL_DESIGN_GEOMETRIC_PRESENTATION_REPRESENTATION (  '', ( #4491 ), #881 ) ;
#4042 =( NAMED_UNIT ( * ) PLANE_ANGLE_UNIT ( ) SI_UNIT ( $, .RADIAN. ) );
#4043 = VECTOR ( 'NONE', #503, 1000.000000000000114 ) ;
#4044 = DIRECTION ( 'NONE',  ( -0.000000000000000000, -0.000000000000000000, -1.000000000000000000 ) ) ;
#4045 = DIRECTION ( 'NONE',  ( 1.000000000000000000, 0.000000000000000000, 0.000000000000000000 ) ) ;
#4046 = DIRECTION ( 'NONE',  ( 0.000000000000000000, -1.000000000000000000, 0.000000000000000000 ) ) ;
#4047 = DIRECTION ( 'NONE',  ( 0.000000000000000000, -0.000000000000000000, -1.000000000000000000 ) ) ;
#4048 = ORIENTED_EDGE ( 'NONE', *, *, #3770, .T. ) ;
#4049 = SURFACE_SIDE_STYLE ('',( #692 ) ) ;
#4050 = CARTESIAN_POINT ( 'NONE',  ( 1500.000000000000000, 100.0000000000000000, 280.0000000000000000 ) ) ;
#4051 = VECTOR ( 'NONE', #3794, 1000.000000000000227 ) ;
#4052 = CIRCLE ( 'NONE', #436, 14.99999999999990230 ) ;
#4053 = DIRECTION ( 'NONE',  ( -1.000000000000000000, 0.000000000000000000, 0.000000000000000000 ) ) ;
#4054 = DIRECTION ( 'NONE',  ( -1.000000000000000000, 0.000000000000000000, 0.000000000000000000 ) ) ;
#4055 = CARTESIAN_POINT ( 'NONE',  ( 0.000000000000000000, 89.61245815494616807, 0.000000000000000000 ) ) ;
#4056 = CARTESIAN_POINT ( 'NONE',  ( 459.6301667379777314, 70.00000000000000000, 300.0000000000000000 ) ) ;
#4057 =( GEOMETRIC_REPRESENTATION_CONTEXT ( 3 ) GLOBAL_UNCERTAINTY_ASSIGNED_CONTEXT ( ( #4197 ) ) GLOBAL_UNIT_ASSIGNED_CONTEXT ( ( #2516, #1665, #1186 ) ) REPRESENTATION_CONTEXT ( 'NONE', 'WORKASPACE' ) );
#4058 = SURFACE_STYLE_FILL_AREA ( #3452 ) ;
#4059 = CARTESIAN_POINT ( 'NONE',  ( 619.2314678319288532, 91.61245815494616807, -175.8942926348141498 ) ) ;
#4060 = UNCERTAINTY_MEASURE_WITH_UNIT (LENGTH_MEASURE( 1.000000000000000082E-05 ), #3018, 'distance_accuracy_value', 'NONE');
#4061 = DIRECTION ( 'NONE',  ( -0.000000000000000000, 1.000000000000000000, 0.000000000000000000 ) ) ;
#4062 = ORIENTED_EDGE ( 'NONE', *, *, #1748, .F. ) ;
#4063 = CARTESIAN_POINT ( 'NONE',  ( 1500.000000000000000, 0.000000000000000000, -380.0000000000000000 ) ) ;
#4064 = ORIENTED_EDGE ( 'NONE', *, *, #5468, .F. ) ;
#4065 = AXIS2_PLACEMENT_3D ( 'NONE', #2699, #4707, #460 ) ;
#4066 = LINE ( 'NONE', #2980, #3754 ) ;
#4067 = CARTESIAN_POINT ( 'NONE',  ( 429.6301667379777314, 70.00000000000000000, -300.0000000000000000 ) ) ;
#4068 = PLANE ( 'NONE',  #5146 ) ;
#4069 = EDGE_CURVE ( 'NONE', #1958, #4565, #144, .T. ) ;
#4070 = CYLINDRICAL_SURFACE ( 'NONE', #2382, 16.00000000000001421 ) ;
#4071 = PLANE ( 'NONE',  #4179 ) ;
#4072 = FILL_AREA_STYLE ('',( #2430 ) ) ;
#4073 = PRESENTATION_STYLE_ASSIGNMENT (( #4317 ) ) ;
#4074 = LINE ( 'NONE', #2040, #1537 ) ;
#4075 = CARTESIAN_POINT ( 'NONE',  ( 249.6301667379776461, 70.00000000000000000, 300.0000000000000000 ) ) ;
#4076 = STYLED_ITEM ( 'NONE', ( #3050 ), #4921 ) ;
#4077 = DIRECTION ( 'NONE',  ( 0.000000000000000000, -1.000000000000000000, 0.000000000000000000 ) ) ;
#4078 = CARTESIAN_POINT ( 'NONE',  ( 1484.000000000000000, 0.000000000000000000, -330.0000000000000000 ) ) ;
#4079 =( NAMED_UNIT ( * ) PLANE_ANGLE_UNIT ( ) SI_UNIT ( $, .RADIAN. ) );
#4080 = FACE_OUTER_BOUND ( 'NONE', #4423, .T. ) ;
#4081 = SURFACE_STYLE_FILL_AREA ( #5200 ) ;
#4082 = FILL_AREA_STYLE ('',( #3274 ) ) ;
#4083 = ORIENTED_EDGE ( 'NONE', *, *, #4609, .F. ) ;
#4084 = DIRECTION ( 'NONE',  ( 1.000000000000000000, 0.000000000000000000, 0.000000000000000000 ) ) ;
#4085 = DIRECTION ( 'NONE',  ( 0.000000000000000000, 1.000000000000000000, 0.000000000000000000 ) ) ;
#4086 = ORIENTED_EDGE ( 'NONE', *, *, #2924, .F. ) ;
#4087 = LINE ( 'NONE', #2860, #4721 ) ;
#4088 = ORIENTED_EDGE ( 'NONE', *, *, #1569, .T. ) ;
#4089 =( NAMED_UNIT ( * ) SI_UNIT ( $, .STERADIAN. ) SOLID_ANGLE_UNIT ( ) );
#4090 = ORIENTED_EDGE ( 'NONE', *, *, #1920, .F. ) ;
#4091 = AXIS2_PLACEMENT_3D ( 'NONE', #2590, #5486, #446 ) ;
#4092 = SURFACE_STYLE_USAGE ( .BOTH. , #4508 ) ;
#4093 = FILL_AREA_STYLE ('',( #3264 ) ) ;
#4094 = EDGE_LOOP ( 'NONE', ( #5067, #349, #3733, #2905 ) ) ;
#4095 =( LENGTH_UNIT ( ) NAMED_UNIT ( * ) SI_UNIT ( .MILLI., .METRE. ) );
#4096 = DIRECTION ( 'NONE',  ( -0.7386591800803956609, -0.6740790871128977679, 0.000000000000000000 ) ) ;
#4097 = ORIENTED_EDGE ( 'NONE', *, *, #1812, .T. ) ;
#4098 = SURFACE_STYLE_FILL_AREA ( #2089 ) ;
#4099 = AXIS2_PLACEMENT_3D ( 'NONE', #1055, #4847, #5300 ) ;
#4100 = DIRECTION ( 'NONE',  ( 1.000000000000000000, 0.000000000000000000, 0.000000000000000000 ) ) ;
#4101 = EDGE_CURVE ( 'NONE', #4560, #5369, #4598, .T. ) ;
#4102 = ORIENTED_EDGE ( 'NONE', *, *, #5328, .T. ) ;
#4103 = DIRECTION ( 'NONE',  ( 0.000000000000000000, 0.000000000000000000, 1.000000000000000000 ) ) ;
#4104 = CARTESIAN_POINT ( 'NONE',  ( 0.000000000000000000, 100.0000000000000000, -280.0000000000000000 ) ) ;
#4105 = DIRECTION ( 'NONE',  ( -0.000000000000000000, -0.000000000000000000, 1.000000000000000000 ) ) ;
#4106 = MECHANICAL_DESIGN_GEOMETRIC_PRESENTATION_REPRESENTATION (  '', ( #2221 ), #3946 ) ;
#4107 = EDGE_LOOP ( 'NONE', ( #1509, #682, #3657, #619 ) ) ;
#4108 = ORIENTED_EDGE ( 'NONE', *, *, #2265, .F. ) ;
#4109 = EDGE_CURVE ( 'NONE', #4796, #45, #21, .T. ) ;
#4110 = COLOUR_RGB ( '',1.000000000000000000, 1.000000000000000000, 0.000000000000000000 ) ;
#4111 = EDGE_CURVE ( 'NONE', #1325, #3226, #1484, .T. ) ;
#4112 = FILL_AREA_STYLE ('',( #570 ) ) ;
#4113 = STYLED_ITEM ( 'NONE', ( #785 ), #5378 ) ;
#4114 = DIRECTION ( 'NONE',  ( 1.000000000000000000, 0.000000000000000000, 0.000000000000000000 ) ) ;
#4115 = ORIENTED_EDGE ( 'NONE', *, *, #2884, .F. ) ;
#4116 = PRESENTATION_STYLE_ASSIGNMENT (( #2864 ) ) ;
#4117 = CARTESIAN_POINT ( 'NONE',  ( 907.0854269245697878, 91.61245815494616807, 175.8942926348142066 ) ) ;
#4118 = EDGE_LOOP ( 'NONE', ( #510, #4225, #1872, #292 ) ) ;
#4119 = DIRECTION ( 'NONE',  ( -0.000000000000000000, 1.000000000000000000, -0.000000000000000000 ) ) ;
#4120 = FACE_OUTER_BOUND ( 'NONE', #4677, .T. ) ;
#4121 = CARTESIAN_POINT ( 'NONE',  ( 1500.000000000000000, 0.000000000000000000, 330.0000000000000000 ) ) ;
#4122 = VERTEX_POINT ( 'NONE', #1909 ) ;
#4123 = PLANE ( 'NONE',  #1111 ) ;
#4124 = VECTOR ( 'NONE', #4819, 1000.000000000000000 ) ;
#4125 = AXIS2_PLACEMENT_3D ( 'NONE', #831, #3487, #3856 ) ;
#4126 = ADVANCED_FACE ( 'NONE', ( #3973 ), #3522, .F. ) ;
#4127 = DIRECTION ( 'NONE',  ( 0.000000000000000000, 0.000000000000000000, 1.000000000000000000 ) ) ;
#4128 = DIRECTION ( 'NONE',  ( 0.000000000000000000, 0.000000000000000000, 1.000000000000000000 ) ) ;
#4129 = SURFACE_STYLE_FILL_AREA ( #4586 ) ;
#4130 = CARTESIAN_POINT ( 'NONE',  ( 806.2118054896012609, -15.26077213197414650, -448.3351875541625304 ) ) ;
#4131 = CARTESIAN_POINT ( 'NONE',  ( -14.99999999999991118, -1.836970198721018939E-15, 450.0000000000000000 ) ) ;
#4132 = SURFACE_STYLE_FILL_AREA ( #5175 ) ;
#4133 = ORIENTED_EDGE ( 'NONE', *, *, #2493, .T. ) ;
#4134 = CARTESIAN_POINT ( 'NONE',  ( 691.5777327430830610, -161.3648997254208268, -45.29195697192869829 ) ) ;
#4135 = CLOSED_SHELL ( 'NONE', ( #1201, #900, #3404, #2686 ) ) ;
#4136 = EDGE_CURVE ( 'NONE', #2003, #1958, #3576, .T. ) ;
#4137 = COLOUR_RGB ( '',0.7921568627450980005, 0.8196078431372548767, 0.9333333333333333481 ) ;
#4138 = DIRECTION ( 'NONE',  ( -1.000000000000000000, 0.000000000000000000, 0.000000000000000000 ) ) ;
#4139 = MECHANICAL_DESIGN_GEOMETRIC_PRESENTATION_REPRESENTATION (  '', ( #5363 ), #4417 ) ;
#4140 = VERTEX_POINT ( 'NONE', #524 ) ;
#4141 = CARTESIAN_POINT ( 'NONE',  ( 470.5255302723741124, 89.61245815494616807, 280.0000000000000000 ) ) ;
#4142 = CARTESIAN_POINT ( 'NONE',  ( 279.6301667379776745, 70.00000000000000000, -300.0000000000000000 ) ) ;
#4143 = CIRCLE ( 'NONE', #5370, 100.0000000000000000 ) ;
#4144 = CARTESIAN_POINT ( 'NONE',  ( 715.9415165299158161, 89.61245815494616807, 24.55957348493370418 ) ) ;
#4145 = DIRECTION ( 'NONE',  ( -1.452739571261823934E-15, -1.000000000000000000, 0.000000000000000000 ) ) ;
#4146 = VECTOR ( 'NONE', #3563, 1000.000000000000000 ) ;
#4147 = DIRECTION ( 'NONE',  ( -0.000000000000000000, -0.000000000000000000, -1.000000000000000000 ) ) ;
#4148 = FILL_AREA_STYLE_COLOUR ( '', #3185 ) ;
#4149 = ADVANCED_FACE ( 'NONE', ( #3913 ), #3247, .T. ) ;
#4150 = ORIENTED_EDGE ( 'NONE', *, *, #269, .T. ) ;
#4151 = DIRECTION ( 'NONE',  ( -1.000000000000000000, 0.000000000000000000, 0.000000000000000000 ) ) ;
#4152 = EDGE_CURVE ( 'NONE', #1144, #3324, #736, .T. ) ;
#4153 = CARTESIAN_POINT ( 'NONE',  ( 1500.000000000000000, 0.000000000000000000, -380.0000000000000000 ) ) ;
#4154 = VERTEX_POINT ( 'NONE', #637 ) ;
#4155 = CARTESIAN_POINT ( 'NONE',  ( 1484.000000000000000, 0.000000000000000000, 330.0000000000000000 ) ) ;
#4156 = UNCERTAINTY_MEASURE_WITH_UNIT (LENGTH_MEASURE( 1.000000000000000082E-05 ), #4286, 'distance_accuracy_value', 'NONE');
#4157 = SURFACE_STYLE_USAGE ( .BOTH. , #150 ) ;
#4158 = SURFACE_SIDE_STYLE ('',( #1927 ) ) ;
#4159 = VECTOR ( 'NONE', #5446, 1000.000000000000000 ) ;
#4160 = DIRECTION ( 'NONE',  ( 0.000000000000000000, -0.000000000000000000, -1.000000000000000000 ) ) ;
#4161 = ORIENTED_EDGE ( 'NONE', *, *, #1417, .F. ) ;
#4162 = MECHANICAL_DESIGN_GEOMETRIC_PRESENTATION_REPRESENTATION (  '', ( #4470 ), #1874 ) ;
#4163 = ORIENTED_EDGE ( 'NONE', *, *, #444, .T. ) ;
#4164 = VERTEX_POINT ( 'NONE', #4731 ) ;
#4165 = CARTESIAN_POINT ( 'NONE',  ( -40.80756529893636753, 0.000000000000000000, 320.0000000000000000 ) ) ;
#4166 = COLOUR_RGB ( '',0.7921568627450980005, 0.8196078431372548767, 0.9333333333333333481 ) ;
#4167 = CIRCLE ( 'NONE', #4882, 30.00000000000002842 ) ;
#4168 = EDGE_CURVE ( 'NONE', #1673, #4494, #2993, .T. ) ;
#4169 = ADVANCED_FACE ( 'NONE', ( #4026 ), #3933, .F. ) ;
#4170 = ORIENTED_EDGE ( 'NONE', *, *, #3282, .T. ) ;
#4171 = CARTESIAN_POINT ( 'NONE',  ( 0.000000000000000000, -49.02021348074790552, 320.0000000000000000 ) ) ;
#4172 =( LENGTH_UNIT ( ) NAMED_UNIT ( * ) SI_UNIT ( .MILLI., .METRE. ) );
#4173 = DIRECTION ( 'NONE',  ( -1.000000000000000000, 0.000000000000000000, 0.000000000000000000 ) ) ;
#4174 = VECTOR ( 'NONE', #1527, 1000.000000000000000 ) ;
#4175 =( GEOMETRIC_REPRESENTATION_CONTEXT ( 3 ) GLOBAL_UNCERTAINTY_ASSIGNED_CONTEXT ( ( #4389 ) ) GLOBAL_UNIT_ASSIGNED_CONTEXT ( ( #628, #1566, #2879 ) ) REPRESENTATION_CONTEXT ( 'NONE', 'WORKASPACE' ) );
#4176 =( NAMED_UNIT ( * ) PLANE_ANGLE_UNIT ( ) SI_UNIT ( $, .RADIAN. ) );
#4177 = ADVANCED_FACE ( 'NONE', ( #3061 ), #1090, .F. ) ;
#4178 = FILL_AREA_STYLE ('',( #1203 ) ) ;
#4179 = AXIS2_PLACEMENT_3D ( 'NONE', #1465, #621, #268 ) ;
#4180 = ORIENTED_EDGE ( 'NONE', *, *, #5509, .T. ) ;
#4181 = AXIS2_PLACEMENT_3D ( 'NONE', #4345, #3144, #4748 ) ;
#4182 = CARTESIAN_POINT ( 'NONE',  ( 859.8430926701265662, 91.61245815494616807, 175.8942926348142066 ) ) ;
#4183 = VERTEX_POINT ( 'NONE', #2853 ) ;
#4184 = DIRECTION ( 'NONE',  ( -1.000000000000000000, 0.000000000000000000, 0.000000000000000000 ) ) ;
#4185 = SURFACE_STYLE_FILL_AREA ( #367 ) ;
#4186 = SURFACE_SIDE_STYLE ('',( #4838 ) ) ;
#4187 =( LENGTH_UNIT ( ) NAMED_UNIT ( * ) SI_UNIT ( .MILLI., .METRE. ) );
#4188 = ORIENTED_EDGE ( 'NONE', *, *, #485, .T. ) ;
#4189 = SURFACE_STYLE_FILL_AREA ( #4112 ) ;
#4190 =( NAMED_UNIT ( * ) PLANE_ANGLE_UNIT ( ) SI_UNIT ( $, .RADIAN. ) );
#4191 = VERTEX_POINT ( 'NONE', #1688 ) ;
#4192 = ORIENTED_EDGE ( 'NONE', *, *, #3590, .T. ) ;
#4193 = MECHANICAL_DESIGN_GEOMETRIC_PRESENTATION_REPRESENTATION (  '', ( #5381 ), #1629 ) ;
#4194 = SURFACE_STYLE_FILL_AREA ( #2098 ) ;
#4195 = FACE_OUTER_BOUND ( 'NONE', #1062, .T. ) ;
#4196 = PRESENTATION_STYLE_ASSIGNMENT (( #443 ) ) ;
#4197 = UNCERTAINTY_MEASURE_WITH_UNIT (LENGTH_MEASURE( 1.000000000000000082E-05 ), #2516, 'distance_accuracy_value', 'NONE');
#4198 = CARTESIAN_POINT ( 'NONE',  ( 470.5255302723741124, 74.99947420548846821, 280.0000000000000000 ) ) ;
#4199 = CARTESIAN_POINT ( 'NONE',  ( 1220.369833262022212, 70.00000000000000000, -300.0000000000000000 ) ) ;
#4200 = STYLED_ITEM ( 'NONE', ( #4322 ), #1736 ) ;
#4201 = FILL_AREA_STYLE_COLOUR ( '', #2363 ) ;
#4202 = CARTESIAN_POINT ( 'NONE',  ( 0.000000000000000000, 0.000000000000000000, -280.0000000000000000 ) ) ;
#4203 = EDGE_CURVE ( 'NONE', #2003, #5285, #2517, .T. ) ;
#4204 = FILL_AREA_STYLE ('',( #2504 ) ) ;
#4205 = SURFACE_STYLE_FILL_AREA ( #4246 ) ;
#4206 = ADVANCED_FACE ( 'NONE', ( #1002 ), #2083, .F. ) ;
#4207 = AXIS2_PLACEMENT_3D ( 'NONE', #143, #2769, #1849 ) ;
#4208 = FILL_AREA_STYLE ('',( #3386 ) ) ;
#4209 = EDGE_CURVE ( 'NONE', #5260, #3489, #4342, .T. ) ;
#4210 = DIRECTION ( 'NONE',  ( 0.000000000000000000, -0.000000000000000000, 1.000000000000000000 ) ) ;
#4211 = VERTEX_POINT ( 'NONE', #1299 ) ;
#4212 = EDGE_CURVE ( 'NONE', #3474, #4154, #2161, .T. ) ;
#4213 = VECTOR ( 'NONE', #1676, 1000.000000000000000 ) ;
#4214 = DIRECTION ( 'NONE',  ( -1.000000000000000000, 0.000000000000000000, 0.000000000000000000 ) ) ;
#4215 = ORIENTED_EDGE ( 'NONE', *, *, #1720, .F. ) ;
#4216 = ORIENTED_EDGE ( 'NONE', *, *, #2023, .F. ) ;
#4217 = DIRECTION ( 'NONE',  ( 1.000000000000000000, 0.000000000000000000, 0.000000000000000000 ) ) ;
#4218 = DIRECTION ( 'NONE',  ( 0.000000000000000000, 1.000000000000000000, 0.000000000000000000 ) ) ;
#4219 =( NAMED_UNIT ( * ) SI_UNIT ( $, .STERADIAN. ) SOLID_ANGLE_UNIT ( ) );
#4220 = VECTOR ( 'NONE', #5483, 1000.000000000000000 ) ;
#4221 = SURFACE_STYLE_FILL_AREA ( #3955 ) ;
#4222 = PLANE ( 'NONE',  #3801 ) ;
#4223 = ORIENTED_EDGE ( 'NONE', *, *, #4007, .T. ) ;
#4224 =( NAMED_UNIT ( * ) PLANE_ANGLE_UNIT ( ) SI_UNIT ( $, .RADIAN. ) );
#4225 = ORIENTED_EDGE ( 'NONE', *, *, #3550, .T. ) ;
#4226 = CARTESIAN_POINT ( 'NONE',  ( 818.8953879297326921, 1.217749339177641439E-13, 300.0000000000000000 ) ) ;
#4227 = ORIENTED_EDGE ( 'NONE', *, *, #3326, .F. ) ;
#4228 = SURFACE_STYLE_USAGE ( .BOTH. , #782 ) ;
#4229 = LINE ( 'NONE', #5238, #3139 ) ;
#4230 = AXIS2_PLACEMENT_3D ( 'NONE', #3535, #1836, #5209 ) ;
#4231 = DIRECTION ( 'NONE',  ( -1.000000000000000000, 0.000000000000000000, 0.000000000000000000 ) ) ;
#4232 = UNCERTAINTY_MEASURE_WITH_UNIT (LENGTH_MEASURE( 1.000000000000000082E-05 ), #5263, 'distance_accuracy_value', 'NONE');
#4233 = ORIENTED_EDGE ( 'NONE', *, *, #2778, .F. ) ;
#4234 = VECTOR ( 'NONE', #282, 1000.000000000000000 ) ;
#4235 = ADVANCED_FACE ( 'NONE', ( #4588 ), #3451, .T. ) ;
#4236 = COLOUR_RGB ( '',1.000000000000000000, 1.000000000000000000, 0.000000000000000000 ) ;
#4237 =( LENGTH_UNIT ( ) NAMED_UNIT ( * ) SI_UNIT ( .MILLI., .METRE. ) );
#4238 = DIRECTION ( 'NONE',  ( 1.000000000000000000, 0.000000000000000000, 0.000000000000000000 ) ) ;
#4239 = ORIENTED_EDGE ( 'NONE', *, *, #3114, .T. ) ;
#4240 = ORIENTED_EDGE ( 'NONE', *, *, #4474, .T. ) ;
#4241 = CIRCLE ( 'NONE', #71, 30.00000000000002842 ) ;
#4242 = CARTESIAN_POINT ( 'NONE',  ( 619.2314678319289669, 91.61245815494616807, -123.7175590866629449 ) ) ;
#4243 = AXIS2_PLACEMENT_3D ( 'NONE', #1563, #3307, #2915 ) ;
#4244 = SURFACE_STYLE_USAGE ( .BOTH. , #389 ) ;
#4245 = EDGE_CURVE ( 'NONE', #2515, #4747, #329, .T. ) ;
#4246 = FILL_AREA_STYLE ('',( #3879 ) ) ;
#4247 = ORIENTED_EDGE ( 'NONE', *, *, #242, .F. ) ;
#4248 = DIRECTION ( 'NONE',  ( 0.000000000000000000, 0.000000000000000000, -1.000000000000000000 ) ) ;
#4249 = AXIS2_PLACEMENT_3D ( 'NONE', #5360, #2448, #4138 ) ;
#4250 = LINE ( 'NONE', #3830, #4375 ) ;
#4251 = VERTEX_POINT ( 'NONE', #3045 ) ;
#4252 = ADVANCED_FACE ( 'NONE', ( #1271 ), #3874, .F. ) ;
#4253 = PRESENTATION_STYLE_ASSIGNMENT (( #3568 ) ) ;
#4254 = FACE_OUTER_BOUND ( 'NONE', #5181, .T. ) ;
#4255 =( NAMED_UNIT ( * ) PLANE_ANGLE_UNIT ( ) SI_UNIT ( $, .RADIAN. ) );
#4256 = MECHANICAL_DESIGN_GEOMETRIC_PRESENTATION_REPRESENTATION (  '', ( #2857 ), #1582 ) ;
#4257 = DIRECTION ( 'NONE',  ( -0.000000000000000000, 0.000000000000000000, -1.000000000000000000 ) ) ;
#4258 = ORIENTED_EDGE ( 'NONE', *, *, #2591, .F. ) ;
#4259 = DIRECTION ( 'NONE',  ( -0.000000000000000000, 0.000000000000000000, -1.000000000000000000 ) ) ;
#4260 = LINE ( 'NONE', #2195, #4512 ) ;
#4261 = DIRECTION ( 'NONE',  ( 0.7386591800803956609, -0.6740790871128977679, 0.000000000000000000 ) ) ;
#4262 = EDGE_CURVE ( 'NONE', #257, #3709, #2592, .T. ) ;
#4263 = ADVANCED_FACE ( 'NONE', ( #3636 ), #4714, .T. ) ;
#4264 = CARTESIAN_POINT ( 'NONE',  ( 1461.353739672122629, 2.220446049250313081E-13, 380.0000000000000000 ) ) ;
#4265 = ORIENTED_EDGE ( 'NONE', *, *, #4647, .F. ) ;
#4266 = CARTESIAN_POINT ( 'NONE',  ( 806.2118054896012609, -161.3648997254208268, -45.29195697192869829 ) ) ;
#4267 = PRESENTATION_LAYER_ASSIGNMENT (  '', '', ( #2208 ) ) ;
#4268 = PLANE ( 'NONE',  #1818 ) ;
#4269 = CARTESIAN_POINT ( 'NONE',  ( -100.0000000000000000, 1.224646799147353217E-14, -300.0000000000000000 ) ) ;
#4270 = VECTOR ( 'NONE', #1066, 1000.000000000000000 ) ;
#4271 = DIRECTION ( 'NONE',  ( -2.127812435020657618E-15, 0.000000000000000000, 1.000000000000000000 ) ) ;
#4272 = STYLED_ITEM ( 'NONE', ( #2154 ), #1805 ) ;
#4273 = LINE ( 'NONE', #5356, #2584 ) ;
#4274 = CARTESIAN_POINT ( 'NONE',  ( 1500.000000000000000, 0.000000000000000000, 450.0000000000000000 ) ) ;
#4275 = PLANE ( 'NONE',  #794 ) ;
#4276 = FILL_AREA_STYLE ('',( #1284 ) ) ;
#4277 = EDGE_CURVE ( 'NONE', #290, #3163, #1873, .T. ) ;
#4278 = CARTESIAN_POINT ( 'NONE',  ( 678.8941503029516298, 2.883083876115375998E-13, -448.3351875541625304 ) ) ;
#4279 =( GEOMETRIC_REPRESENTATION_CONTEXT ( 3 ) GLOBAL_UNCERTAINTY_ASSIGNED_CONTEXT ( ( #2859 ) ) GLOBAL_UNIT_ASSIGNED_CONTEXT ( ( #702, #4176, #5395 ) ) REPRESENTATION_CONTEXT ( 'NONE', 'WORKASPACE' ) );
#4280 = CIRCLE ( 'NONE', #3469, 110.0000000000000000 ) ;
#4281 = CARTESIAN_POINT ( 'NONE',  ( 1540.807565298936424, -49.02021348074790552, -320.0000000000000000 ) ) ;
#4282 = EDGE_CURVE ( 'NONE', #4922, #3543, #1622, .T. ) ;
#4283 = CARTESIAN_POINT ( 'NONE',  ( -40.80756529893636753, 0.000000000000000000, 320.0000000000000000 ) ) ;
#4284 = EDGE_CURVE ( 'NONE', #1481, #3226, #1199, .T. ) ;
#4285 = ORIENTED_EDGE ( 'NONE', *, *, #2188, .T. ) ;
#4286 =( LENGTH_UNIT ( ) NAMED_UNIT ( * ) SI_UNIT ( .MILLI., .METRE. ) );
#4287 = PRESENTATION_STYLE_ASSIGNMENT (( #2639 ) ) ;
#4288 = LINE ( 'NONE', #1520, #5392 ) ;
#4289 = AXIS2_PLACEMENT_3D ( 'NONE', #2217, #3937, #5195 ) ;
#4290 = ADVANCED_FACE ( 'NONE', ( #4786 ), #3488, .F. ) ;
#4291 = SURFACE_SIDE_STYLE ('',( #4185 ) ) ;
#4292 = PLANE ( 'NONE',  #930 ) ;
#4293 = DIRECTION ( 'NONE',  ( 1.000000000000000000, 0.000000000000000000, 0.000000000000000000 ) ) ;
#4294 = CARTESIAN_POINT ( 'NONE',  ( 1540.807565298936424, 0.000000000000000000, -380.0000000000000000 ) ) ;
#4295 = ORIENTED_EDGE ( 'NONE', *, *, #722, .T. ) ;
#4296 = CARTESIAN_POINT ( 'NONE',  ( 0.000000000000000000, 0.000000000000000000, 0.000000000000000000 ) ) ;
#4297 = ORIENTED_EDGE ( 'NONE', *, *, #578, .F. ) ;
#4298 =( LENGTH_UNIT ( ) NAMED_UNIT ( * ) SI_UNIT ( .MILLI., .METRE. ) );
#4299 = LINE ( 'NONE', #1660, #420 ) ;
#4300 = LINE ( 'NONE', #4165, #4159 ) ;
#4301 = AXIS2_PLACEMENT_3D ( 'NONE', #1026, #1877, #1505 ) ;
#4302 = CARTESIAN_POINT ( 'NONE',  ( 0.000000000000000000, 0.000000000000000000, -300.0000000000000000 ) ) ;
#4303 = AXIS2_PLACEMENT_3D ( 'NONE', #4059, #1562, #2874 ) ;
#4304 = FILL_AREA_STYLE_COLOUR ( '', #1000 ) ;
#4305 = LINE ( 'NONE', #4991, #5218 ) ;
#4306 = ORIENTED_EDGE ( 'NONE', *, *, #5509, .F. ) ;
#4307 = CARTESIAN_POINT ( 'NONE',  ( 678.8941503029516298, 2.883083876115375998E-13, -448.3351875541625304 ) ) ;
#4308 = DIRECTION ( 'NONE',  ( -0.000000000000000000, -0.000000000000000000, 1.000000000000000000 ) ) ;
#4309 = LINE ( 'NONE', #2299, #5283 ) ;
#4310 = EDGE_CURVE ( 'NONE', #957, #1745, #4656, .T. ) ;
#4311 = DIRECTION ( 'NONE',  ( -0.000000000000000000, -0.000000000000000000, 1.000000000000000000 ) ) ;
#4312 =( NAMED_UNIT ( * ) PLANE_ANGLE_UNIT ( ) SI_UNIT ( $, .RADIAN. ) );
#4313 = MECHANICAL_DESIGN_GEOMETRIC_PRESENTATION_REPRESENTATION (  '', ( #2918 ), #4379 ) ;
#4314 = CARTESIAN_POINT ( 'NONE',  ( 806.2118054896012609, 74.99947420548846821, 45.29195697192869829 ) ) ;
#4315 = ADVANCED_FACE ( 'NONE', ( #5137 ), #2181, .F. ) ;
#4316 = EDGE_CURVE ( 'NONE', #1001, #878, #4019, .T. ) ;
#4317 = SURFACE_STYLE_USAGE ( .BOTH. , #1321 ) ;
#4318 = DIRECTION ( 'NONE',  ( 1.000000000000000000, 0.000000000000000000, 0.000000000000000000 ) ) ;
#4319 = ORIENTED_EDGE ( 'NONE', *, *, #2485, .F. ) ;
#4320 = MECHANICAL_DESIGN_GEOMETRIC_PRESENTATION_REPRESENTATION (  '', ( #3496 ), #498 ) ;
#4321 = VERTEX_POINT ( 'NONE', #3990 ) ;
#4322 = PRESENTATION_STYLE_ASSIGNMENT (( #1567 ) ) ;
#4323 = CARTESIAN_POINT ( 'NONE',  ( 691.5777327430830610, -49.02021348074768525, -300.0000000000000000 ) ) ;
#4324 = AXIS2_PLACEMENT_3D ( 'NONE', #764, #3345, #5125 ) ;
#4325 = DIRECTION ( 'NONE',  ( 0.000000000000000000, 0.000000000000000000, 1.000000000000000000 ) ) ;
#4326 = UNCERTAINTY_MEASURE_WITH_UNIT (LENGTH_MEASURE( 1.000000000000000082E-05 ), #4172, 'distance_accuracy_value', 'NONE');
#4327 = VECTOR ( 'NONE', #3416, 1000.000000000000000 ) ;
#4328 = SURFACE_SIDE_STYLE ('',( #65 ) ) ;
#4329 = SURFACE_STYLE_USAGE ( .BOTH. , #2683 ) ;
#4330 = CARTESIAN_POINT ( 'NONE',  ( 0.000000000000000000, 0.000000000000000000, 450.0000000000000000 ) ) ;
#4331 = MECHANICAL_DESIGN_GEOMETRIC_PRESENTATION_REPRESENTATION (  '', ( #4957 ), #1549 ) ;
#4332 = FACE_OUTER_BOUND ( 'NONE', #1912, .T. ) ;
#4333 = FACE_OUTER_BOUND ( 'NONE', #3784, .T. ) ;
#4334 = DIRECTION ( 'NONE',  ( -0.7386591800803945507, -0.6740790871128988782, 0.000000000000000000 ) ) ;
#4335 = ORIENTED_EDGE ( 'NONE', *, *, #1879, .T. ) ;
#4336 = AXIS2_PLACEMENT_3D ( 'NONE', #5439, #3411, #2582 ) ;
#4337 = ORIENTED_EDGE ( 'NONE', *, *, #733, .F. ) ;
#4338 = ADVANCED_FACE ( 'NONE', ( #4462 ), #1387, .F. ) ;
#4339 = DIRECTION ( 'NONE',  ( 0.000000000000000000, -0.000000000000000000, -1.000000000000000000 ) ) ;
#4340 = CARTESIAN_POINT ( 'NONE',  ( 678.8941503029516298, -49.02021348074768525, -448.3351875541625304 ) ) ;
#4341 = ORIENTED_EDGE ( 'NONE', *, *, #768, .F. ) ;
#4342 = CIRCLE ( 'NONE', #564, 14.99999999999990230 ) ;
#4343 = MECHANICAL_DESIGN_GEOMETRIC_PRESENTATION_REPRESENTATION (  '', ( #1443 ), #875 ) ;
#4344 = FACE_OUTER_BOUND ( 'NONE', #2346, .T. ) ;
#4345 = CARTESIAN_POINT ( 'NONE',  ( 1500.000000000000000, 0.000000000000000000, -450.0000000000000000 ) ) ;
#4346 = ORIENTED_EDGE ( 'NONE', *, *, #258, .F. ) ;
#4347 = CARTESIAN_POINT ( 'NONE',  ( 0.000000000000000000, 0.000000000000000000, -320.0000000000000000 ) ) ;
#4348 = EDGE_CURVE ( 'NONE', #5389, #1759, #5386, .T. ) ;
#4349 = EDGE_LOOP ( 'NONE', ( #1781, #4676, #40, #5481 ) ) ;
#4350 = CARTESIAN_POINT ( 'NONE',  ( 619.2314678319288532, 89.61245815494616807, 175.8942926348141782 ) ) ;
#4351 = CARTESIAN_POINT ( 'NONE',  ( 0.000000000000000000, -135.0000000000000000, -301.0000000000000568 ) ) ;
#4352 = AXIS2_PLACEMENT_3D ( 'NONE', #3649, #5349, #251 ) ;
#4353 = LINE ( 'NONE', #92, #5262 ) ;
#4354 = ORIENTED_EDGE ( 'NONE', *, *, #4152, .T. ) ;
#4355 =( NAMED_UNIT ( * ) SI_UNIT ( $, .STERADIAN. ) SOLID_ANGLE_UNIT ( ) );
#4356 = DIRECTION ( 'NONE',  ( -0.000000000000000000, -0.000000000000000000, 1.000000000000000000 ) ) ;
#4357 = VERTEX_POINT ( 'NONE', #1813 ) ;
#4358 = ORIENTED_EDGE ( 'NONE', *, *, #838, .T. ) ;
#4359 = SURFACE_STYLE_FILL_AREA ( #2309 ) ;
#4360 =( LENGTH_UNIT ( ) NAMED_UNIT ( * ) SI_UNIT ( .MILLI., .METRE. ) );
#4361 = DIRECTION ( 'NONE',  ( -0.000000000000000000, -0.000000000000000000, -1.000000000000000000 ) ) ;
#4362 = PRESENTATION_STYLE_ASSIGNMENT (( #1593 ) ) ;
#4363 = EDGE_CURVE ( 'NONE', #1922, #2727, #3315, .T. ) ;
#4364 = DIRECTION ( 'NONE',  ( 0.7386591800803956609, 0.6740790871128977679, 0.000000000000000000 ) ) ;
#4365 = UNCERTAINTY_MEASURE_WITH_UNIT (LENGTH_MEASURE( 1.000000000000000082E-05 ), #1205, 'distance_accuracy_value', 'NONE');
#4366 = ORIENTED_EDGE ( 'NONE', *, *, #1157, .F. ) ;
#4367 = ADVANCED_FACE ( 'NONE', ( #4850 ), #997, .T. ) ;
#4368 = DIRECTION ( 'NONE',  ( 0.000000000000000000, -1.000000000000000000, 0.000000000000000000 ) ) ;
#4369 = STYLED_ITEM ( 'NONE', ( #1817 ), #798 ) ;
#4370 = VERTEX_POINT ( 'NONE', #1430 ) ;
#4371 = VECTOR ( 'NONE', #598, 1000.000000000000000 ) ;
#4372 = SURFACE_SIDE_STYLE ('',( #4359 ) ) ;
#4373 = ORIENTED_EDGE ( 'NONE', *, *, #5507, .F. ) ;
#4374 = SURFACE_SIDE_STYLE ('',( #2806 ) ) ;
#4375 = VECTOR ( 'NONE', #5112, 1000.000000000000114 ) ;
#4376 = EDGE_CURVE ( 'NONE', #2751, #1728, #141, .T. ) ;
#4377 = COLOUR_RGB ( '',1.000000000000000000, 1.000000000000000000, 0.000000000000000000 ) ;
#4378 = VERTEX_POINT ( 'NONE', #2744 ) ;
#4379 =( GEOMETRIC_REPRESENTATION_CONTEXT ( 3 ) GLOBAL_UNCERTAINTY_ASSIGNED_CONTEXT ( ( #97 ) ) GLOBAL_UNIT_ASSIGNED_CONTEXT ( ( #4654, #3812, #3040 ) ) REPRESENTATION_CONTEXT ( 'NONE', 'WORKASPACE' ) );
#4380 = CARTESIAN_POINT ( 'NONE',  ( 0.000000000000000000, 0.000000000000000000, 320.0000000000000000 ) ) ;
#4381 = EDGE_CURVE ( 'NONE', #2043, #5059, #4280, .T. ) ;
#4382 = EDGE_CURVE ( 'NONE', #3489, #5260, #1136, .T. ) ;
#4383 = ORIENTED_EDGE ( 'NONE', *, *, #3418, .T. ) ;
#4384 = CARTESIAN_POINT ( 'NONE',  ( 470.5255302723741124, 89.61245815494616807, 280.0000000000000000 ) ) ;
#4385 = AXIS2_PLACEMENT_3D ( 'NONE', #4692, #5101, #4730 ) ;
#4386 = LINE ( 'NONE', #1349, #3291 ) ;
#4387 = AXIS2_PLACEMENT_3D ( 'NONE', #3254, #3308, #296 ) ;
#4388 = SURFACE_SIDE_STYLE ('',( #151 ) ) ;
#4389 = UNCERTAINTY_MEASURE_WITH_UNIT (LENGTH_MEASURE( 1.000000000000000082E-05 ), #628, 'distance_accuracy_value', 'NONE');
#4390 = PLANE ( 'NONE',  #4207 ) ;
#4391 = CARTESIAN_POINT ( 'NONE',  ( 806.2118054896012609, -49.02021348074790552, 300.0000000000000000 ) ) ;
#4392 = PRESENTATION_STYLE_ASSIGNMENT (( #2679 ) ) ;
#4393 = ORIENTED_EDGE ( 'NONE', *, *, #4136, .F. ) ;
#4394 = DIRECTION ( 'NONE',  ( -0.000000000000000000, -0.000000000000000000, 1.000000000000000000 ) ) ;
#4395 = SURFACE_STYLE_FILL_AREA ( #4469 ) ;
#4396 = CARTESIAN_POINT ( 'NONE',  ( 806.2118054896012609, 1.217749339177641439E-13, -448.3351875541625304 ) ) ;
#4397 = AXIS2_PLACEMENT_3D ( 'NONE', #4926, #2378, #277 ) ;
#4398 = ORIENTED_EDGE ( 'NONE', *, *, #3848, .T. ) ;
#4399 = ORIENTED_EDGE ( 'NONE', *, *, #586, .T. ) ;
#4400 = FACE_OUTER_BOUND ( 'NONE', #5317, .T. ) ;
#4401 =( NAMED_UNIT ( * ) PLANE_ANGLE_UNIT ( ) SI_UNIT ( $, .RADIAN. ) );
#4402 = ORIENTED_EDGE ( 'NONE', *, *, #4203, .T. ) ;
#4403 = FACE_OUTER_BOUND ( 'NONE', #2562, .T. ) ;
#4404 = CARTESIAN_POINT ( 'NONE',  ( 1040.369833262022439, 70.00000000000000000, -300.0000000000000000 ) ) ;
#4405 = VECTOR ( 'NONE', #2199, 1000.000000000000000 ) ;
#4406 = EDGE_CURVE ( 'NONE', #5369, #2118, #2432, .T. ) ;
#4407 = EDGE_LOOP ( 'NONE', ( #14, #5145, #3218, #910 ) ) ;
#4408 = FACE_OUTER_BOUND ( 'NONE', #1697, .T. ) ;
#4409 = CARTESIAN_POINT ( 'NONE',  ( 806.2118054896012609, 74.99947420548846821, -45.29195697192869829 ) ) ;
#4410 = ORIENTED_EDGE ( 'NONE', *, *, #3915, .T. ) ;
#4411 = DIRECTION ( 'NONE',  ( -0.000000000000000000, 1.000000000000000000, -0.000000000000000000 ) ) ;
#4412 = ORIENTED_EDGE ( 'NONE', *, *, #1889, .F. ) ;
#4413 = CARTESIAN_POINT ( 'NONE',  ( 1500.000000000000000, 0.000000000000000000, -330.0000000000000000 ) ) ;
#4414 = EDGE_CURVE ( 'NONE', #484, #2648, #729, .T. ) ;
#4415 = CARTESIAN_POINT ( 'NONE',  ( 100.0000000000000000, 0.000000000000000000, -300.0000000000000000 ) ) ;
#4416 = VERTEX_POINT ( 'NONE', #4765 ) ;
#4417 =( GEOMETRIC_REPRESENTATION_CONTEXT ( 3 ) GLOBAL_UNCERTAINTY_ASSIGNED_CONTEXT ( ( #3210 ) ) GLOBAL_UNIT_ASSIGNED_CONTEXT ( ( #2393, #3742, #4964 ) ) REPRESENTATION_CONTEXT ( 'NONE', 'WORKASPACE' ) );
#4418 = DIRECTION ( 'NONE',  ( -0.000000000000000000, -0.000000000000000000, -1.000000000000000000 ) ) ;
#4419 = ORIENTED_EDGE ( 'NONE', *, *, #100, .F. ) ;
#4420 = LINE ( 'NONE', #4579, #3201 ) ;
#4421 = VECTOR ( 'NONE', #1583, 1000.000000000000000 ) ;
#4422 = SURFACE_STYLE_USAGE ( .BOTH. , #4388 ) ;
#4423 = EDGE_LOOP ( 'NONE', ( #3828, #2479, #2480, #5278, #5031, #4914, #2310, #1216, #2466, #256 ) ) ;
#4424 = CYLINDRICAL_SURFACE ( 'NONE', #4352, 100.0000000000000853 ) ;
#4425 = DIRECTION ( 'NONE',  ( -0.000000000000000000, -0.000000000000000000, 1.000000000000000000 ) ) ;
#4426 = DIRECTION ( 'NONE',  ( 0.000000000000000000, -0.000000000000000000, 1.000000000000000000 ) ) ;
#4427 = EDGE_LOOP ( 'NONE', ( #3143, #5362, #659, #1145 ) ) ;
#4428 = VERTEX_POINT ( 'NONE', #1371 ) ;
#4429 = EDGE_CURVE ( 'NONE', #4965, #3632, #5451, .T. ) ;
#4430 = CARTESIAN_POINT ( 'NONE',  ( 0.000000000000000000, -135.0000000000000000, 301.0000000000000568 ) ) ;
#4431 = VECTOR ( 'NONE', #4479, 1000.000000000000114 ) ;
#4432 =( NAMED_UNIT ( * ) PLANE_ANGLE_UNIT ( ) SI_UNIT ( $, .RADIAN. ) );
#4433 = ORIENTED_EDGE ( 'NONE', *, *, #4109, .T. ) ;
#4434 = SURFACE_STYLE_USAGE ( .BOTH. , #2347 ) ;
#4435 = DIRECTION ( 'NONE',  ( -0.000000000000000000, -1.000000000000000000, -0.000000000000000000 ) ) ;
#4436 = CARTESIAN_POINT ( 'NONE',  ( 1503.120971213320217, 134.9639193958356884, -301.0000000000000568 ) ) ;
#4437 = DIRECTION ( 'NONE',  ( -0.000000000000000000, 0.000000000000000000, 1.000000000000000000 ) ) ;
#4438 = VECTOR ( 'NONE', #1150, 1000.000000000000000 ) ;
#4439 = LINE ( 'NONE', #3993, #3486 ) ;
#4440 = AXIS2_PLACEMENT_3D ( 'NONE', #3511, #473, #3036 ) ;
#4441 = SURFACE_STYLE_USAGE ( .BOTH. , #4049 ) ;
#4442 = VERTEX_POINT ( 'NONE', #925 ) ;
#4443 =( NAMED_UNIT ( * ) PLANE_ANGLE_UNIT ( ) SI_UNIT ( $, .RADIAN. ) );
#4444 = AXIS2_PLACEMENT_3D ( 'NONE', #208, #2804, #1060 ) ;
#4445 = CARTESIAN_POINT ( 'NONE',  ( 1461.353739672122629, 2.220446049250313081E-13, -320.0000000000000000 ) ) ;
#4446 = PRESENTATION_STYLE_ASSIGNMENT (( #1227 ) ) ;
#4447 = CARTESIAN_POINT ( 'NONE',  ( 0.000000000000000000, 110.0000000000000000, 280.0000000000000000 ) ) ;
#4448 = VECTOR ( 'NONE', #3739, 1000.000000000000000 ) ;
#4449 = DIRECTION ( 'NONE',  ( -1.000000000000000000, 0.000000000000000000, 0.000000000000000000 ) ) ;
#4450 = VERTEX_POINT ( 'NONE', #2697 ) ;
#4451 = STYLED_ITEM ( 'NONE', ( #4392 ), #5438 ) ;
#4452 = MECHANICAL_DESIGN_GEOMETRIC_PRESENTATION_REPRESENTATION (  '', ( #2194 ), #5236 ) ;
#4453 = UNCERTAINTY_MEASURE_WITH_UNIT (LENGTH_MEASURE( 1.000000000000000082E-05 ), #3542, 'distance_accuracy_value', 'NONE');
#4454 =( NAMED_UNIT ( * ) PLANE_ANGLE_UNIT ( ) SI_UNIT ( $, .RADIAN. ) );
#4455 = CARTESIAN_POINT ( 'NONE',  ( 1461.353739672122629, 2.220446049250313081E-13, 330.0000000000000000 ) ) ;
#4456 = LINE ( 'NONE', #837, #1043 ) ;
#4457 = VECTOR ( 'NONE', #396, 1000.000000000000000 ) ;
#4458 = CLOSED_SHELL ( 'NONE', ( #4169, #2079, #3841, #3922, #4625, #4126 ) ) ;
#4459 = COLOUR_RGB ( '',0.7921568627450980005, 0.8196078431372548767, 0.9333333333333333481 ) ;
#4460 = DIRECTION ( 'NONE',  ( 0.000000000000000000, -1.000000000000000000, 0.000000000000000000 ) ) ;
#4461 = ORIENTED_EDGE ( 'NONE', *, *, #617, .F. ) ;
#4462 = FACE_OUTER_BOUND ( 'NONE', #2658, .T. ) ;
#4463 = CARTESIAN_POINT ( 'NONE',  ( -0.000000000000000000, 74.99947420548846821, 45.29195697192869829 ) ) ;
#4464 = AXIS2_PLACEMENT_3D ( 'NONE', #4977, #3694, #4532 ) ;
#4465 = DIRECTION ( 'NONE',  ( 0.9999999997119088935, 2.400379267199284695E-05, 0.000000000000000000 ) ) ;
#4466 =( LENGTH_UNIT ( ) NAMED_UNIT ( * ) SI_UNIT ( .MILLI., .METRE. ) );
#4467 = ORIENTED_EDGE ( 'NONE', *, *, #733, .T. ) ;
#4468 = DIRECTION ( 'NONE',  ( -0.000000000000000000, -0.000000000000000000, -1.000000000000000000 ) ) ;
#4469 = FILL_AREA_STYLE ('',( #3612 ) ) ;
#4470 = STYLED_ITEM ( 'NONE', ( #5329 ), #1996 ) ;
#4471 = CLOSED_SHELL ( 'NONE', ( #96, #3039, #2542, #841, #3429, #5077, #2868, #1655, #2475, #5196 ) ) ;
#4472 = FACE_OUTER_BOUND ( 'NONE', #3377, .T. ) ;
#4473 =( LENGTH_UNIT ( ) NAMED_UNIT ( * ) SI_UNIT ( .MILLI., .METRE. ) );
#4474 = EDGE_CURVE ( 'NONE', #557, #5447, #3844, .T. ) ;
#4475 = ORIENTED_EDGE ( 'NONE', *, *, #1086, .T. ) ;
#4476 = VECTOR ( 'NONE', #1030, 1000.000000000000000 ) ;
#4477 = EDGE_LOOP ( 'NONE', ( #2850, #4481, #1347, #4582 ) ) ;
#4478 = VECTOR ( 'NONE', #4061, 1000.000000000000000 ) ;
#4479 = DIRECTION ( 'NONE',  ( 0.7386591800803956609, -0.6740790871128977679, 0.000000000000000000 ) ) ;
#4480 = CARTESIAN_POINT ( 'NONE',  ( 1516.000000000000000, -1.959434878635755665E-15, -330.0000000000000000 ) ) ;
#4481 = ORIENTED_EDGE ( 'NONE', *, *, #4894, .T. ) ;
#4482 =( GEOMETRIC_REPRESENTATION_CONTEXT ( 3 ) GLOBAL_UNCERTAINTY_ASSIGNED_CONTEXT ( ( #654 ) ) GLOBAL_UNIT_ASSIGNED_CONTEXT ( ( #3618, #2319, #581 ) ) REPRESENTATION_CONTEXT ( 'NONE', 'WORKASPACE' ) );
#4483 = DIRECTION ( 'NONE',  ( 0.6740790871128977679, 0.7386591800803956609, -0.000000000000000000 ) ) ;
#4484 = EDGE_CURVE ( 'NONE', #4675, #2866, #1400, .T. ) ;
#4485 = EDGE_CURVE ( 'NONE', #5369, #2652, #2356, .T. ) ;
#4486 = ORIENTED_EDGE ( 'NONE', *, *, #1232, .F. ) ;
#4487 = ORIENTED_EDGE ( 'NONE', *, *, #4936, .T. ) ;
#4488 = CARTESIAN_POINT ( 'NONE',  ( 1503.120971213320217, -134.9639193958356600, -280.0000000000000000 ) ) ;
#4489 = DIRECTION ( 'NONE',  ( 0.000000000000000000, 0.000000000000000000, 1.000000000000000000 ) ) ;
#4490 = LINE ( 'NONE', #1454, #162 ) ;
#4491 = STYLED_ITEM ( 'NONE', ( #602 ), #3831 ) ;
#4492 = DIRECTION ( 'NONE',  ( 0.000000000000000000, 0.000000000000000000, -1.000000000000000000 ) ) ;
#4493 = CARTESIAN_POINT ( 'NONE',  ( 0.000000000000000000, -100.0000000000000000, 280.0000000000000000 ) ) ;
#4494 = VERTEX_POINT ( 'NONE', #4880 ) ;
#4495 = VERTEX_POINT ( 'NONE', #5324 ) ;
#4496 = ORIENTED_EDGE ( 'NONE', *, *, #3034, .F. ) ;
#4497 = DIRECTION ( 'NONE',  ( 0.000000000000000000, 1.000000000000000000, 0.000000000000000000 ) ) ;
#4498 =( NAMED_UNIT ( * ) PLANE_ANGLE_UNIT ( ) SI_UNIT ( $, .RADIAN. ) );
#4499 =( NAMED_UNIT ( * ) SI_UNIT ( $, .STERADIAN. ) SOLID_ANGLE_UNIT ( ) );
#4500 = ORIENTED_EDGE ( 'NONE', *, *, #3353, .T. ) ;
#4501 =( NAMED_UNIT ( * ) PLANE_ANGLE_UNIT ( ) SI_UNIT ( $, .RADIAN. ) );
#4502 = PLANE ( 'NONE',  #5123 ) ;
#4503 = DIRECTION ( 'NONE',  ( -0.9999999997119088935, 2.400379267199284695E-05, 0.000000000000000000 ) ) ;
#4504 = AXIS2_PLACEMENT_3D ( 'NONE', #944, #4311, #2696 ) ;
#4505 = EDGE_LOOP ( 'NONE', ( #406, #2782, #2741, #437 ) ) ;
#4506 = LINE ( 'NONE', #1594, #627 ) ;
#4507 = DIRECTION ( 'NONE',  ( -1.000000000000000000, -0.000000000000000000, -0.000000000000000000 ) ) ;
#4508 = SURFACE_SIDE_STYLE ('',( #1114 ) ) ;
#4509 = PLANE ( 'NONE',  #3691 ) ;
#4510 = FILL_AREA_STYLE ('',( #4685 ) ) ;
#4511 = PRESENTATION_LAYER_ASSIGNMENT (  '', '', ( #4607 ) ) ;
#4512 = VECTOR ( 'NONE', #5155, 1000.000000000000000 ) ;
#4513 = DIRECTION ( 'NONE',  ( 1.000000000000000000, 0.000000000000000000, 0.000000000000000000 ) ) ;
#4514 = DIRECTION ( 'NONE',  ( -0.000000000000000000, -0.000000000000000000, -1.000000000000000000 ) ) ;
#4515 = EDGE_CURVE ( 'NONE', #362, #209, #2228, .T. ) ;
#4516 = CARTESIAN_POINT ( 'NONE',  ( 0.000000000000000000, 0.000000000000000000, 301.0000000000000568 ) ) ;
#4517 = AXIS2_PLACEMENT_3D ( 'NONE', #3228, #2815, #1474 ) ;
#4518 = DIRECTION ( 'NONE',  ( -0.000000000000000000, -0.000000000000000000, 1.000000000000000000 ) ) ;
#4519 = SURFACE_STYLE_USAGE ( .BOTH. , #2828 ) ;
#4520 = FACE_OUTER_BOUND ( 'NONE', #2111, .T. ) ;
#4521 =( GEOMETRIC_REPRESENTATION_CONTEXT ( 3 ) GLOBAL_UNCERTAINTY_ASSIGNED_CONTEXT ( ( #589 ) ) GLOBAL_UNIT_ASSIGNED_CONTEXT ( ( #561, #4401, #4355 ) ) REPRESENTATION_CONTEXT ( 'NONE', 'WORKASPACE' ) );
#4522 = ORIENTED_EDGE ( 'NONE', *, *, #495, .F. ) ;
#4523 = ADVANCED_FACE ( 'NONE', ( #192 ), #1507, .T. ) ;
#4524 = CARTESIAN_POINT ( 'NONE',  ( 859.8430926701265662, 89.61245815494616807, -175.8942926348141498 ) ) ;
#4525 = EDGE_CURVE ( 'NONE', #3917, #5074, #2912, .T. ) ;
#4526 = FILL_AREA_STYLE_COLOUR ( '', #967 ) ;
#4527 = VECTOR ( 'NONE', #1359, 1000.000000000000000 ) ;
#4528 = VECTOR ( 'NONE', #1794, 1000.000000000000000 ) ;
#4529 = VECTOR ( 'NONE', #1248, 1000.000000000000000 ) ;
#4530 = VERTEX_POINT ( 'NONE', #4015 ) ;
#4531 = SURFACE_STYLE_USAGE ( .BOTH. , #2907 ) ;
#4532 = DIRECTION ( 'NONE',  ( 1.000000000000000000, 0.000000000000000000, 0.000000000000000000 ) ) ;
#4533 = PRESENTATION_STYLE_ASSIGNMENT (( #1081 ) ) ;
#4534 = MECHANICAL_DESIGN_GEOMETRIC_PRESENTATION_REPRESENTATION (  '', ( #2208 ), #4811 ) ;
#4535 = CARTESIAN_POINT ( 'NONE',  ( 0.000000000000000000, 135.0000000000000000, -280.0000000000000000 ) ) ;
#4536 = ORIENTED_EDGE ( 'NONE', *, *, #5225, .T. ) ;
#4537 = SURFACE_SIDE_STYLE ('',( #713 ) ) ;
#4538 = AXIS2_PLACEMENT_3D ( 'NONE', #2189, #1324, #4318 ) ;
#4539 = SURFACE_STYLE_FILL_AREA ( #1399 ) ;
#4540 = CARTESIAN_POINT ( 'NONE',  ( 571.9891335774856316, 91.61245815494616807, -123.7175590866629449 ) ) ;
#4541 = FILL_AREA_STYLE ('',( #2876 ) ) ;
#4542 = EDGE_CURVE ( 'NONE', #4530, #4251, #3901, .T. ) ;
#4543 = ADVANCED_FACE ( 'NONE', ( #2512 ), #4604, .T. ) ;
#4544 = SURFACE_SIDE_STYLE ('',( #3566 ) ) ;
#4545 = CYLINDRICAL_SURFACE ( 'NONE', #5437, 26.05063588214328973 ) ;
#4546 = DIRECTION ( 'NONE',  ( 0.000000000000000000, 0.000000000000000000, 1.000000000000000000 ) ) ;
#4547 = VECTOR ( 'NONE', #641, 1000.000000000000000 ) ;
#4548 = ORIENTED_EDGE ( 'NONE', *, *, #4894, .F. ) ;
#4549 = CARTESIAN_POINT ( 'NONE',  ( 1540.807565298936424, -49.02021348074790552, 320.0000000000000000 ) ) ;
#4550 = EDGE_LOOP ( 'NONE', ( #2545, #3697, #5046, #4021 ) ) ;
#4551 = EDGE_CURVE ( 'NONE', #1222, #274, #870, .T. ) ;
#4552 = EDGE_CURVE ( 'NONE', #2135, #3069, #1749, .T. ) ;
#4553 = UNCERTAINTY_MEASURE_WITH_UNIT (LENGTH_MEASURE( 1.000000000000000082E-05 ), #2131, 'distance_accuracy_value', 'NONE');
#4554 = ADVANCED_FACE ( 'NONE', ( #4990 ), #1565, .F. ) ;
#4555 = PRESENTATION_LAYER_ASSIGNMENT (  '', '', ( #849 ) ) ;
#4556 = EDGE_LOOP ( 'NONE', ( #4487, #511, #2714, #5062 ) ) ;
#4557 = ORIENTED_EDGE ( 'NONE', *, *, #2494, .T. ) ;
#4558 = MECHANICAL_DESIGN_GEOMETRIC_PRESENTATION_REPRESENTATION (  '', ( #1723 ), #2981 ) ;
#4559 = DIRECTION ( 'NONE',  ( -1.000000000000000000, -0.000000000000000000, -0.000000000000000000 ) ) ;
#4560 = VERTEX_POINT ( 'NONE', #5338 ) ;
#4561 =( NAMED_UNIT ( * ) PLANE_ANGLE_UNIT ( ) SI_UNIT ( $, .RADIAN. ) );
#4562 =( NAMED_UNIT ( * ) SI_UNIT ( $, .STERADIAN. ) SOLID_ANGLE_UNIT ( ) );
#4563 = EDGE_LOOP ( 'NONE', ( #3058, #4083 ) ) ;
#4564 = FILL_AREA_STYLE ('',( #3293 ) ) ;
#4565 = VERTEX_POINT ( 'NONE', #4524 ) ;
#4566 = PRESENTATION_STYLE_ASSIGNMENT (( #2851 ) ) ;
#4567 = CARTESIAN_POINT ( 'NONE',  ( 619.2314678319288532, 91.61245815494616807, 175.8942926348141782 ) ) ;
#4568 = PRESENTATION_LAYER_ASSIGNMENT (  '', '', ( #2425 ) ) ;
#4569 = DIRECTION ( 'NONE',  ( -0.000000000000000000, -0.000000000000000000, -1.000000000000000000 ) ) ;
#4570 = DIRECTION ( 'NONE',  ( 1.000000000000000000, -1.452739571261823934E-15, 0.000000000000000000 ) ) ;
#4571 = DIRECTION ( 'NONE',  ( -1.000000000000000000, 0.000000000000000000, -0.000000000000000000 ) ) ;
#4572 = EDGE_CURVE ( 'NONE', #3558, #1003, #4013, .T. ) ;
#4573 =( LENGTH_UNIT ( ) NAMED_UNIT ( * ) SI_UNIT ( .MILLI., .METRE. ) );
#4574 = CARTESIAN_POINT ( 'NONE',  ( 1540.807565298936424, 0.000000000000000000, 330.0000000000000000 ) ) ;
#4575 = ADVANCED_FACE ( 'NONE', ( #3836 ), #5377, .T. ) ;
#4576 = AXIS2_PLACEMENT_3D ( 'NONE', #2138, #1242, #1737 ) ;
#4577 = EDGE_CURVE ( 'NONE', #2273, #1762, #5252, .T. ) ;
#4578 = CYLINDRICAL_SURFACE ( 'NONE', #2117, 16.00000000000001421 ) ;
#4579 = CARTESIAN_POINT ( 'NONE',  ( 763.1330439721397170, 91.61245815494616807, 24.55957348493370418 ) ) ;
#4580 = ORIENTED_EDGE ( 'NONE', *, *, #2184, .F. ) ;
#4581 = AXIS2_PLACEMENT_3D ( 'NONE', #4055, #5179, #4842 ) ;
#4582 = ORIENTED_EDGE ( 'NONE', *, *, #3620, .F. ) ;
#4583 = LINE ( 'NONE', #880, #1804 ) ;
#4584 = CARTESIAN_POINT ( 'NONE',  ( 0.000000000000000000, 0.000000000000000000, 280.0000000000000000 ) ) ;
#4585 = CARTESIAN_POINT ( 'NONE',  ( 715.9415165299158161, 89.61245815494616807, -24.55957348493365089 ) ) ;
#4586 = FILL_AREA_STYLE ('',( #758 ) ) ;
#4587 = CARTESIAN_POINT ( 'NONE',  ( 1517.560188854146190, 19.24254134127678739, -380.0000000000000000 ) ) ;
#4588 = FACE_OUTER_BOUND ( 'NONE', #3690, .T. ) ;
#4589 = ORIENTED_EDGE ( 'NONE', *, *, #3387, .F. ) ;
#4590 =( NAMED_UNIT ( * ) PLANE_ANGLE_UNIT ( ) SI_UNIT ( $, .RADIAN. ) );
#4591 = ORIENTED_EDGE ( 'NONE', *, *, #1042, .F. ) ;
#4592 = AXIS2_PLACEMENT_3D ( 'NONE', #3027, #2100, #1687 ) ;
#4593 = DIRECTION ( 'NONE',  ( 0.000000000000000000, 0.000000000000000000, -1.000000000000000000 ) ) ;
#4594 = DIRECTION ( 'NONE',  ( 1.000000000000000000, -1.452739571261823934E-15, 0.000000000000000000 ) ) ;
#4595 = ORIENTED_EDGE ( 'NONE', *, *, #2300, .F. ) ;
#4596 = CYLINDRICAL_SURFACE ( 'NONE', #5313, 26.05063588214328973 ) ;
#4597 = CARTESIAN_POINT ( 'NONE',  ( 0.000000000000000000, 0.000000000000000000, -450.0000000000000000 ) ) ;
#4598 = LINE ( 'NONE', #2328, #2596 ) ;
#4599 = ADVANCED_FACE ( 'NONE', ( #4080 ), #723, .T. ) ;
#4600 = DIRECTION ( 'NONE',  ( 0.000000000000000000, 0.000000000000000000, -1.000000000000000000 ) ) ;
#4601 = EDGE_LOOP ( 'NONE', ( #5450, #3207, #4233, #1555 ) ) ;
#4602 = CARTESIAN_POINT ( 'NONE',  ( 0.000000000000000000, 110.0000000000000000, 280.0000000000000000 ) ) ;
#4603 = CYLINDRICAL_SURFACE ( 'NONE', #4866, 30.00000000000002842 ) ;
#4604 = PLANE ( 'NONE',  #4289 ) ;
#4605 = DIRECTION ( 'NONE',  ( 0.6376332662165034026, 0.7703400663434777362, 0.000000000000000000 ) ) ;
#4606 = DIRECTION ( 'NONE',  ( -0.000000000000000000, -0.000000000000000000, 1.000000000000000000 ) ) ;
#4607 = STYLED_ITEM ( 'NONE', ( #3510 ), #2323 ) ;
#4608 = ORIENTED_EDGE ( 'NONE', *, *, #3597, .T. ) ;
#4609 = EDGE_CURVE ( 'NONE', #728, #3186, #3692, .T. ) ;
#4610 = CARTESIAN_POINT ( 'NONE',  ( 38.64626032787765553, 0.000000000000000000, 320.0000000000000000 ) ) ;
#4611 = CARTESIAN_POINT ( 'NONE',  ( 806.2118054896012609, -15.26077213197414650, -448.3351875541625304 ) ) ;
#4612 = SURFACE_STYLE_FILL_AREA ( #217 ) ;
#4613 = UNCERTAINTY_MEASURE_WITH_UNIT (LENGTH_MEASURE( 1.000000000000000082E-05 ), #514, 'distance_accuracy_value', 'NONE');
#4614 = DIRECTION ( 'NONE',  ( -0.000000000000000000, 0.000000000000000000, 1.000000000000000000 ) ) ;
#4615 = ORIENTED_EDGE ( 'NONE', *, *, #2322, .F. ) ;
#4616 = ORIENTED_EDGE ( 'NONE', *, *, #1042, .T. ) ;
#4617 =( NAMED_UNIT ( * ) PLANE_ANGLE_UNIT ( ) SI_UNIT ( $, .RADIAN. ) );
#4618 =( NAMED_UNIT ( * ) PLANE_ANGLE_UNIT ( ) SI_UNIT ( $, .RADIAN. ) );
#4619 = AXIS2_PLACEMENT_3D ( 'NONE', #4296, #1411, #1816 ) ;
#4620 = DIRECTION ( 'NONE',  ( -0.000000000000000000, -1.000000000000000000, -0.000000000000000000 ) ) ;
#4621 =( NAMED_UNIT ( * ) SI_UNIT ( $, .STERADIAN. ) SOLID_ANGLE_UNIT ( ) );
#4622 = PLANE ( 'NONE',  #1021 ) ;
#4623 = CARTESIAN_POINT ( 'NONE',  ( 1461.353739672122629, 2.220446049250313081E-13, -380.0000000000000000 ) ) ;
#4624 = EDGE_CURVE ( 'NONE', #298, #1707, #138, .T. ) ;
#4625 = ADVANCED_FACE ( 'NONE', ( #2721 ), #664, .T. ) ;
#4626 = CIRCLE ( 'NONE', #264, 14.99999999999990230 ) ;
#4627 = FACE_OUTER_BOUND ( 'NONE', #1679, .T. ) ;
#4628 = CARTESIAN_POINT ( 'NONE',  ( 907.0854269245697878, 91.61245815494616807, 175.8942926348142066 ) ) ;
#4629 = CARTESIAN_POINT ( 'NONE',  ( 1500.000000000000000, 0.000000000000000000, -320.0000000000000000 ) ) ;
#4630 = CARTESIAN_POINT ( 'NONE',  ( 691.5777327430830610, -15.26077213197397953, 300.0000000000000000 ) ) ;
#4631 =( GEOMETRIC_REPRESENTATION_CONTEXT ( 3 ) GLOBAL_UNCERTAINTY_ASSIGNED_CONTEXT ( ( #1570 ) ) GLOBAL_UNIT_ASSIGNED_CONTEXT ( ( #2205, #3112, #4787 ) ) REPRESENTATION_CONTEXT ( 'NONE', 'WORKASPACE' ) );
#4632 = LINE ( 'NONE', #4391, #4764 ) ;
#4633 = FACE_OUTER_BOUND ( 'NONE', #652, .T. ) ;
#4634 = DIRECTION ( 'NONE',  ( -1.000000000000000000, 0.000000000000000000, -0.000000000000000000 ) ) ;
#4635 = CARTESIAN_POINT ( 'NONE',  ( 907.0854269245697878, 89.61245815494616807, -123.7175590866629449 ) ) ;
#4636 = CARTESIAN_POINT ( 'NONE',  ( -40.80756529893636753, 0.000000000000000000, 300.0000000000000000 ) ) ;
#4637 = AXIS2_PLACEMENT_3D ( 'NONE', #317, #747, #4173 ) ;
#4638 = VECTOR ( 'NONE', #3663, 1000.000000000000114 ) ;
#4639 =( LENGTH_UNIT ( ) NAMED_UNIT ( * ) SI_UNIT ( .MILLI., .METRE. ) );
#4640 = EDGE_CURVE ( 'NONE', #884, #5322, #3443, .T. ) ;
#4641 = ORIENTED_EDGE ( 'NONE', *, *, #2362, .T. ) ;
#4642 = DIRECTION ( 'NONE',  ( -0.000000000000000000, 1.000000000000000000, -0.000000000000000000 ) ) ;
#4643 = ORIENTED_EDGE ( 'NONE', *, *, #135, .T. ) ;
#4644 = AXIS2_PLACEMENT_3D ( 'NONE', #980, #3992, #5014 ) ;
#4645 =( NAMED_UNIT ( * ) SI_UNIT ( $, .STERADIAN. ) SOLID_ANGLE_UNIT ( ) );
#4646 = ORIENTED_EDGE ( 'NONE', *, *, #898, .T. ) ;
#4647 = EDGE_CURVE ( 'NONE', #2940, #884, #1127, .T. ) ;
#4648 = DIRECTION ( 'NONE',  ( 1.000000000000000000, -0.000000000000000000, -5.875149069929465970E-16 ) ) ;
#4649 = EDGE_CURVE ( 'NONE', #336, #557, #720, .T. ) ;
#4650 = PRESENTATION_LAYER_ASSIGNMENT (  '', '', ( #3885 ) ) ;
#4651 = CLOSED_SHELL ( 'NONE', ( #3463, #3950, #920, #2121, #2150, #5027 ) ) ;
#4652 = STYLED_ITEM ( 'NONE', ( #1943 ), #4683 ) ;
#4653 = ADVANCED_FACE ( 'NONE', ( #5132 ), #3766, .F. ) ;
#4654 =( LENGTH_UNIT ( ) NAMED_UNIT ( * ) SI_UNIT ( .MILLI., .METRE. ) );
#4655 = CARTESIAN_POINT ( 'NONE',  ( 806.2118054896012609, -49.02021348074790552, -448.3351875541625304 ) ) ;
#4656 = LINE ( 'NONE', #4705, #4405 ) ;
#4657 = DIRECTION ( 'NONE',  ( 0.000000000000000000, -1.000000000000000000, 0.000000000000000000 ) ) ;
#4658 = ORIENTED_EDGE ( 'NONE', *, *, #1916, .F. ) ;
#4659 = CARTESIAN_POINT ( 'NONE',  ( 1515.000000000000000, 1.836970198721018939E-15, 450.0000000000000000 ) ) ;
#4660 = CARTESIAN_POINT ( 'NONE',  ( 1500.000000000000000, 0.000000000000000000, 280.0000000000000000 ) ) ;
#4661 = VERTEX_POINT ( 'NONE', #2821 ) ;
#4662 =( NAMED_UNIT ( * ) PLANE_ANGLE_UNIT ( ) SI_UNIT ( $, .RADIAN. ) );
#4663 = LINE ( 'NONE', #3684, #4478 ) ;
#4664 = EDGE_LOOP ( 'NONE', ( #863, #314, #3075, #110 ) ) ;
#4665 = FACE_OUTER_BOUND ( 'NONE', #4107, .T. ) ;
#4666 = CARTESIAN_POINT ( 'NONE',  ( 1070.369833262022439, 70.00000000000000000, 300.0000000000000000 ) ) ;
#4667 = FACE_OUTER_BOUND ( 'NONE', #2619, .T. ) ;
#4668 = PRESENTATION_LAYER_ASSIGNMENT (  '', '', ( #211 ) ) ;
#4669 = DIRECTION ( 'NONE',  ( -0.000000000000000000, -0.000000000000000000, 1.000000000000000000 ) ) ;
#4670 = CARTESIAN_POINT ( 'NONE',  ( 859.8430926701265662, 89.61245815494616807, 175.8942926348142066 ) ) ;
#4671 = VECTOR ( 'NONE', #4046, 1000.000000000000000 ) ;
#4672 = CARTESIAN_POINT ( 'NONE',  ( 678.8941503029516298, -49.02021348074768525, -300.0000000000000000 ) ) ;
#4673 = EDGE_CURVE ( 'NONE', #4796, #2569, #3241, .T. ) ;
#4674 = CARTESIAN_POINT ( 'NONE',  ( 691.5777327430830610, -15.26077213197396532, -45.29195697192869829 ) ) ;
#4675 = VERTEX_POINT ( 'NONE', #799 ) ;
#4676 = ORIENTED_EDGE ( 'NONE', *, *, #2924, .T. ) ;
#4677 = EDGE_LOOP ( 'NONE', ( #4989, #219 ) ) ;
#4678 =( NAMED_UNIT ( * ) PLANE_ANGLE_UNIT ( ) SI_UNIT ( $, .RADIAN. ) );
#4679 = EDGE_LOOP ( 'NONE', ( #4486, #2134, #4557, #2353 ) ) ;
#4680 = VECTOR ( 'NONE', #5373, 1000.000000000000000 ) ;
#4681 = ADVANCED_FACE ( 'NONE', ( #5318 ), #2947, .T. ) ;
#4682 = EDGE_CURVE ( 'NONE', #3309, #2202, #2157, .T. ) ;
#4683 = MANIFOLD_SOLID_BREP ( 'Mirror10', #1193 ) ;
#4684 = FILL_AREA_STYLE ('',( #1750 ) ) ;
#4685 = FILL_AREA_STYLE_COLOUR ( '', #3310 ) ;
#4686 = FILL_AREA_STYLE ('',( #2211 ) ) ;
#4687 = ORIENTED_EDGE ( 'NONE', *, *, #3172, .F. ) ;
#4688 = CARTESIAN_POINT ( 'NONE',  ( 0.000000000000000000, 0.000000000000000000, 280.0000000000000000 ) ) ;
#4689 = CARTESIAN_POINT ( 'NONE',  ( 691.5777327430830610, 2.883083876115375998E-13, -300.0000000000000000 ) ) ;
#4690 = DIRECTION ( 'NONE',  ( 1.000000000000000000, 0.000000000000000000, 0.000000000000000000 ) ) ;
#4691 = PLANE ( 'NONE',  #5253 ) ;
#4692 = CARTESIAN_POINT ( 'NONE',  ( 429.6301667379777314, 70.00000000000000000, 300.0000000000000000 ) ) ;
#4693 = LINE ( 'NONE', #3899, #4971 ) ;
#4694 = EDGE_CURVE ( 'NONE', #2569, #1298, #4772, .T. ) ;
#4695 = VERTEX_POINT ( 'NONE', #1236 ) ;
#4696 = LINE ( 'NONE', #1839, #452 ) ;
#4697 = FILL_AREA_STYLE_COLOUR ( '', #1068 ) ;
#4698 = LINE ( 'NONE', #3875, #856 ) ;
#4699 = MECHANICAL_DESIGN_GEOMETRIC_PRESENTATION_REPRESENTATION (  '', ( #2173 ), #516 ) ;
#4700 = ADVANCED_FACE ( 'NONE', ( #1254 ), #5414, .F. ) ;
#4701 = CARTESIAN_POINT ( 'NONE',  ( 1482.439811145854264, 19.24254134127678739, 330.0000000000000000 ) ) ;
#4702 = CARTESIAN_POINT ( 'NONE',  ( 1482.439811145854264, 19.24254134127678739, 320.0000000000000000 ) ) ;
#4703 = STYLED_ITEM ( 'NONE', ( #4717 ), #2079 ) ;
#4704 = VECTOR ( 'NONE', #1197, 1000.000000000000000 ) ;
#4705 = CARTESIAN_POINT ( 'NONE',  ( 0.000000000000000000, 0.000000000000000000, -320.0000000000000000 ) ) ;
#4706 = UNCERTAINTY_MEASURE_WITH_UNIT (LENGTH_MEASURE( 1.000000000000000082E-05 ), #527, 'distance_accuracy_value', 'NONE');
#4707 = DIRECTION ( 'NONE',  ( 0.000000000000000000, 0.000000000000000000, 1.000000000000000000 ) ) ;
#4708 = EDGE_LOOP ( 'NONE', ( #2791, #4949, #4808, #5051 ) ) ;
#4709 = CARTESIAN_POINT ( 'NONE',  ( 1070.369833262022439, 70.00000000000000000, 300.0000000000000000 ) ) ;
#4710 = EDGE_CURVE ( 'NONE', #3133, #1222, #4912, .T. ) ;
#4711 = DIRECTION ( 'NONE',  ( 0.000000000000000000, 0.000000000000000000, 1.000000000000000000 ) ) ;
#4712 = PRESENTATION_STYLE_ASSIGNMENT (( #642 ) ) ;
#4713 = ORIENTED_EDGE ( 'NONE', *, *, #4694, .F. ) ;
#4714 = CYLINDRICAL_SURFACE ( 'NONE', #172, 100.0000000000000853 ) ;
#4715 = DIRECTION ( 'NONE',  ( -0.6376332662165049570, -0.7703400663434765150, 0.000000000000000000 ) ) ;
#4716 = ORIENTED_EDGE ( 'NONE', *, *, #4212, .T. ) ;
#4717 = PRESENTATION_STYLE_ASSIGNMENT (( #3528 ) ) ;
#4718 = VERTEX_POINT ( 'NONE', #3095 ) ;
#4719 = SURFACE_STYLE_FILL_AREA ( #4093 ) ;
#4720 = PRESENTATION_LAYER_ASSIGNMENT (  '', '', ( #4451 ) ) ;
#4721 = VECTOR ( 'NONE', #1624, 1000.000000000000114 ) ;
#4722 = AXIS2_PLACEMENT_3D ( 'NONE', #4182, #2063, #3376 ) ;
#4723 = CARTESIAN_POINT ( 'NONE',  ( 1500.000000000000000, 0.000000000000000000, 380.0000000000000000 ) ) ;
#4724 = FACE_BOUND ( 'NONE', #87, .T. ) ;
#4725 = PLANE ( 'NONE',  #749 ) ;
#4726 = CARTESIAN_POINT ( 'NONE',  ( 0.000000000000000000, 100.0000000000000000, 280.0000000000000000 ) ) ;
#4727 = COLOUR_RGB ( '',0.7921568627450980005, 0.8196078431372548767, 0.9333333333333333481 ) ;
#4728 = DIRECTION ( 'NONE',  ( -0.9999999997119088935, -2.400379267199284695E-05, 0.000000000000000000 ) ) ;
#4729 = ORIENTED_EDGE ( 'NONE', *, *, #2494, .F. ) ;
#4730 = DIRECTION ( 'NONE',  ( 1.000000000000000000, 0.000000000000000000, 0.000000000000000000 ) ) ;
#4731 = CARTESIAN_POINT ( 'NONE',  ( 1517.560188854146190, 19.24254134127662752, 380.0000000000000000 ) ) ;
#4732 = FACE_OUTER_BOUND ( 'NONE', #1436, .T. ) ;
#4733 = DIRECTION ( 'NONE',  ( 1.936986095015764851E-15, 1.000000000000000000, 0.000000000000000000 ) ) ;
#4734 = ADVANCED_FACE ( 'NONE', ( #4520 ), #496, .F. ) ;
#4735 = VERTEX_POINT ( 'NONE', #1733 ) ;
#4736 = ORIENTED_EDGE ( 'NONE', *, *, #3282, .F. ) ;
#4737 = DIRECTION ( 'NONE',  ( 1.000000000000000000, 0.000000000000000000, 0.000000000000000000 ) ) ;
#4738 = AXIS2_PLACEMENT_3D ( 'NONE', #1976, #1129, #2411 ) ;
#4739 =( NAMED_UNIT ( * ) PLANE_ANGLE_UNIT ( ) SI_UNIT ( $, .RADIAN. ) );
#4740 = LINE ( 'NONE', #4117, #820 ) ;
#4741 = DIRECTION ( 'NONE',  ( -1.000000000000000000, 0.000000000000000000, 2.260265279660158334E-15 ) ) ;
#4742 = STYLED_ITEM ( 'NONE', ( #842 ), #1714 ) ;
#4743 = PRESENTATION_STYLE_ASSIGNMENT (( #3750 ) ) ;
#4744 = FILL_AREA_STYLE_COLOUR ( '', #904 ) ;
#4745 = EDGE_CURVE ( 'NONE', #1418, #766, #3243, .T. ) ;
#4746 = SURFACE_SIDE_STYLE ('',( #28 ) ) ;
#4747 = VERTEX_POINT ( 'NONE', #4281 ) ;
#4748 = DIRECTION ( 'NONE',  ( 1.000000000000000000, 0.000000000000000000, 0.000000000000000000 ) ) ;
#4749 = ORIENTED_EDGE ( 'NONE', *, *, #4382, .T. ) ;
#4750 = FILL_AREA_STYLE_COLOUR ( '', #1494 ) ;
#4751 = MANIFOLD_SOLID_BREP ( 'Mirror7', #2720 ) ;
#4752 = AXIS2_PLACEMENT_3D ( 'NONE', #1104, #3215, #672 ) ;
#4753 = FILL_AREA_STYLE ('',( #2702 ) ) ;
#4754 = ORIENTED_EDGE ( 'NONE', *, *, #3555, .F. ) ;
#4755 = EDGE_LOOP ( 'NONE', ( #2669, #2880, #5158, #1354 ) ) ;
#4756 = EDGE_CURVE ( 'NONE', #1774, #728, #2077, .T. ) ;
#4757 = FACE_OUTER_BOUND ( 'NONE', #5122, .T. ) ;
#4758 = CARTESIAN_POINT ( 'NONE',  ( 1008.549030229681307, 89.61245815494616807, 280.0000000000000000 ) ) ;
#4759 = FILL_AREA_STYLE ('',( #1772 ) ) ;
#4760 = ADVANCED_FACE ( 'NONE', ( #4344 ), #3022, .T. ) ;
#4761 = FILL_AREA_STYLE ('',( #4744 ) ) ;
#4762 = DIRECTION ( 'NONE',  ( 1.000000000000000000, 0.000000000000000000, 0.000000000000000000 ) ) ;
#4763 = DIRECTION ( 'NONE',  ( 0.000000000000000000, -0.000000000000000000, -1.000000000000000000 ) ) ;
#4764 = VECTOR ( 'NONE', #3938, 1000.000000000000000 ) ;
#4765 = CARTESIAN_POINT ( 'NONE',  ( 309.6301667379777314, 70.00000000000000000, -300.0000000000000000 ) ) ;
#4766 = VECTOR ( 'NONE', #710, 1000.000000000000000 ) ;
#4767 = CARTESIAN_POINT ( 'NONE',  ( 1500.000000000000000, 0.000000000000000000, -330.0000000000000000 ) ) ;
#4768 = CARTESIAN_POINT ( 'NONE',  ( 859.8430926701264525, 91.61245815494616807, -123.7175590866629449 ) ) ;
#4769 =( GEOMETRIC_REPRESENTATION_CONTEXT ( 3 ) GLOBAL_UNCERTAINTY_ASSIGNED_CONTEXT ( ( #463 ) ) GLOBAL_UNIT_ASSIGNED_CONTEXT ( ( #3089, #909, #1369 ) ) REPRESENTATION_CONTEXT ( 'NONE', 'WORKASPACE' ) );
#4770 = CARTESIAN_POINT ( 'NONE',  ( 249.6301667379776461, 70.00000000000000000, -300.0000000000000000 ) ) ;
#4771 = VERTEX_POINT ( 'NONE', #3466 ) ;
#4772 = CIRCLE ( 'NONE', #697, 14.99999999999991118 ) ;
#4773 =( NAMED_UNIT ( * ) PLANE_ANGLE_UNIT ( ) SI_UNIT ( $, .RADIAN. ) );
#4774 = FACE_OUTER_BOUND ( 'NONE', #4505, .T. ) ;
#4775 = VERTEX_POINT ( 'NONE', #3845 ) ;
#4776 = UNCERTAINTY_MEASURE_WITH_UNIT (LENGTH_MEASURE( 1.000000000000000082E-05 ), #2050, 'distance_accuracy_value', 'NONE');
#4777 = DIRECTION ( 'NONE',  ( 0.000000000000000000, 0.000000000000000000, 1.000000000000000000 ) ) ;
#4778 = DIRECTION ( 'NONE',  ( -1.000000000000000000, 0.000000000000000000, 0.000000000000000000 ) ) ;
#4779 = ORIENTED_EDGE ( 'NONE', *, *, #4037, .F. ) ;
#4780 = CARTESIAN_POINT ( 'NONE',  ( 1070.369833262022439, 70.00000000000000000, -300.0000000000000000 ) ) ;
#4781 = AXIS2_PLACEMENT_3D ( 'NONE', #1585, #278, #1966 ) ;
#4782 = DIRECTION ( 'NONE',  ( 0.7703400663434777362, -0.6376332662165034026, 0.000000000000000000 ) ) ;
#4783 = EDGE_LOOP ( 'NONE', ( #563, #2613, #4998, #4791 ) ) ;
#4784 = EDGE_CURVE ( 'NONE', #4191, #336, #2649, .T. ) ;
#4785 = ORIENTED_EDGE ( 'NONE', *, *, #2637, .F. ) ;
#4786 = FACE_OUTER_BOUND ( 'NONE', #4118, .T. ) ;
#4787 =( NAMED_UNIT ( * ) SI_UNIT ( $, .STERADIAN. ) SOLID_ANGLE_UNIT ( ) );
#4788 = LINE ( 'NONE', #4928, #2436 ) ;
#4789 = ORIENTED_EDGE ( 'NONE', *, *, #3655, .T. ) ;
#4790 = STYLED_ITEM ( 'NONE', ( #3209 ), #3556 ) ;
#4791 = ORIENTED_EDGE ( 'NONE', *, *, #1237, .F. ) ;
#4792 = SURFACE_SIDE_STYLE ('',( #4081 ) ) ;
#4793 = VERTEX_POINT ( 'NONE', #3479 ) ;
#4794 = SURFACE_STYLE_FILL_AREA ( #2401 ) ;
#4795 = ORIENTED_EDGE ( 'NONE', *, *, #2292, .T. ) ;
#4796 = VERTEX_POINT ( 'NONE', #3892 ) ;
#4797 = SURFACE_STYLE_USAGE ( .BOTH. , #4372 ) ;
#4798 = ORIENTED_EDGE ( 'NONE', *, *, #2292, .F. ) ;
#4799 = SURFACE_STYLE_FILL_AREA ( #5102 ) ;
#4800 = FACE_OUTER_BOUND ( 'NONE', #4010, .T. ) ;
#4801 = STYLED_ITEM ( 'NONE', ( #4843 ), #5055 ) ;
#4802 = DIRECTION ( 'NONE',  ( -1.000000000000000000, 0.000000000000000000, 0.000000000000000000 ) ) ;
#4803 = ORIENTED_EDGE ( 'NONE', *, *, #2777, .T. ) ;
#4804 = EDGE_CURVE ( 'NONE', #4140, #2454, #1536, .T. ) ;
#4805 =( NAMED_UNIT ( * ) SI_UNIT ( $, .STERADIAN. ) SOLID_ANGLE_UNIT ( ) );
#4806 = DIRECTION ( 'NONE',  ( 1.000000000000000000, 0.000000000000000000, 0.000000000000000000 ) ) ;
#4807 = VERTEX_POINT ( 'NONE', #3865 ) ;
#4808 = ORIENTED_EDGE ( 'NONE', *, *, #3949, .F. ) ;
#4809 = VECTOR ( 'NONE', #4468, 1000.000000000000000 ) ;
#4810 = SURFACE_STYLE_USAGE ( .BOTH. , #4792 ) ;
#4811 =( GEOMETRIC_REPRESENTATION_CONTEXT ( 3 ) GLOBAL_UNCERTAINTY_ASSIGNED_CONTEXT ( ( #2937 ) ) GLOBAL_UNIT_ASSIGNED_CONTEXT ( ( #2326, #3572, #1414 ) ) REPRESENTATION_CONTEXT ( 'NONE', 'WORKASPACE' ) );
#4812 = LINE ( 'NONE', #5320, #2471 ) ;
#4813 = PLANE ( 'NONE',  #1274 ) ;
#4814 = DIRECTION ( 'NONE',  ( 1.000000000000000000, 0.000000000000000000, 0.000000000000000000 ) ) ;
#4815 = PLANE ( 'NONE',  #3621 ) ;
#4816 = CARTESIAN_POINT ( 'NONE',  ( 0.000000000000000000, 0.000000000000000000, 300.0000000000000000 ) ) ;
#4817 = EDGE_CURVE ( 'NONE', #1707, #1621, #4583, .T. ) ;
#4818 = DIRECTION ( 'NONE',  ( 1.000000000000000000, -0.000000000000000000, -0.000000000000000000 ) ) ;
#4819 = DIRECTION ( 'NONE',  ( -0.000000000000000000, -1.000000000000000000, -0.000000000000000000 ) ) ;
#4820 = AXIS2_PLACEMENT_3D ( 'NONE', #4597, #1239, #2076 ) ;
#4821 = CIRCLE ( 'NONE', #4644, 26.05063588214328973 ) ;
#4822 = SURFACE_STYLE_USAGE ( .BOTH. , #1868 ) ;
#4823 = PLANE ( 'NONE',  #538 ) ;
#4824 = EDGE_CURVE ( 'NONE', #4978, #1014, #2348, .T. ) ;
#4825 = EDGE_CURVE ( 'NONE', #5091, #3163, #1050, .T. ) ;
#4826 = MECHANICAL_DESIGN_GEOMETRIC_PRESENTATION_REPRESENTATION (  '', ( #3918 ), #2497 ) ;
#4827 = CIRCLE ( 'NONE', #3365, 26.05063588214328973 ) ;
#4828 = LINE ( 'NONE', #2455, #3428 ) ;
#4829 = AXIS2_PLACEMENT_3D ( 'NONE', #2443, #1952, #4908 ) ;
#4830 = SURFACE_SIDE_STYLE ('',( #4539 ) ) ;
#4831 = ORIENTED_EDGE ( 'NONE', *, *, #3237, .T. ) ;
#4832 = PRESENTATION_STYLE_ASSIGNMENT (( #2059 ) ) ;
#4833 = CARTESIAN_POINT ( 'NONE',  ( 1540.807565298936424, 0.000000000000000000, -380.0000000000000000 ) ) ;
#4834 = FILL_AREA_STYLE_COLOUR ( '', #3547 ) ;
#4835 = FACE_OUTER_BOUND ( 'NONE', #2742, .T. ) ;
#4836 =( NAMED_UNIT ( * ) SI_UNIT ( $, .STERADIAN. ) SOLID_ANGLE_UNIT ( ) );
#4837 = ORIENTED_EDGE ( 'NONE', *, *, #1232, .T. ) ;
#4838 = SURFACE_STYLE_FILL_AREA ( #2570 ) ;
#4839 = CARTESIAN_POINT ( 'NONE',  ( 1517.560188854146190, 19.24254134127662752, -380.0000000000000000 ) ) ;
#4840 = STYLED_ITEM ( 'NONE', ( #636 ), #294 ) ;
#4841 = ORIENTED_EDGE ( 'NONE', *, *, #100, .T. ) ;
#4842 = DIRECTION ( 'NONE',  ( 0.000000000000000000, -0.000000000000000000, 1.000000000000000000 ) ) ;
#4843 = PRESENTATION_STYLE_ASSIGNMENT (( #2317 ) ) ;
#4844 = CARTESIAN_POINT ( 'NONE',  ( 1540.807565298936424, 0.000000000000000000, -320.0000000000000000 ) ) ;
#4845 = ORIENTED_EDGE ( 'NONE', *, *, #3707, .T. ) ;
#4846 = MANIFOLD_SOLID_BREP ( 'Boss-Extrude20[4]', #3579 ) ;
#4847 = DIRECTION ( 'NONE',  ( -0.000000000000000000, -0.000000000000000000, 1.000000000000000000 ) ) ;
#4848 = DIRECTION ( 'NONE',  ( 0.000000000000000000, 0.000000000000000000, 1.000000000000000000 ) ) ;
#4849 = ORIENTED_EDGE ( 'NONE', *, *, #993, .F. ) ;
#4850 = FACE_OUTER_BOUND ( 'NONE', #4349, .T. ) ;
#4851 = EDGE_CURVE ( 'NONE', #5403, #5098, #2722, .T. ) ;
#4852 = VERTEX_POINT ( 'NONE', #5148 ) ;
#4853 = FACE_OUTER_BOUND ( 'NONE', #1057, .T. ) ;
#4854 =( NAMED_UNIT ( * ) SI_UNIT ( $, .STERADIAN. ) SOLID_ANGLE_UNIT ( ) );
#4855 = CARTESIAN_POINT ( 'NONE',  ( 1516.000000000000000, 1.959434878635761187E-15, 380.0000000000000000 ) ) ;
#4856 = EDGE_LOOP ( 'NONE', ( #3791, #3275 ) ) ;
#4857 = MECHANICAL_DESIGN_GEOMETRIC_PRESENTATION_REPRESENTATION (  '', ( #375 ), #1638 ) ;
#4858 = VERTEX_POINT ( 'NONE', #5166 ) ;
#4859 = ORIENTED_EDGE ( 'NONE', *, *, #4001, .F. ) ;
#4860 = EDGE_CURVE ( 'NONE', #3069, #2021, #4014, .T. ) ;
#4861 = VECTOR ( 'NONE', #4248, 1000.000000000000000 ) ;
#4862 = COLOUR_RGB ( '',0.2509803921568627416, 0.2509803921568627416, 0.2509803921568627416 ) ;
#4863 = FILL_AREA_STYLE_COLOUR ( '', #1231 ) ;
#4864 = FACE_OUTER_BOUND ( 'NONE', #1974, .T. ) ;
#4865 = ORIENTED_EDGE ( 'NONE', *, *, #3493, .T. ) ;
#4866 = AXIS2_PLACEMENT_3D ( 'NONE', #364, #2989, #2158 ) ;
#4867 = FILL_AREA_STYLE ('',( #1501 ) ) ;
#4868 = CARTESIAN_POINT ( 'NONE',  ( 1500.000000000000000, 0.000000000000000000, 330.0000000000000000 ) ) ;
#4869 = LINE ( 'NONE', #2898, #350 ) ;
#4870 = VECTOR ( 'NONE', #5034, 1000.000000000000000 ) ;
#4871 = CARTESIAN_POINT ( 'NONE',  ( 806.2118054896012609, -49.02021348074790552, -300.0000000000000000 ) ) ;
#4872 = FILL_AREA_STYLE_COLOUR ( '', #3004 ) ;
#4873 = DIRECTION ( 'NONE',  ( -0.000000000000000000, -1.000000000000000000, -0.000000000000000000 ) ) ;
#4874 = VERTEX_POINT ( 'NONE', #970 ) ;
#4875 = ORIENTED_EDGE ( 'NONE', *, *, #1486, .T. ) ;
#4876 = FACE_OUTER_BOUND ( 'NONE', #413, .T. ) ;
#4877 = DIRECTION ( 'NONE',  ( 0.000000000000000000, 0.000000000000000000, 1.000000000000000000 ) ) ;
#4878 = CARTESIAN_POINT ( 'NONE',  ( 763.1330439721396033, 91.61245815494616807, -24.55957348493365089 ) ) ;
#4879 = CIRCLE ( 'NONE', #4504, 26.05063588214328973 ) ;
#4880 = CARTESIAN_POINT ( 'NONE',  ( 1600.000000000000000, 0.000000000000000000, 300.0000000000000000 ) ) ;
#4881 = ORIENTED_EDGE ( 'NONE', *, *, #4414, .F. ) ;
#4882 = AXIS2_PLACEMENT_3D ( 'NONE', #4780, #1760, #3925 ) ;
#4883 = PLANE ( 'NONE',  #4910 ) ;
#4884 = VERTEX_POINT ( 'NONE', #2723 ) ;
#4885 = UNCERTAINTY_MEASURE_WITH_UNIT (LENGTH_MEASURE( 1.000000000000000082E-05 ), #5006, 'distance_accuracy_value', 'NONE');
#4886 = DIRECTION ( 'NONE',  ( -1.000000000000000000, 0.000000000000000000, -0.000000000000000000 ) ) ;
#4887 = DIRECTION ( 'NONE',  ( 1.000000000000000000, 0.000000000000000000, 0.000000000000000000 ) ) ;
#4888 = DIRECTION ( 'NONE',  ( 1.000000000000000000, -0.000000000000000000, 0.000000000000000000 ) ) ;
#4889 = SURFACE_SIDE_STYLE ('',( #2431 ) ) ;
#4890 = CIRCLE ( 'NONE', #4738, 100.0000000000000000 ) ;
#4891 =( GEOMETRIC_REPRESENTATION_CONTEXT ( 3 ) GLOBAL_UNCERTAINTY_ASSIGNED_CONTEXT ( ( #2633 ) ) GLOBAL_UNIT_ASSIGNED_CONTEXT ( ( #5426, #333, #762 ) ) REPRESENTATION_CONTEXT ( 'NONE', 'WORKASPACE' ) );
#4892 = DIRECTION ( 'NONE',  ( 0.000000000000000000, 0.000000000000000000, 1.000000000000000000 ) ) ;
#4893 = CARTESIAN_POINT ( 'NONE',  ( 1461.353739672122629, -49.02021348074790552, 380.0000000000000000 ) ) ;
#4894 = EDGE_CURVE ( 'NONE', #45, #4796, #795, .T. ) ;
#4895 = SURFACE_STYLE_FILL_AREA ( #1865 ) ;
#4896 = CARTESIAN_POINT ( 'NONE',  ( 1500.000000000000000, -110.0000000000000000, 280.0000000000000000 ) ) ;
#4897 = FILL_AREA_STYLE_COLOUR ( '', #189 ) ;
#4898 = AXIS2_PLACEMENT_3D ( 'NONE', #1891, #1559, #4184 ) ;
#4899 = CARTESIAN_POINT ( 'NONE',  ( 1461.353739672122629, 2.220446049250313081E-13, -320.0000000000000000 ) ) ;
#4900 = LINE ( 'NONE', #3970, #2279 ) ;
#4901 = CARTESIAN_POINT ( 'NONE',  ( 100.0000000000000000, 0.000000000000000000, 300.0000000000000000 ) ) ;
#4902 = COLOUR_RGB ( '',0.7921568627450980005, 0.8196078431372548767, 0.9333333333333333481 ) ;
#4903 = SURFACE_STYLE_USAGE ( .BOTH. , #2330 ) ;
#4904 = DIRECTION ( 'NONE',  ( -0.000000000000000000, -0.000000000000000000, 1.000000000000000000 ) ) ;
#4905 = DIRECTION ( 'NONE',  ( 0.000000000000000000, 0.000000000000000000, -1.000000000000000000 ) ) ;
#4906 = LINE ( 'NONE', #4447, #3433 ) ;
#4907 = DIRECTION ( 'NONE',  ( 0.9999999997119088935, -2.400379267199284695E-05, 0.000000000000000000 ) ) ;
#4908 = DIRECTION ( 'NONE',  ( -2.127812435020659590E-15, 0.000000000000000000, 1.000000000000000000 ) ) ;
#4909 = ORIENTED_EDGE ( 'NONE', *, *, #4649, .T. ) ;
#4910 = AXIS2_PLACEMENT_3D ( 'NONE', #2794, #1514, #5332 ) ;
#4911 = CARTESIAN_POINT ( 'NONE',  ( 691.5777327430830610, -15.26077213197396532, 0.000000000000000000 ) ) ;
#4912 = LINE ( 'NONE', #2614, #2715 ) ;
#4913 = ORIENTED_EDGE ( 'NONE', *, *, #1373, .F. ) ;
#4914 = ORIENTED_EDGE ( 'NONE', *, *, #379, .F. ) ;
#4915 = MECHANICAL_DESIGN_GEOMETRIC_PRESENTATION_REPRESENTATION (  '', ( #2244 ), #1059 ) ;
#4916 = ORIENTED_EDGE ( 'NONE', *, *, #5213, .F. ) ;
#4917 = SURFACE_STYLE_FILL_AREA ( #4208 ) ;
#4918 = AXIS2_PLACEMENT_3D ( 'NONE', #291, #1190, #716 ) ;
#4919 =( LENGTH_UNIT ( ) NAMED_UNIT ( * ) SI_UNIT ( .MILLI., .METRE. ) );
#4920 = LINE ( 'NONE', #1479, #207 ) ;
#4921 = MANIFOLD_SOLID_BREP ( 'Mirror2[2]', #2468 ) ;
#4922 = VERTEX_POINT ( 'NONE', #2705 ) ;
#4923 = FILL_AREA_STYLE ('',( #2872 ) ) ;
#4924 =( GEOMETRIC_REPRESENTATION_CONTEXT ( 3 ) GLOBAL_UNCERTAINTY_ASSIGNED_CONTEXT ( ( #4613 ) ) GLOBAL_UNIT_ASSIGNED_CONTEXT ( ( #514, #1802, #3495 ) ) REPRESENTATION_CONTEXT ( 'NONE', 'WORKASPACE' ) );
#4925 = LINE ( 'NONE', #1140, #1550 ) ;
#4926 = CARTESIAN_POINT ( 'NONE',  ( 1500.000000000000000, 0.000000000000000000, -301.0000000000000568 ) ) ;
#4927 = VECTOR ( 'NONE', #1999, 1000.000000000000000 ) ;
#4928 = CARTESIAN_POINT ( 'NONE',  ( 806.2118054896012609, 74.99947420548846821, -0.000000000000000000 ) ) ;
#4929 = ORIENTED_EDGE ( 'NONE', *, *, #3225, .T. ) ;
#4930 = ORIENTED_EDGE ( 'NONE', *, *, #4745, .T. ) ;
#4931 = FACE_OUTER_BOUND ( 'NONE', #631, .T. ) ;
#4932 = DIRECTION ( 'NONE',  ( -0.000000000000000000, 1.000000000000000000, -0.000000000000000000 ) ) ;
#4933 = CARTESIAN_POINT ( 'NONE',  ( 1484.000000000000000, 0.000000000000000000, -380.0000000000000000 ) ) ;
#4934 = MECHANICAL_DESIGN_GEOMETRIC_PRESENTATION_REPRESENTATION (  '', ( #5044 ), #5323 ) ;
#4935 = LINE ( 'NONE', #2164, #5147 ) ;
#4936 = EDGE_CURVE ( 'NONE', #3046, #1764, #535, .T. ) ;
#4937 = EDGE_CURVE ( 'NONE', #1677, #2273, #4143, .T. ) ;
#4938 = ORIENTED_EDGE ( 'NONE', *, *, #2318, .F. ) ;
#4939 = ORIENTED_EDGE ( 'NONE', *, *, #2362, .F. ) ;
#4940 =( LENGTH_UNIT ( ) NAMED_UNIT ( * ) SI_UNIT ( .MILLI., .METRE. ) );
#4941 = MECHANICAL_DESIGN_GEOMETRIC_PRESENTATION_REPRESENTATION (  '', ( #4113 ), #2412 ) ;
#4942 = VERTEX_POINT ( 'NONE', #2305 ) ;
#4943 = DIRECTION ( 'NONE',  ( 1.000000000000000000, 0.000000000000000000, 0.000000000000000000 ) ) ;
#4944 = VECTOR ( 'NONE', #2561, 1000.000000000000114 ) ;
#4945 = PRESENTATION_LAYER_ASSIGNMENT (  '', '', ( #4652 ) ) ;
#4946 = SURFACE_STYLE_USAGE ( .BOTH. , #105 ) ;
#4947 = CARTESIAN_POINT ( 'NONE',  ( 1485.000000000000000, 0.000000000000000000, -450.0000000000000000 ) ) ;
#4948 =( NAMED_UNIT ( * ) PLANE_ANGLE_UNIT ( ) SI_UNIT ( $, .RADIAN. ) );
#4949 = ORIENTED_EDGE ( 'NONE', *, *, #2660, .F. ) ;
#4950 = ORIENTED_EDGE ( 'NONE', *, *, #3707, .F. ) ;
#4951 = ORIENTED_EDGE ( 'NONE', *, *, #3805, .F. ) ;
#4952 = CARTESIAN_POINT ( 'NONE',  ( 818.8953879297326921, 1.217749339177641439E-13, 300.0000000000000000 ) ) ;
#4953 = SURFACE_STYLE_USAGE ( .BOTH. , #1162 ) ;
#4954 = DIRECTION ( 'NONE',  ( 1.000000000000000000, 0.000000000000000000, 0.000000000000000000 ) ) ;
#4955 = DIRECTION ( 'NONE',  ( 1.000000000000000000, 0.000000000000000000, 0.000000000000000000 ) ) ;
#4956 = DIRECTION ( 'NONE',  ( 1.000000000000000000, 0.000000000000000000, -0.000000000000000000 ) ) ;
#4957 = STYLED_ITEM ( 'NONE', ( #5178 ), #304 ) ;
#4958 = VERTEX_POINT ( 'NONE', #545 ) ;
#4959 = EDGE_LOOP ( 'NONE', ( #771, #3189, #3006, #4412, #4779, #3983 ) ) ;
#4960 = UNCERTAINTY_MEASURE_WITH_UNIT (LENGTH_MEASURE( 1.000000000000000082E-05 ), #2559, 'distance_accuracy_value', 'NONE');
#4961 = CARTESIAN_POINT ( 'NONE',  ( -40.80756529893636753, -49.02021348074790552, 320.0000000000000000 ) ) ;
#4962 = DIRECTION ( 'NONE',  ( -0.000000000000000000, -1.000000000000000000, -0.000000000000000000 ) ) ;
#4963 = ORIENTED_EDGE ( 'NONE', *, *, #2717, .T. ) ;
#4964 =( NAMED_UNIT ( * ) SI_UNIT ( $, .STERADIAN. ) SOLID_ANGLE_UNIT ( ) );
#4965 = VERTEX_POINT ( 'NONE', #3575 ) ;
#4966 = EDGE_CURVE ( 'NONE', #1219, #2751, #1681, .T. ) ;
#4967 =( NAMED_UNIT ( * ) SI_UNIT ( $, .STERADIAN. ) SOLID_ANGLE_UNIT ( ) );
#4968 = DIRECTION ( 'NONE',  ( 1.000000000000000000, 0.000000000000000000, -0.000000000000000000 ) ) ;
#4969 = ADVANCED_FACE ( 'NONE', ( #259 ), #5246, .F. ) ;
#4970 = PRESENTATION_LAYER_ASSIGNMENT (  '', '', ( #1443 ) ) ;
#4971 = VECTOR ( 'NONE', #5113, 1000.000000000000000 ) ;
#4972 = DIRECTION ( 'NONE',  ( -1.000000000000000000, 0.000000000000000000, 0.000000000000000000 ) ) ;
#4973 = EDGE_CURVE ( 'NONE', #2459, #956, #2840, .T. ) ;
#4974 = LINE ( 'NONE', #2565, #704 ) ;
#4975 = PRESENTATION_LAYER_ASSIGNMENT (  '', '', ( #3496 ) ) ;
#4976 = CARTESIAN_POINT ( 'NONE',  ( 1503.120971213320217, -134.9639193958356600, 301.0000000000000568 ) ) ;
#4977 = CARTESIAN_POINT ( 'NONE',  ( 0.000000000000000000, 0.000000000000000000, -300.0000000000000000 ) ) ;
#4978 = VERTEX_POINT ( 'NONE', #1844 ) ;
#4979 = CARTESIAN_POINT ( 'NONE',  ( 0.000000000000000000, -135.0000000000000000, -280.0000000000000000 ) ) ;
#4980 = ORIENTED_EDGE ( 'NONE', *, *, #4649, .F. ) ;
#4981 = DIRECTION ( 'NONE',  ( 0.000000000000000000, 0.000000000000000000, 1.000000000000000000 ) ) ;
#4982 = ORIENTED_EDGE ( 'NONE', *, *, #732, .F. ) ;
#4983 = VECTOR ( 'NONE', #1824, 1000.000000000000000 ) ;
#4984 =( LENGTH_UNIT ( ) NAMED_UNIT ( * ) SI_UNIT ( .MILLI., .METRE. ) );
#4985 = EDGE_CURVE ( 'NONE', #199, #1673, #400, .T. ) ;
#4986 = DIRECTION ( 'NONE',  ( -1.000000000000000000, 0.000000000000000000, 0.000000000000000000 ) ) ;
#4987 = VECTOR ( 'NONE', #2400, 1000.000000000000000 ) ;
#4988 = FILL_AREA_STYLE ('',( #1989 ) ) ;
#4989 = ORIENTED_EDGE ( 'NONE', *, *, #5007, .T. ) ;
#4990 = FACE_OUTER_BOUND ( 'NONE', #5063, .T. ) ;
#4991 = CARTESIAN_POINT ( 'NONE',  ( 691.5777327430830610, -49.02021348074768525, -448.3351875541625304 ) ) ;
#4992 = VECTOR ( 'NONE', #791, 1000.000000000000000 ) ;
#4993 = ADVANCED_FACE ( 'NONE', ( #10 ), #1378, .F. ) ;
#4994 = CLOSED_SHELL ( 'NONE', ( #5378, #3074, #721, #2991, #2629, #5488 ) ) ;
#4995 = UNCERTAINTY_MEASURE_WITH_UNIT (LENGTH_MEASURE( 1.000000000000000082E-05 ), #3289, 'distance_accuracy_value', 'NONE');
#4996 = CARTESIAN_POINT ( 'NONE',  ( 678.8941503029516298, 2.883083876115375998E-13, 300.0000000000000000 ) ) ;
#4997 = SURFACE_SIDE_STYLE ('',( #3884 ) ) ;
#4998 = ORIENTED_EDGE ( 'NONE', *, *, #4572, .F. ) ;
#4999 =( LENGTH_UNIT ( ) NAMED_UNIT ( * ) SI_UNIT ( .MILLI., .METRE. ) );
#5000 = ORIENTED_EDGE ( 'NONE', *, *, #3178, .F. ) ;
#5001 = DIRECTION ( 'NONE',  ( 0.000000000000000000, 0.000000000000000000, 1.000000000000000000 ) ) ;
#5002 = EDGE_LOOP ( 'NONE', ( #2297, #4393, #4913, #161 ) ) ;
#5003 =( GEOMETRIC_REPRESENTATION_CONTEXT ( 3 ) GLOBAL_UNCERTAINTY_ASSIGNED_CONTEXT ( ( #3271 ) ) GLOBAL_UNIT_ASSIGNED_CONTEXT ( ( #1038, #2384, #3188 ) ) REPRESENTATION_CONTEXT ( 'NONE', 'WORKASPACE' ) );
#5004 = COLOUR_RGB ( '',0.2509803921568627416, 0.2509803921568627416, 0.2509803921568627416 ) ;
#5005 = CARTESIAN_POINT ( 'NONE',  ( 859.8430926701265662, 91.61245815494616807, 175.8942926348142066 ) ) ;
#5006 =( LENGTH_UNIT ( ) NAMED_UNIT ( * ) SI_UNIT ( .MILLI., .METRE. ) );
#5007 = EDGE_CURVE ( 'NONE', #149, #4793, #5254, .T. ) ;
#5008 = ORIENTED_EDGE ( 'NONE', *, *, #1308, .F. ) ;
#5009 = SURFACE_STYLE_FILL_AREA ( #4759 ) ;
#5010 = DIRECTION ( 'NONE',  ( -0.000000000000000000, -0.000000000000000000, 1.000000000000000000 ) ) ;
#5011 = AXIS2_PLACEMENT_3D ( 'NONE', #4130, #4145, #4570 ) ;
#5012 = ORIENTED_EDGE ( 'NONE', *, *, #1286, .T. ) ;
#5013 = FACE_OUTER_BOUND ( 'NONE', #2301, .T. ) ;
#5014 = DIRECTION ( 'NONE',  ( 1.000000000000000000, 0.000000000000000000, 0.000000000000000000 ) ) ;
#5015 = CARTESIAN_POINT ( 'NONE',  ( 818.8953879297326921, -49.02021348074790552, -300.0000000000000000 ) ) ;
#5016 = AXIS2_PLACEMENT_3D ( 'NONE', #2550, #3401, #5141 ) ;
#5017 = DIRECTION ( 'NONE',  ( 1.000000000000000000, 0.000000000000000000, 0.000000000000000000 ) ) ;
#5018 = ORIENTED_EDGE ( 'NONE', *, *, #3732, .T. ) ;
#5019 = ORIENTED_EDGE ( 'NONE', *, *, #4277, .T. ) ;
#5020 = LINE ( 'NONE', #5295, #4809 ) ;
#5021 = CARTESIAN_POINT ( 'NONE',  ( 1517.560188854146190, 19.24254134127678739, 380.0000000000000000 ) ) ;
#5022 = CARTESIAN_POINT ( 'NONE',  ( 1540.807565298936424, 0.000000000000000000, -330.0000000000000000 ) ) ;
#5023 =( LENGTH_UNIT ( ) NAMED_UNIT ( * ) SI_UNIT ( .MILLI., .METRE. ) );
#5024 = VERTEX_POINT ( 'NONE', #3118 ) ;
#5025 = ORIENTED_EDGE ( 'NONE', *, *, #3147, .T. ) ;
#5026 = VECTOR ( 'NONE', #3923, 1000.000000000000000 ) ;
#5027 = ADVANCED_FACE ( 'NONE', ( #3897 ), #576, .F. ) ;
#5028 =( LENGTH_UNIT ( ) NAMED_UNIT ( * ) SI_UNIT ( .MILLI., .METRE. ) );
#5029 = DIRECTION ( 'NONE',  ( 0.000000000000000000, -1.000000000000000000, 0.000000000000000000 ) ) ;
#5030 = CARTESIAN_POINT ( 'NONE',  ( 1220.369833262022212, 70.00000000000000000, 300.0000000000000000 ) ) ;
#5031 = ORIENTED_EDGE ( 'NONE', *, *, #3206, .F. ) ;
#5032 = UNCERTAINTY_MEASURE_WITH_UNIT (LENGTH_MEASURE( 1.000000000000000082E-05 ), #1117, 'distance_accuracy_value', 'NONE');
#5033 = LINE ( 'NONE', #1664, #513 ) ;
#5034 = DIRECTION ( 'NONE',  ( 2.127812435020657618E-15, -0.000000000000000000, 1.000000000000000000 ) ) ;
#5035 = MECHANICAL_DESIGN_GEOMETRIC_PRESENTATION_REPRESENTATION (  '', ( #3546 ), #1292 ) ;
#5036 = SURFACE_STYLE_FILL_AREA ( #1128 ) ;
#5037 = CARTESIAN_POINT ( 'NONE',  ( -17.56018885414601982, 19.24254134127659199, 320.0000000000000000 ) ) ;
#5038 = VECTOR ( 'NONE', #4271, 1000.000000000000000 ) ;
#5039 = SURFACE_SIDE_STYLE ('',( #5456 ) ) ;
#5040 = DIRECTION ( 'NONE',  ( -0.000000000000000000, -0.000000000000000000, 1.000000000000000000 ) ) ;
#5041 = EDGE_CURVE ( 'NONE', #1003, #3558, #1615, .T. ) ;
#5042 = FACE_OUTER_BOUND ( 'NONE', #1420, .T. ) ;
#5043 = CARTESIAN_POINT ( 'NONE',  ( 1517.560188854146190, 19.24254134127678739, 330.0000000000000000 ) ) ;
#5044 = STYLED_ITEM ( 'NONE', ( #5287 ), #2991 ) ;
#5045 = DIRECTION ( 'NONE',  ( 0.000000000000000000, -0.000000000000000000, -1.000000000000000000 ) ) ;
#5046 = ORIENTED_EDGE ( 'NONE', *, *, #1340, .F. ) ;
#5047 = EDGE_CURVE ( 'NONE', #1122, #209, #2429, .T. ) ;
#5048 = CARTESIAN_POINT ( 'NONE',  ( 907.0854269245697878, 89.61245815494616807, 175.8942926348142066 ) ) ;
#5049 = EDGE_CURVE ( 'NONE', #2515, #557, #3765, .T. ) ;
#5050 = VECTOR ( 'NONE', #1580, 1000.000000000000000 ) ;
#5051 = ORIENTED_EDGE ( 'NONE', *, *, #3975, .T. ) ;
#5052 = VERTEX_POINT ( 'NONE', #1052 ) ;
#5053 = MECHANICAL_DESIGN_GEOMETRIC_PRESENTATION_REPRESENTATION (  '', ( #195 ), #2541 ) ;
#5054 = PRESENTATION_STYLE_ASSIGNMENT (( #4519 ) ) ;
#5055 = ADVANCED_FACE ( 'NONE', ( #4400 ), #3126, .T. ) ;
#5056 = PLANE ( 'NONE',  #3005 ) ;
#5057 = DIRECTION ( 'NONE',  ( -1.000000000000000000, 0.000000000000000000, 0.000000000000000000 ) ) ;
#5058 = LINE ( 'NONE', #229, #5448 ) ;
#5059 = VERTEX_POINT ( 'NONE', #2833 ) ;
#5060 = LINE ( 'NONE', #1545, #79 ) ;
#5061 =( LENGTH_UNIT ( ) NAMED_UNIT ( * ) SI_UNIT ( .MILLI., .METRE. ) );
#5062 = ORIENTED_EDGE ( 'NONE', *, *, #5424, .T. ) ;
#5063 = EDGE_LOOP ( 'NONE', ( #4646, #1682, #4754, #759 ) ) ;
#5064 = CARTESIAN_POINT ( 'NONE',  ( 249.6301667379776461, 70.00000000000000000, -300.0000000000000000 ) ) ;
#5065 = DIRECTION ( 'NONE',  ( 0.000000000000000000, 0.000000000000000000, 1.000000000000000000 ) ) ;
#5066 = CIRCLE ( 'NONE', #4099, 135.0000000000000000 ) ;
#5067 = ORIENTED_EDGE ( 'NONE', *, *, #300, .T. ) ;
#5068 = DIRECTION ( 'NONE',  ( -1.000000000000000000, 0.000000000000000000, 0.000000000000000000 ) ) ;
#5069 = MECHANICAL_DESIGN_GEOMETRIC_PRESENTATION_REPRESENTATION (  '', ( #5345 ), #3406 ) ;
#5070 = LINE ( 'NONE', #1984, #2847 ) ;
#5071 = CARTESIAN_POINT ( 'NONE',  ( 0.000000000000000000, 89.61245815494616807, 0.000000000000000000 ) ) ;
#5072 = ORIENTED_EDGE ( 'NONE', *, *, #4985, .T. ) ;
#5073 = CARTESIAN_POINT ( 'NONE',  ( 691.5777327430830610, -49.02021348074768525, -300.0000000000000000 ) ) ;
#5074 = VERTEX_POINT ( 'NONE', #5296 ) ;
#5075 = ORIENTED_EDGE ( 'NONE', *, *, #5127, .T. ) ;
#5076 =( LENGTH_UNIT ( ) NAMED_UNIT ( * ) SI_UNIT ( .MILLI., .METRE. ) );
#5077 = ADVANCED_FACE ( 'NONE', ( #2088 ), #218, .F. ) ;
#5078 = ORIENTED_EDGE ( 'NONE', *, *, #3687, .T. ) ;
#5079 = AXIS2_PLACEMENT_3D ( 'NONE', #2979, #4218, #810 ) ;
#5080 = SURFACE_SIDE_STYLE ('',( #4058 ) ) ;
#5081 = CARTESIAN_POINT ( 'NONE',  ( 571.9891335774856316, 91.61245815494616807, -175.8942926348141498 ) ) ;
#5082 = DIRECTION ( 'NONE',  ( 0.000000000000000000, 0.000000000000000000, 1.000000000000000000 ) ) ;
#5083 = PRESENTATION_LAYER_ASSIGNMENT (  '', '', ( #223 ) ) ;
#5084 = CARTESIAN_POINT ( 'NONE',  ( 1250.369833262022439, 70.00000000000000000, 300.0000000000000000 ) ) ;
#5085 = PRESENTATION_STYLE_ASSIGNMENT (( #2201 ) ) ;
#5086 = COLOUR_RGB ( '',1.000000000000000000, 1.000000000000000000, 0.000000000000000000 ) ;
#5087 = EDGE_CURVE ( 'NONE', #2386, #3084, #1258, .T. ) ;
#5088 = DIRECTION ( 'NONE',  ( 0.7386591800803956609, 0.6740790871128977679, 0.000000000000000000 ) ) ;
#5089 = VERTEX_POINT ( 'NONE', #1892 ) ;
#5090 = PRESENTATION_LAYER_ASSIGNMENT (  '', '', ( #4790 ) ) ;
#5091 = VERTEX_POINT ( 'NONE', #1031 ) ;
#5092 = ORIENTED_EDGE ( 'NONE', *, *, #4552, .T. ) ;
#5093 = LINE ( 'NONE', #1085, #431 ) ;
#5094 = CARTESIAN_POINT ( 'NONE',  ( 17.56018885414567521, 19.24254134127670213, -320.0000000000000000 ) ) ;
#5095 = FILL_AREA_STYLE ('',( #2908 ) ) ;
#5096 = EDGE_LOOP ( 'NONE', ( #3279, #90, #2072, #5314 ) ) ;
#5097 = PRESENTATION_LAYER_ASSIGNMENT (  '', '', ( #2041 ) ) ;
#5098 = VERTEX_POINT ( 'NONE', #4075 ) ;
#5099 = DIRECTION ( 'NONE',  ( 0.000000000000000000, 0.000000000000000000, 1.000000000000000000 ) ) ;
#5100 = COLOUR_RGB ( '',0.7921568627450980005, 0.8196078431372548767, 0.9333333333333333481 ) ;
#5101 = DIRECTION ( 'NONE',  ( 0.000000000000000000, 0.000000000000000000, 1.000000000000000000 ) ) ;
#5102 = FILL_AREA_STYLE ('',( #1234 ) ) ;
#5103 = AXIS2_PLACEMENT_3D ( 'NONE', #3300, #695, #3716 ) ;
#5104 = ORIENTED_EDGE ( 'NONE', *, *, #1675, .T. ) ;
#5105 = ADVANCED_FACE ( 'NONE', ( #1806 ), #1020, .T. ) ;
#5106 = LINE ( 'NONE', #4050, #3674 ) ;
#5107 = CARTESIAN_POINT ( 'NONE',  ( 1517.560188854146190, 19.24254134127678739, -320.0000000000000000 ) ) ;
#5108 = DIRECTION ( 'NONE',  ( -0.000000000000000000, -0.000000000000000000, -1.000000000000000000 ) ) ;
#5109 = AXIS2_PLACEMENT_3D ( 'NONE', #5307, #3623, #4053 ) ;
#5110 = VECTOR ( 'NONE', #1703, 1000.000000000000000 ) ;
#5111 = ADVANCED_FACE ( 'NONE', ( #1121 ), #592, .F. ) ;
#5112 = DIRECTION ( 'NONE',  ( -0.7703400663434777362, -0.6376332662165034026, -0.000000000000000000 ) ) ;
#5113 = DIRECTION ( 'NONE',  ( 1.000000000000000000, 0.000000000000000000, 0.000000000000000000 ) ) ;
#5114 = CARTESIAN_POINT ( 'NONE',  ( 715.9415165299158161, 91.61245815494616807, 24.55957348493370418 ) ) ;
#5115 = AXIS2_PLACEMENT_3D ( 'NONE', #5150, #4715, #1542 ) ;
#5116 = EDGE_LOOP ( 'NONE', ( #5457, #2239, #5163, #4749 ) ) ;
#5117 = DIRECTION ( 'NONE',  ( -1.000000000000000000, 0.000000000000000000, 0.000000000000000000 ) ) ;
#5118 = CIRCLE ( 'NONE', #3991, 30.00000000000002842 ) ;
#5119 = COLOUR_RGB ( '',0.9098039215686274384, 0.4431372549019607643, 0.03137254901960784270 ) ;
#5120 = DIRECTION ( 'NONE',  ( -0.000000000000000000, -0.000000000000000000, -1.000000000000000000 ) ) ;
#5121 = EDGE_CURVE ( 'NONE', #4211, #4154, #928, .T. ) ;
#5122 = EDGE_LOOP ( 'NONE', ( #4223, #5237, #2200, #4192 ) ) ;
#5123 = AXIS2_PLACEMENT_3D ( 'NONE', #2842, #2488, #341 ) ;
#5124 = LINE ( 'NONE', #3267, #5050 ) ;
#5125 = DIRECTION ( 'NONE',  ( 1.000000000000000000, 0.000000000000000000, -0.000000000000000000 ) ) ;
#5126 = VERTEX_POINT ( 'NONE', #1961 ) ;
#5127 = EDGE_CURVE ( 'NONE', #409, #1285, #3303, .T. ) ;
#5128 = VECTOR ( 'NONE', #4105, 1000.000000000000000 ) ;
#5129 = DIRECTION ( 'NONE',  ( 0.000000000000000000, 0.000000000000000000, -1.000000000000000000 ) ) ;
#5130 = EDGE_CURVE ( 'NONE', #4718, #4140, #2222, .T. ) ;
#5131 = ORIENTED_EDGE ( 'NONE', *, *, #5433, .F. ) ;
#5132 = FACE_OUTER_BOUND ( 'NONE', #1496, .T. ) ;
#5133 = STYLED_ITEM ( 'NONE', ( #1932 ), #5334 ) ;
#5134 = AXIS2_PLACEMENT_3D ( 'NONE', #3107, #892, #2676 ) ;
#5135 = CARTESIAN_POINT ( 'NONE',  ( -110.0000000000000000, 0.000000000000000000, 280.0000000000000000 ) ) ;
#5136 = DIRECTION ( 'NONE',  ( -0.000000000000000000, -0.000000000000000000, -1.000000000000000000 ) ) ;
#5137 = FACE_OUTER_BOUND ( 'NONE', #1191, .T. ) ;
#5138 = CARTESIAN_POINT ( 'NONE',  ( 1503.120971213320217, 134.9639193958356884, 280.0000000000000000 ) ) ;
#5139 = UNCERTAINTY_MEASURE_WITH_UNIT (LENGTH_MEASURE( 1.000000000000000082E-05 ), #198, 'distance_accuracy_value', 'NONE');
#5140 = PLANE ( 'NONE',  #4065 ) ;
#5141 = DIRECTION ( 'NONE',  ( -1.000000000000000000, 0.000000000000000000, 0.000000000000000000 ) ) ;
#5142 = VERTEX_POINT ( 'NONE', #1730 ) ;
#5143 = VECTOR ( 'NONE', #1799, 1000.000000000000000 ) ;
#5144 =( NAMED_UNIT ( * ) SI_UNIT ( $, .STERADIAN. ) SOLID_ANGLE_UNIT ( ) );
#5145 = ORIENTED_EDGE ( 'NONE', *, *, #3975, .F. ) ;
#5146 = AXIS2_PLACEMENT_3D ( 'NONE', #4893, #4085, #4426 ) ;
#5147 = VECTOR ( 'NONE', #4642, 1000.000000000000000 ) ;
#5148 = CARTESIAN_POINT ( 'NONE',  ( -110.0000000000000000, 0.000000000000000000, 280.0000000000000000 ) ) ;
#5149 = AXIS2_PLACEMENT_3D ( 'NONE', #356, #2042, #2914 ) ;
#5150 = CARTESIAN_POINT ( 'NONE',  ( 1517.560188854146190, 19.24254134127678739, -380.0000000000000000 ) ) ;
#5151 =( NAMED_UNIT ( * ) PLANE_ANGLE_UNIT ( ) SI_UNIT ( $, .RADIAN. ) );
#5152 = EDGE_LOOP ( 'NONE', ( #1942, #1466, #1425, #3318 ) ) ;
#5153 = LINE ( 'NONE', #5492, #2456 ) ;
#5154 = LINE ( 'NONE', #4871, #36 ) ;
#5155 = DIRECTION ( 'NONE',  ( -1.000000000000000000, -0.000000000000000000, -0.000000000000000000 ) ) ;
#5156 = EDGE_CURVE ( 'NONE', #4183, #5074, #5058, .T. ) ;
#5157 = DIRECTION ( 'NONE',  ( -0.000000000000000000, -0.000000000000000000, -1.000000000000000000 ) ) ;
#5158 = ORIENTED_EDGE ( 'NONE', *, *, #3467, .T. ) ;
#5159 =( NAMED_UNIT ( * ) SI_UNIT ( $, .STERADIAN. ) SOLID_ANGLE_UNIT ( ) );
#5160 =( NAMED_UNIT ( * ) SI_UNIT ( $, .STERADIAN. ) SOLID_ANGLE_UNIT ( ) );
#5161 = AXIS2_PLACEMENT_3D ( 'NONE', #1776, #532, #4339 ) ;
#5162 = FILL_AREA_STYLE_COLOUR ( '', #5301 ) ;
#5163 = ORIENTED_EDGE ( 'NONE', *, *, #2410, .T. ) ;
#5164 = COLOUR_RGB ( '',0.7921568627450980005, 0.8196078431372548767, 0.9333333333333333481 ) ;
#5165 = EDGE_CURVE ( 'NONE', #3867, #1119, #789, .T. ) ;
#5166 = CARTESIAN_POINT ( 'NONE',  ( 619.2314678319288532, 89.61245815494616807, 175.8942926348141782 ) ) ;
#5167 = ORIENTED_EDGE ( 'NONE', *, *, #1569, .F. ) ;
#5168 =( GEOMETRIC_REPRESENTATION_CONTEXT ( 3 ) GLOBAL_UNCERTAINTY_ASSIGNED_CONTEXT ( ( #4156 ) ) GLOBAL_UNIT_ASSIGNED_CONTEXT ( ( #4286, #5151, #3512 ) ) REPRESENTATION_CONTEXT ( 'NONE', 'WORKASPACE' ) );
#5169 = CARTESIAN_POINT ( 'NONE',  ( 763.1330439721396033, 91.61245815494616807, -24.55957348493365089 ) ) ;
#5170 = ADVANCED_FACE ( 'NONE', ( #3375 ), #4071, .F. ) ;
#5171 = CARTESIAN_POINT ( 'NONE',  ( -17.56018885414611930, 19.24254134127670213, -320.0000000000000000 ) ) ;
#5172 = LINE ( 'NONE', #4396, #301 ) ;
#5173 = CARTESIAN_POINT ( 'NONE',  ( 429.6301667379777314, 70.00000000000000000, -300.0000000000000000 ) ) ;
#5174 = DIRECTION ( 'NONE',  ( 0.000000000000000000, 0.000000000000000000, 1.000000000000000000 ) ) ;
#5175 = FILL_AREA_STYLE ('',( #388 ) ) ;
#5176 = UNCERTAINTY_MEASURE_WITH_UNIT (LENGTH_MEASURE( 1.000000000000000082E-05 ), #3436, 'distance_accuracy_value', 'NONE');
#5177 = CARTESIAN_POINT ( 'NONE',  ( 1517.560188854146190, 19.24254134127678739, 380.0000000000000000 ) ) ;
#5178 = PRESENTATION_STYLE_ASSIGNMENT (( #5496 ) ) ;
#5179 = DIRECTION ( 'NONE',  ( 0.000000000000000000, 1.000000000000000000, 0.000000000000000000 ) ) ;
#5180 = PRESENTATION_LAYER_ASSIGNMENT (  '', '', ( #5345 ) ) ;
#5181 = EDGE_LOOP ( 'NONE', ( #1352, #4595, #4522, #3611, #4849 ) ) ;
#5182 = FACE_OUTER_BOUND ( 'NONE', #4023, .T. ) ;
#5183 = CARTESIAN_POINT ( 'NONE',  ( 806.2118054896012609, -49.02021348074790552, -300.0000000000000000 ) ) ;
#5184 = AXIS2_PLACEMENT_3D ( 'NONE', #1997, #1595, #3662 ) ;
#5185 = LINE ( 'NONE', #1108, #128 ) ;
#5186 = SURFACE_SIDE_STYLE ('',( #2954 ) ) ;
#5187 = VECTOR ( 'NONE', #2396, 1000.000000000000227 ) ;
#5188 = DIRECTION ( 'NONE',  ( 1.000000000000000000, 0.000000000000000000, -0.000000000000000000 ) ) ;
#5189 = MECHANICAL_DESIGN_GEOMETRIC_PRESENTATION_REPRESENTATION (  '', ( #4607 ), #4891 ) ;
#5190 =( LENGTH_UNIT ( ) NAMED_UNIT ( * ) SI_UNIT ( .MILLI., .METRE. ) );
#5191 = FACE_OUTER_BOUND ( 'NONE', #1159, .T. ) ;
#5192 = VECTOR ( 'NONE', #1716, 1000.000000000000000 ) ;
#5193 = EDGE_CURVE ( 'NONE', #3889, #5142, #4074, .T. ) ;
#5194 = CARTESIAN_POINT ( 'NONE',  ( 2.122512476796882743E-13, -15.26077213197296700, 45.29195697192869829 ) ) ;
#5195 = DIRECTION ( 'NONE',  ( 0.000000000000000000, 0.000000000000000000, 1.000000000000000000 ) ) ;
#5196 = ADVANCED_FACE ( 'NONE', ( #4774 ), #2509, .F. ) ;
#5197 = ORIENTED_EDGE ( 'NONE', *, *, #3273, .T. ) ;
#5198 = STYLED_ITEM ( 'NONE', ( #4362 ), #3507 ) ;
#5199 = COLOUR_RGB ( '',1.000000000000000000, 1.000000000000000000, 0.000000000000000000 ) ;
#5200 = FILL_AREA_STYLE ('',( #124 ) ) ;
#5201 = DIRECTION ( 'NONE',  ( -0.7386591800803956609, -0.6740790871128977679, 0.000000000000000000 ) ) ;
#5202 =( NAMED_UNIT ( * ) SI_UNIT ( $, .STERADIAN. ) SOLID_ANGLE_UNIT ( ) );
#5203 = PRODUCT_RELATED_PRODUCT_CATEGORY ( 'part', '', ( #94 ) ) ;
#5204 = PRESENTATION_LAYER_ASSIGNMENT (  '', '', ( #2942 ) ) ;
#5205 = ORIENTED_EDGE ( 'NONE', *, *, #5398, .T. ) ;
#5206 = UNCERTAINTY_MEASURE_WITH_UNIT (LENGTH_MEASURE( 1.000000000000000082E-05 ), #4473, 'distance_accuracy_value', 'NONE');
#5207 = DIRECTION ( 'NONE',  ( -0.000000000000000000, -0.000000000000000000, -1.000000000000000000 ) ) ;
#5208 = ORIENTED_EDGE ( 'NONE', *, *, #3906, .T. ) ;
#5209 = DIRECTION ( 'NONE',  ( -1.000000000000000000, 0.000000000000000000, 0.000000000000000000 ) ) ;
#5210 = VERTEX_POINT ( 'NONE', #2895 ) ;
#5211 = SURFACE_STYLE_FILL_AREA ( #4867 ) ;
#5212 = ORIENTED_EDGE ( 'NONE', *, *, #2985, .T. ) ;
#5213 = EDGE_CURVE ( 'NONE', #685, #5089, #1392, .T. ) ;
#5214 = DIRECTION ( 'NONE',  ( 1.000000000000000000, 0.000000000000000000, 0.000000000000000000 ) ) ;
#5215 = ORIENTED_EDGE ( 'NONE', *, *, #1406, .T. ) ;
#5216 = DIRECTION ( 'NONE',  ( 0.7703400663434765150, -0.6376332662165049570, 0.000000000000000000 ) ) ;
#5217 = DIRECTION ( 'NONE',  ( -0.000000000000000000, -0.000000000000000000, -1.000000000000000000 ) ) ;
#5218 = VECTOR ( 'NONE', #751, 1000.000000000000000 ) ;
#5219 = PLANE ( 'NONE',  #2927 ) ;
#5220 =( GEOMETRIC_REPRESENTATION_CONTEXT ( 3 ) GLOBAL_UNCERTAINTY_ASSIGNED_CONTEXT ( ( #2438 ) ) GLOBAL_UNIT_ASSIGNED_CONTEXT ( ( #221, #4454, #1023 ) ) REPRESENTATION_CONTEXT ( 'NONE', 'WORKASPACE' ) );
#5221 = ORIENTED_EDGE ( 'NONE', *, *, #4817, .T. ) ;
#5222 = ORIENTED_EDGE ( 'NONE', *, *, #4406, .T. ) ;
#5223 =( NAMED_UNIT ( * ) SI_UNIT ( $, .STERADIAN. ) SOLID_ANGLE_UNIT ( ) );
#5224 = CARTESIAN_POINT ( 'NONE',  ( 0.000000000000000000, 91.61245815494616807, 0.000000000000000000 ) ) ;
#5225 = EDGE_CURVE ( 'NONE', #3704, #1119, #644, .T. ) ;
#5226 = ORIENTED_EDGE ( 'NONE', *, *, #2749, .T. ) ;
#5227 = PLANE ( 'NONE',  #2110 ) ;
#5228 = LINE ( 'NONE', #5302, #1846 ) ;
#5229 =( GEOMETRIC_REPRESENTATION_CONTEXT ( 3 ) GLOBAL_UNCERTAINTY_ASSIGNED_CONTEXT ( ( #1669 ) ) GLOBAL_UNIT_ASSIGNED_CONTEXT ( ( #4940, #2428, #271 ) ) REPRESENTATION_CONTEXT ( 'NONE', 'WORKASPACE' ) );
#5230 = CARTESIAN_POINT ( 'NONE',  ( 38.64626032787765553, 0.000000000000000000, 320.0000000000000000 ) ) ;
#5231 = EDGE_CURVE ( 'NONE', #3591, #3704, #2710, .T. ) ;
#5232 = ORIENTED_EDGE ( 'NONE', *, *, #3280, .F. ) ;
#5233 = EDGE_CURVE ( 'NONE', #4018, #655, #1458, .T. ) ;
#5234 = AXIS2_PLACEMENT_3D ( 'NONE', #5406, #3758, #3339 ) ;
#5235 = ORIENTED_EDGE ( 'NONE', *, *, #3557, .T. ) ;
#5236 =( GEOMETRIC_REPRESENTATION_CONTEXT ( 3 ) GLOBAL_UNCERTAINTY_ASSIGNED_CONTEXT ( ( #3116 ) ) GLOBAL_UNIT_ASSIGNED_CONTEXT ( ( #2605, #3858, #2144 ) ) REPRESENTATION_CONTEXT ( 'NONE', 'WORKASPACE' ) );
#5237 = ORIENTED_EDGE ( 'NONE', *, *, #5397, .F. ) ;
#5238 = CARTESIAN_POINT ( 'NONE',  ( 1540.807565298936424, -49.02021348074790552, -380.0000000000000000 ) ) ;
#5239 = CARTESIAN_POINT ( 'NONE',  ( 806.2118054896012609, -33.75944134877364178, -448.3351875541625304 ) ) ;
#5240 = DIRECTION ( 'NONE',  ( 1.000000000000000000, 0.000000000000000000, 0.000000000000000000 ) ) ;
#5241 = LINE ( 'NONE', #1810, #577 ) ;
#5242 = CARTESIAN_POINT ( 'NONE',  ( 1540.807565298936424, -49.02021348074790552, 330.0000000000000000 ) ) ;
#5243 = ORIENTED_EDGE ( 'NONE', *, *, #3555, .T. ) ;
#5244 = AXIS2_PLACEMENT_3D ( 'NONE', #2178, #2994, #2124 ) ;
#5245 = FACE_OUTER_BOUND ( 'NONE', #4407, .T. ) ;
#5246 = PLANE ( 'NONE',  #142 ) ;
#5247 =( NAMED_UNIT ( * ) SI_UNIT ( $, .STERADIAN. ) SOLID_ANGLE_UNIT ( ) );
#5248 = LINE ( 'NONE', #2834, #72 ) ;
#5249 = ORIENTED_EDGE ( 'NONE', *, *, #1785, .F. ) ;
#5250 = CARTESIAN_POINT ( 'NONE',  ( 1500.000000000000000, 0.000000000000000000, 380.0000000000000000 ) ) ;
#5251 = ORIENTED_EDGE ( 'NONE', *, *, #1969, .F. ) ;
#5252 = LINE ( 'NONE', #1502, #1543 ) ;
#5253 = AXIS2_PLACEMENT_3D ( 'NONE', #1815, #3960, #4364 ) ;
#5254 = CIRCLE ( 'NONE', #530, 100.0000000000000000 ) ;
#5255 = EDGE_CURVE ( 'NONE', #4154, #4495, #3117, .T. ) ;
#5256 = VECTOR ( 'NONE', #260, 1000.000000000000000 ) ;
#5257 = DIRECTION ( 'NONE',  ( -0.000000000000000000, -0.000000000000000000, 1.000000000000000000 ) ) ;
#5258 = DIRECTION ( 'NONE',  ( 0.000000000000000000, 0.000000000000000000, 1.000000000000000000 ) ) ;
#5259 = ORIENTED_EDGE ( 'NONE', *, *, #650, .F. ) ;
#5260 = VERTEX_POINT ( 'NONE', #2482 ) ;
#5261 = ORIENTED_EDGE ( 'NONE', *, *, #699, .F. ) ;
#5262 = VECTOR ( 'NONE', #1307, 1000.000000000000000 ) ;
#5263 =( LENGTH_UNIT ( ) NAMED_UNIT ( * ) SI_UNIT ( .MILLI., .METRE. ) );
#5264 = EDGE_LOOP ( 'NONE', ( #5473, #1880, #4410, #891 ) ) ;
#5265 = VECTOR ( 'NONE', #3478, 1000.000000000000000 ) ;
#5266 = ORIENTED_EDGE ( 'NONE', *, *, #1308, .T. ) ;
#5267 = CARTESIAN_POINT ( 'NONE',  ( 1461.353739672122629, -49.02021348074790552, -380.0000000000000000 ) ) ;
#5268 = PLANE ( 'NONE',  #832 ) ;
#5269 = VERTEX_POINT ( 'NONE', #1980 ) ;
#5270 = EDGE_CURVE ( 'NONE', #3859, #3309, #1385, .T. ) ;
#5271 = SURFACE_SIDE_STYLE ('',( #235 ) ) ;
#5272 = ORIENTED_EDGE ( 'NONE', *, *, #2322, .T. ) ;
#5273 = VERTEX_POINT ( 'NONE', #5336 ) ;
#5274 = CARTESIAN_POINT ( 'NONE',  ( 0.000000000000000000, 0.000000000000000000, -301.0000000000000568 ) ) ;
#5275 = ORIENTED_EDGE ( 'NONE', *, *, #1373, .T. ) ;
#5276 = PLANE ( 'NONE',  #4517 ) ;
#5277 =( NAMED_UNIT ( * ) SI_UNIT ( $, .STERADIAN. ) SOLID_ANGLE_UNIT ( ) );
#5278 = ORIENTED_EDGE ( 'NONE', *, *, #4647, .T. ) ;
#5279 = ORIENTED_EDGE ( 'NONE', *, *, #3389, .F. ) ;
#5280 = VECTOR ( 'NONE', #4514, 1000.000000000000000 ) ;
#5281 = FILL_AREA_STYLE ('',( #609 ) ) ;
#5282 = DIRECTION ( 'NONE',  ( -0.000000000000000000, -0.000000000000000000, 1.000000000000000000 ) ) ;
#5283 = VECTOR ( 'NONE', #5257, 1000.000000000000000 ) ;
#5284 = AXIS2_PLACEMENT_3D ( 'NONE', #4153, #1590, #4972 ) ;
#5285 = VERTEX_POINT ( 'NONE', #234 ) ;
#5286 = CARTESIAN_POINT ( 'NONE',  ( 1503.120971213320217, 134.9639193958356884, 280.0000000000000000 ) ) ;
#5287 = PRESENTATION_STYLE_ASSIGNMENT (( #1792 ) ) ;
#5288 = EDGE_CURVE ( 'NONE', #45, #1298, #1800, .T. ) ;
#5289 = MECHANICAL_DESIGN_GEOMETRIC_PRESENTATION_REPRESENTATION (  '', ( #525 ), #1959 ) ;
#5290 = FACE_OUTER_BOUND ( 'NONE', #2034, .T. ) ;
#5291 = CIRCLE ( 'NONE', #5109, 26.05063588214331460 ) ;
#5292 = CARTESIAN_POINT ( 'NONE',  ( 691.5777327430830610, -161.3648997254208268, 0.000000000000000000 ) ) ;
#5293 = FILL_AREA_STYLE_COLOUR ( '', #5441 ) ;
#5294 = UNCERTAINTY_MEASURE_WITH_UNIT (LENGTH_MEASURE( 1.000000000000000082E-05 ), #4639, 'distance_accuracy_value', 'NONE');
#5295 = CARTESIAN_POINT ( 'NONE',  ( -135.0000000000000000, 0.000000000000000000, 301.0000000000000568 ) ) ;
#5296 = CARTESIAN_POINT ( 'NONE',  ( 1500.000000000000000, -110.0000000000000000, -280.0000000000000000 ) ) ;
#5297 = AXIS2_PLACEMENT_3D ( 'NONE', #911, #1784, #927 ) ;
#5298 = VECTOR ( 'NONE', #648, 1000.000000000000000 ) ;
#5299 = CARTESIAN_POINT ( 'NONE',  ( 806.2118054896012609, 1.217749339177641439E-13, 300.0000000000000000 ) ) ;
#5300 = DIRECTION ( 'NONE',  ( 1.000000000000000000, 0.000000000000000000, 0.000000000000000000 ) ) ;
#5301 = COLOUR_RGB ( '',1.000000000000000000, 1.000000000000000000, 0.000000000000000000 ) ;
#5302 = CARTESIAN_POINT ( 'NONE',  ( 619.2314678319288532, 91.61245815494616807, -175.8942926348141498 ) ) ;
#5303 = SURFACE_SIDE_STYLE ('',( #3819 ) ) ;
#5304 = ORIENTED_EDGE ( 'NONE', *, *, #2032, .F. ) ;
#5305 = AXIS2_PLACEMENT_3D ( 'NONE', #5171, #2140, #5495 ) ;
#5306 = FACE_OUTER_BOUND ( 'NONE', #4038, .T. ) ;
#5307 = CARTESIAN_POINT ( 'NONE',  ( 0.000000000000000000, 0.000000000000000000, -320.0000000000000000 ) ) ;
#5308 = EDGE_LOOP ( 'NONE', ( #4062, #1848, #4658, #3062 ) ) ;
#5309 = PRESENTATION_LAYER_ASSIGNMENT (  '', '', ( #3995 ) ) ;
#5310 = CARTESIAN_POINT ( 'NONE',  ( -135.0000000000000000, 0.000000000000000000, -301.0000000000000568 ) ) ;
#5311 = LINE ( 'NONE', #3262, #1674 ) ;
#5312 = DIRECTION ( 'NONE',  ( -0.000000000000000000, 0.000000000000000000, 1.000000000000000000 ) ) ;
#5313 = AXIS2_PLACEMENT_3D ( 'NONE', #4629, #5472, #2988 ) ;
#5314 = ORIENTED_EDGE ( 'NONE', *, *, #5165, .T. ) ;
#5315 = DIRECTION ( 'NONE',  ( 0.000000000000000000, 0.000000000000000000, 1.000000000000000000 ) ) ;
#5316 = DIRECTION ( 'NONE',  ( 0.000000000000000000, 0.000000000000000000, 1.000000000000000000 ) ) ;
#5317 = EDGE_LOOP ( 'NONE', ( #567, #1079, #106, #3390 ) ) ;
#5318 = FACE_OUTER_BOUND ( 'NONE', #1214, .T. ) ;
#5319 = DIRECTION ( 'NONE',  ( 1.000000000000000000, 0.000000000000000000, 0.000000000000000000 ) ) ;
#5320 = CARTESIAN_POINT ( 'NONE',  ( 399.6301667379776745, 70.00000000000000000, -300.0000000000000000 ) ) ;
#5321 =( NAMED_UNIT ( * ) SI_UNIT ( $, .STERADIAN. ) SOLID_ANGLE_UNIT ( ) );
#5322 = VERTEX_POINT ( 'NONE', #3304 ) ;
#5323 =( GEOMETRIC_REPRESENTATION_CONTEXT ( 3 ) GLOBAL_UNCERTAINTY_ASSIGNED_CONTEXT ( ( #2787 ) ) GLOBAL_UNIT_ASSIGNED_CONTEXT ( ( #3957, #2258, #5223 ) ) REPRESENTATION_CONTEXT ( 'NONE', 'WORKASPACE' ) );
#5324 = CARTESIAN_POINT ( 'NONE',  ( 1517.560188854146190, 19.24254134127662752, -330.0000000000000000 ) ) ;
#5325 = EDGE_CURVE ( 'NONE', #1288, #2940, #5248, .T. ) ;
#5326 = VECTOR ( 'NONE', #894, 1000.000000000000000 ) ;
#5327 =( NAMED_UNIT ( * ) SI_UNIT ( $, .STERADIAN. ) SOLID_ANGLE_UNIT ( ) );
#5328 = EDGE_CURVE ( 'NONE', #3632, #1206, #5124, .T. ) ;
#5329 = PRESENTATION_STYLE_ASSIGNMENT (( #3846 ) ) ;
#5330 = ORIENTED_EDGE ( 'NONE', *, *, #2803, .F. ) ;
#5331 = LINE ( 'NONE', #1056, #1690 ) ;
#5332 = DIRECTION ( 'NONE',  ( -0.000000000000000000, 0.000000000000000000, -1.000000000000000000 ) ) ;
#5333 = STYLED_ITEM ( 'NONE', ( #4036 ), #3776 ) ;
#5334 = MANIFOLD_SOLID_BREP ( 'Boss-Extrude2[2]', #1859 ) ;
#5335 = SURFACE_STYLE_USAGE ( .BOTH. , #2395 ) ;
#5336 = CARTESIAN_POINT ( 'NONE',  ( 763.1330439721397170, 89.61245815494616807, 24.55957348493370418 ) ) ;
#5337 = FILL_AREA_STYLE ('',( #4872 ) ) ;
#5338 = CARTESIAN_POINT ( 'NONE',  ( 619.2314678319289669, 91.61245815494616807, 123.7175590866630159 ) ) ;
#5339 = SURFACE_STYLE_FILL_AREA ( #321 ) ;
#5340 = DIRECTION ( 'NONE',  ( 0.000000000000000000, 0.000000000000000000, 1.000000000000000000 ) ) ;
#5341 = DIRECTION ( 'NONE',  ( 1.000000000000000000, 0.000000000000000000, 0.000000000000000000 ) ) ;
#5342 = SURFACE_STYLE_FILL_AREA ( #220 ) ;
#5343 = ORIENTED_EDGE ( 'NONE', *, *, #1711, .T. ) ;
#5344 = VERTEX_POINT ( 'NONE', #1539 ) ;
#5345 = STYLED_ITEM ( 'NONE', ( #2759 ), #279 ) ;
#5346 = SURFACE_SIDE_STYLE ('',( #2831 ) ) ;
#5347 = CARTESIAN_POINT ( 'NONE',  ( 470.5255302723741124, 74.99947420548846821, -280.0000000000000000 ) ) ;
#5348 = CIRCLE ( 'NONE', #727, 30.00000000000002842 ) ;
#5349 = DIRECTION ( 'NONE',  ( -0.000000000000000000, -0.000000000000000000, -1.000000000000000000 ) ) ;
#5350 = STYLED_ITEM ( 'NONE', ( #4832 ), #1215 ) ;
#5351 = CLOSED_SHELL ( 'NONE', ( #3507, #3100, #4206, #5055, #3374, #3556, #954 ) ) ;
#5352 = DIRECTION ( 'NONE',  ( -1.000000000000000000, 0.000000000000000000, 0.000000000000000000 ) ) ;
#5353 = PRESENTATION_LAYER_ASSIGNMENT (  '', '', ( #3233 ) ) ;
#5354 = DIRECTION ( 'NONE',  ( -1.000000000000000000, -0.000000000000000000, -0.000000000000000000 ) ) ;
#5355 = ORIENTED_EDGE ( 'NONE', *, *, #379, .T. ) ;
#5356 = CARTESIAN_POINT ( 'NONE',  ( 806.2118054896012609, -33.75944134877364178, -300.0000000000000000 ) ) ;
#5357 = VERTEX_POINT ( 'NONE', #2433 ) ;
#5358 = EDGE_CURVE ( 'NONE', #1473, #865, #3366, .T. ) ;
#5359 = LINE ( 'NONE', #4911, #1032 ) ;
#5360 = CARTESIAN_POINT ( 'NONE',  ( 0.000000000000000000, 0.000000000000000000, 301.0000000000000568 ) ) ;
#5361 = UNCERTAINTY_MEASURE_WITH_UNIT (LENGTH_MEASURE( 1.000000000000000082E-05 ), #3212, 'distance_accuracy_value', 'NONE');
#5362 = ORIENTED_EDGE ( 'NONE', *, *, #2643, .F. ) ;
#5363 = STYLED_ITEM ( 'NONE', ( #5390 ), #4169 ) ;
#5364 = ORIENTED_EDGE ( 'NONE', *, *, #5468, .T. ) ;
#5365 = CARTESIAN_POINT ( 'NONE',  ( 619.2314678319289669, 91.61245815494616807, -123.7175590866629449 ) ) ;
#5366 =( NAMED_UNIT ( * ) SI_UNIT ( $, .STERADIAN. ) SOLID_ANGLE_UNIT ( ) );
#5367 = CIRCLE ( 'NONE', #505, 135.0000000000000000 ) ;
#5368 = CARTESIAN_POINT ( 'NONE',  ( 279.6301667379776745, 70.00000000000000000, -300.0000000000000000 ) ) ;
#5369 = VERTEX_POINT ( 'NONE', #5460 ) ;
#5370 = AXIS2_PLACEMENT_3D ( 'NONE', #1856, #3965, #2283 ) ;
#5371 = FILL_AREA_STYLE_COLOUR ( '', #4236 ) ;
#5372 = MECHANICAL_DESIGN_GEOMETRIC_PRESENTATION_REPRESENTATION (  '', ( #1692 ), #3607 ) ;
#5373 = DIRECTION ( 'NONE',  ( -1.000000000000000000, -0.000000000000000000, -0.000000000000000000 ) ) ;
#5374 = SURFACE_SIDE_STYLE ('',( #5431 ) ) ;
#5375 = DIRECTION ( 'NONE',  ( 0.000000000000000000, 0.000000000000000000, 1.000000000000000000 ) ) ;
#5376 = LINE ( 'NONE', #2421, #2835 ) ;
#5377 = CYLINDRICAL_SURFACE ( 'NONE', #4387, 26.05063588214331460 ) ;
#5378 = ADVANCED_FACE ( 'NONE', ( #859 ), #4622, .F. ) ;
#5379 = DIRECTION ( 'NONE',  ( 1.000000000000000000, 0.000000000000000000, 0.000000000000000000 ) ) ;
#5380 = VECTOR ( 'NONE', #1475, 1000.000000000000000 ) ;
#5381 = STYLED_ITEM ( 'NONE', ( #3954 ), #906 ) ;
#5382 = CARTESIAN_POINT ( 'NONE',  ( 429.6301667379777314, 70.00000000000000000, -300.0000000000000000 ) ) ;
#5383 = DIRECTION ( 'NONE',  ( 0.000000000000000000, 0.000000000000000000, 1.000000000000000000 ) ) ;
#5384 = ORIENTED_EDGE ( 'NONE', *, *, #1532, .T. ) ;
#5385 = VERTEX_POINT ( 'NONE', #1710 ) ;
#5386 = LINE ( 'NONE', #3173, #1331 ) ;
#5387 = ORIENTED_EDGE ( 'NONE', *, *, #4209, .T. ) ;
#5388 = EDGE_CURVE ( 'NONE', #4775, #346, #3042, .T. ) ;
#5389 = VERTEX_POINT ( 'NONE', #4242 ) ;
#5390 = PRESENTATION_STYLE_ASSIGNMENT (( #4946 ) ) ;
#5391 = DIRECTION ( 'NONE',  ( -1.000000000000000000, 0.000000000000000000, 0.000000000000000000 ) ) ;
#5392 = VECTOR ( 'NONE', #5201, 1000.000000000000114 ) ;
#5393 = FILL_AREA_STYLE ('',( #3327 ) ) ;
#5394 = AXIS2_PLACEMENT_3D ( 'NONE', #4516, #2951, #2012 ) ;
#5395 =( NAMED_UNIT ( * ) SI_UNIT ( $, .STERADIAN. ) SOLID_ANGLE_UNIT ( ) );
#5396 = VECTOR ( 'NONE', #4620, 1000.000000000000000 ) ;
#5397 = EDGE_CURVE ( 'NONE', #2021, #1894, #4456, .T. ) ;
#5398 = EDGE_CURVE ( 'NONE', #5059, #4183, #458, .T. ) ;
#5399 =( NAMED_UNIT ( * ) PLANE_ANGLE_UNIT ( ) SI_UNIT ( $, .RADIAN. ) );
#5400 = ADVANCED_FACE ( 'NONE', ( #5442 ), #4578, .F. ) ;
#5401 = CARTESIAN_POINT ( 'NONE',  ( 399.6301667379776745, 70.00000000000000000, 300.0000000000000000 ) ) ;
#5402 = MECHANICAL_DESIGN_GEOMETRIC_PRESENTATION_REPRESENTATION (  '', ( #4451 ), #4009 ) ;
#5403 = VERTEX_POINT ( 'NONE', #5064 ) ;
#5404 =( NAMED_UNIT ( * ) SI_UNIT ( $, .STERADIAN. ) SOLID_ANGLE_UNIT ( ) );
#5405 = AXIS2_PLACEMENT_3D ( 'NONE', #308, #1155, #5383 ) ;
#5406 = CARTESIAN_POINT ( 'NONE',  ( 1500.000000000000000, 0.000000000000000000, -380.0000000000000000 ) ) ;
#5407 = ORIENTED_EDGE ( 'NONE', *, *, #3940, .F. ) ;
#5408 = ORIENTED_EDGE ( 'NONE', *, *, #3951, .F. ) ;
#5409 = CARTESIAN_POINT ( 'NONE',  ( -100.0000000000000000, 0.000000000000000000, 280.0000000000000000 ) ) ;
#5410 = VECTOR ( 'NONE', #5375, 1000.000000000000000 ) ;
#5411 = CARTESIAN_POINT ( 'NONE',  ( 1503.120971213320217, 134.9639193958356884, -301.0000000000000568 ) ) ;
#5412 = ADVANCED_FACE ( 'NONE', ( #5306 ), #3500, .T. ) ;
#5413 = VERTEX_POINT ( 'NONE', #1265 ) ;
#5414 = PLANE ( 'NONE',  #4324 ) ;
#5415 = CARTESIAN_POINT ( 'NONE',  ( 0.000000000000000000, 0.000000000000000000, 300.0000000000000000 ) ) ;
#5416 = DIRECTION ( 'NONE',  ( -2.127812435020657618E-15, -0.000000000000000000, -1.000000000000000000 ) ) ;
#5417 = COLOUR_RGB ( '',1.000000000000000000, 1.000000000000000000, 0.000000000000000000 ) ;
#5418 = PRESENTATION_LAYER_ASSIGNMENT (  '', '', ( #4957 ) ) ;
#5419 = LINE ( 'NONE', #2213, #2045 ) ;
#5420 = CARTESIAN_POINT ( 'NONE',  ( -40.80756529893636753, -49.02021348074790552, 300.0000000000000000 ) ) ;
#5421 = ORIENTED_EDGE ( 'NONE', *, *, #1035, .T. ) ;
#5422 = FACE_OUTER_BOUND ( 'NONE', #5116, .T. ) ;
#5423 = CARTESIAN_POINT ( 'NONE',  ( 1482.439811145854264, 19.24254134127678739, 380.0000000000000000 ) ) ;
#5424 = EDGE_CURVE ( 'NONE', #2135, #3046, #3622, .T. ) ;
#5425 = CARTESIAN_POINT ( 'NONE',  ( 1500.000000000000000, 100.0000000000000000, 280.0000000000000000 ) ) ;
#5426 =( LENGTH_UNIT ( ) NAMED_UNIT ( * ) SI_UNIT ( .MILLI., .METRE. ) );
#5427 = EDGE_LOOP ( 'NONE', ( #3214, #3810, #4500, #2404 ) ) ;
#5428 = ORIENTED_EDGE ( 'NONE', *, *, #3557, .F. ) ;
#5429 = ADVANCED_FACE ( 'NONE', ( #4333 ), #313, .T. ) ;
#5430 = PRESENTATION_LAYER_ASSIGNMENT (  '', '', ( #1529 ) ) ;
#5431 = SURFACE_STYLE_FILL_AREA ( #4564 ) ;
#5432 = CARTESIAN_POINT ( 'NONE',  ( 1461.353739672122629, -49.02021348074790552, -330.0000000000000000 ) ) ;
#5433 = EDGE_CURVE ( 'NONE', #3135, #3324, #2210, .T. ) ;
#5434 = UNCERTAINTY_MEASURE_WITH_UNIT (LENGTH_MEASURE( 1.000000000000000082E-05 ), #2650, 'distance_accuracy_value', 'NONE');
#5435 = PLANE ( 'NONE',  #3981 ) ;
#5436 = VECTOR ( 'NONE', #1786, 1000.000000000000000 ) ;
#5437 = AXIS2_PLACEMENT_3D ( 'NONE', #1699, #3809, #4214 ) ;
#5438 = ADVANCED_FACE ( 'NONE', ( #1039 ), #2070, .F. ) ;
#5439 = CARTESIAN_POINT ( 'NONE',  ( 715.9415165299158161, 91.61245815494616807, -24.55957348493365089 ) ) ;
#5440 =( NAMED_UNIT ( * ) SI_UNIT ( $, .STERADIAN. ) SOLID_ANGLE_UNIT ( ) );
#5441 = COLOUR_RGB ( '',0.7921568627450980005, 0.8196078431372548767, 0.9333333333333333481 ) ;
#5442 = FACE_OUTER_BOUND ( 'NONE', #2361, .T. ) ;
#5443 = DIRECTION ( 'NONE',  ( -0.000000000000000000, -0.000000000000000000, -1.000000000000000000 ) ) ;
#5444 = AXIS2_PLACEMENT_3D ( 'NONE', #568, #1850, #1793 ) ;
#5445 = LINE ( 'NONE', #5508, #4457 ) ;
#5446 = DIRECTION ( 'NONE',  ( 0.000000000000000000, -1.000000000000000000, 0.000000000000000000 ) ) ;
#5447 = VERTEX_POINT ( 'NONE', #86 ) ;
#5448 = VECTOR ( 'NONE', #212, 1000.000000000000000 ) ;
#5449 = CIRCLE ( 'NONE', #3168, 30.00000000000002842 ) ;
#5450 = ORIENTED_EDGE ( 'NONE', *, *, #108, .T. ) ;
#5451 = LINE ( 'NONE', #132, #4528 ) ;
#5452 = ORIENTED_EDGE ( 'NONE', *, *, #1086, .F. ) ;
#5453 = ORIENTED_EDGE ( 'NONE', *, *, #2265, .T. ) ;
#5454 = ADVANCED_FACE ( 'NONE', ( #4835 ), #895, .F. ) ;
#5455 =( NAMED_UNIT ( * ) SI_UNIT ( $, .STERADIAN. ) SOLID_ANGLE_UNIT ( ) );
#5456 = SURFACE_STYLE_FILL_AREA ( #3398 ) ;
#5457 = ORIENTED_EDGE ( 'NONE', *, *, #3485, .F. ) ;
#5458 = ORIENTED_EDGE ( 'NONE', *, *, #165, .F. ) ;
#5459 = CARTESIAN_POINT ( 'NONE',  ( 818.8953879297326921, -49.02021348074790552, 300.0000000000000000 ) ) ;
#5460 = CARTESIAN_POINT ( 'NONE',  ( 571.9891335774856316, 91.61245815494616807, 123.7175590866630159 ) ) ;
#5461 = ORIENTED_EDGE ( 'NONE', *, *, #1920, .T. ) ;
#5462 = AXIS2_PLACEMENT_3D ( 'NONE', #4767, #2263, #5214 ) ;
#5463 = ORIENTED_EDGE ( 'NONE', *, *, #3485, .T. ) ;
#5464 = LINE ( 'NONE', #3634, #487 ) ;
#5465 = SURFACE_SIDE_STYLE ('',( #886 ) ) ;
#5466 = ORIENTED_EDGE ( 'NONE', *, *, #844, .F. ) ;
#5467 = ADVANCED_FACE ( 'NONE', ( #1929 ), #1863, .T. ) ;
#5468 = EDGE_CURVE ( 'NONE', #3656, #2946, #705, .T. ) ;
#5469 = ORIENTED_EDGE ( 'NONE', *, *, #1015, .T. ) ;
#5470 = SURFACE_SIDE_STYLE ('',( #3895 ) ) ;
#5471 = FACE_OUTER_BOUND ( 'NONE', #4094, .T. ) ;
#5472 = DIRECTION ( 'NONE',  ( -0.000000000000000000, -0.000000000000000000, 1.000000000000000000 ) ) ;
#5473 = ORIENTED_EDGE ( 'NONE', *, *, #4111, .F. ) ;
#5474 = AXIS2_PLACEMENT_3D ( 'NONE', #1156, #1633, #3378 ) ;
#5475 = CARTESIAN_POINT ( 'NONE',  ( 664.0137346702906598, -727.6295173529550766, -300.0000000000000000 ) ) ;
#5476 = CLOSED_SHELL ( 'NONE', ( #531, #304, #1287, #3343, #2206, #867 ) ) ;
#5477 = LINE ( 'NONE', #1973, #5410 ) ;
#5478 = DIRECTION ( 'NONE',  ( -1.000000000000000000, 0.000000000000000000, 0.000000000000000000 ) ) ;
#5479 = DIRECTION ( 'NONE',  ( 0.000000000000000000, 0.000000000000000000, 1.000000000000000000 ) ) ;
#5480 = PLANE ( 'NONE',  #121 ) ;
#5481 = ORIENTED_EDGE ( 'NONE', *, *, #953, .F. ) ;
#5482 = ORIENTED_EDGE ( 'NONE', *, *, #4682, .T. ) ;
#5483 = DIRECTION ( 'NONE',  ( -1.000000000000000000, -0.000000000000000000, -0.000000000000000000 ) ) ;
#5484 = CARTESIAN_POINT ( 'NONE',  ( 1500.000000000000000, 0.000000000000000000, -301.0000000000000568 ) ) ;
#5485 = ORIENTED_EDGE ( 'NONE', *, *, #1439, .T. ) ;
#5486 = DIRECTION ( 'NONE',  ( 0.000000000000000000, 0.000000000000000000, 1.000000000000000000 ) ) ;
#5487 = EDGE_CURVE ( 'NONE', #4661, #4357, #4698, .T. ) ;
#5488 = ADVANCED_FACE ( 'NONE', ( #1184 ), #462, .F. ) ;
#5489 = FILL_AREA_STYLE_COLOUR ( '', #76 ) ;
#5490 = LINE ( 'NONE', #921, #2127 ) ;
#5491 = VECTOR ( 'NONE', #1492, 1000.000000000000000 ) ;
#5492 = CARTESIAN_POINT ( 'NONE',  ( 619.2314678319288532, 91.61245815494616807, 175.8942926348141782 ) ) ;
#5493 = STYLED_ITEM ( 'NONE', ( #178 ), #867 ) ;
#5494 = ADVANCED_FACE ( 'NONE', ( #986 ), #1351, .T. ) ;
#5495 = DIRECTION ( 'NONE',  ( 0.7703400663434777362, 0.6376332662165034026, 0.000000000000000000 ) ) ;
#5496 = SURFACE_STYLE_USAGE ( .BOTH. , #5080 ) ;
#5497 = PRESENTATION_LAYER_ASSIGNMENT (  '', '', ( #2180 ) ) ;
#5498 = ORIENTED_EDGE ( 'NONE', *, *, #4262, .T. ) ;
#5499 = DIRECTION ( 'NONE',  ( -0.000000000000000000, 1.000000000000000000, -0.000000000000000000 ) ) ;
#5500 = EDGE_CURVE ( 'NONE', #4735, #2212, #1452, .T. ) ;
#5501 = LINE ( 'NONE', #3924, #306 ) ;
#5502 = FILL_AREA_STYLE ('',( #2610 ) ) ;
#5503 = UNCERTAINTY_MEASURE_WITH_UNIT (LENGTH_MEASURE( 1.000000000000000082E-05 ), #4298, 'distance_accuracy_value', 'NONE');
#5504 = MECHANICAL_DESIGN_GEOMETRIC_PRESENTATION_REPRESENTATION (  '', ( #1529 ), #2527 ) ;
#5505 = ORIENTED_EDGE ( 'NONE', *, *, #3687, .F. ) ;
#5506 = CARTESIAN_POINT ( 'NONE',  ( 1250.369833262022439, 70.00000000000000000, -300.0000000000000000 ) ) ;
#5507 = EDGE_CURVE ( 'NONE', #5447, #3226, #3109, .T. ) ;
#5508 = CARTESIAN_POINT ( 'NONE',  ( 571.9891335774856316, 89.61245815494616807, -175.8942926348141498 ) ) ;
#5509 = EDGE_CURVE ( 'NONE', #1054, #3442, #246, .T. ) ;
#5510 =( GEOMETRIC_REPRESENTATION_CONTEXT ( 3 ) GLOBAL_UNCERTAINTY_ASSIGNED_CONTEXT ( ( #1067 ) ) GLOBAL_UNIT_ASSIGNED_CONTEXT ( ( #3049, #4312, #5160 ) ) REPRESENTATION_CONTEXT ( 'NONE', 'WORKASPACE' ) );
ENDSEC;
END-ISO-10303-21;
